2024-11-22 22:43:25,568 - INFO - Started scraping 0 listings.

2024-11-22 22:43:25,570 - INFO - Finished scraping 0 listings.

2024-11-22 22:43:25,570 - INFO - Scrape nr: 1 was finished, yielding 0 new listings. Taking 0:00:00.002717

2024-11-23 04:59:05,194 - INFO - 10500, listing Ids scraped and saved in: 0:04:05.892826
2024-11-23 04:59:05,213 - INFO - Started scraping 4 listings.

2024-11-23 04:59:08,524 - INFO - Finished scraping 4 listings.

2024-11-23 04:59:08,525 - INFO - Scrape nr: 1 was finished, yielding 4 new listings. Taking 0:00:03.311671

2024-11-23 23:08:08,317 - INFO - 10345, listing Ids scraped and saved in: 0:03:57.594795
2024-11-23 23:08:08,586 - INFO - Started scraping 42 listings.

2024-11-23 23:08:40,532 - INFO - Finished scraping 42 listings.

2024-11-23 23:08:40,532 - INFO - Scrape nr: 1 was finished, yielding 42 new listings. Taking 0:00:31.946256

2024-11-24 15:28:07,622 - INFO - 10327, listing Ids scraped and saved in: 0:03:49.778601
2024-11-24 15:28:07,628 - INFO - Started scraping 22 listings.
2024-11-24 15:28:24,502 - INFO - Finished scraping 22 listings.
2024-11-24 15:28:24,502 - INFO - Scrape nr: 1 was finished, yielding 22 new listings. Taking 0:00:16.874537

2024-11-24 15:32:34,339 - INFO - 10327, listing Ids scraped and saved in: 0:03:50.308826
2024-11-24 15:32:34,349 - INFO - Started scraping 2 listings.
2024-11-24 15:32:35,827 - INFO - Finished scraping 2 listings.
2024-11-24 15:32:35,827 - INFO - Scrape nr: 1 was finished, yielding 2 new listings. Taking 0:00:01.478889

2025-07-29 22:18:07,324 - ERROR - An error occurred while fetching ids (start/stop):(6900/10893): Message: Failed to decode response from marionette

2025-07-29 22:18:07,325 - ERROR - An error occurred while fetching ids (start/stop):(6950/10893): Message: Tried to run command without establishing a connection

2025-07-29 22:18:07,327 - ERROR - An error occurred while fetching ids (start/stop):(7000/10893): Message: Tried to run command without establishing a connection

2025-07-29 22:18:07,328 - ERROR - An error occurred while fetching ids (start/stop):(7050/10893): Message: Tried to run command without establishing a connection

2025-07-29 22:18:07,329 - ERROR - An error occurred while fetching ids (start/stop):(7100/10893): Message: Tried to run command without establishing a connection

2025-07-29 22:18:07,329 - ERROR - An error occurred while fetching ids (start/stop):(7150/10893): Message: Tried to run command without establishing a connection

2025-07-29 22:18:07,330 - ERROR - An error occurred while fetching ids (start/stop):(7200/10893): Message: Tried to run command without establishing a connection

2025-07-29 22:18:07,331 - ERROR - An error occurred while fetching ids (start/stop):(7250/10893): Message: Tried to run command without establishing a connection

2025-07-29 22:18:07,332 - ERROR - An error occurred while fetching ids (start/stop):(7300/10893): Message: Tried to run command without establishing a connection

2025-07-29 22:18:07,333 - ERROR - An error occurred while fetching ids (start/stop):(7350/10893): Message: Tried to run command without establishing a connection

2025-07-29 22:18:07,334 - ERROR - An error occurred while fetching ids (start/stop):(7400/10893): Message: Tried to run command without establishing a connection

2025-07-29 22:18:07,335 - ERROR - An error occurred while fetching ids (start/stop):(7450/10893): Message: Tried to run command without establishing a connection

2025-07-29 22:18:07,335 - ERROR - An error occurred while fetching ids (start/stop):(7500/10893): Message: Tried to run command without establishing a connection

2025-07-29 22:18:07,336 - ERROR - An error occurred while fetching ids (start/stop):(7550/10893): Message: Tried to run command without establishing a connection

2025-07-29 22:18:07,337 - ERROR - An error occurred while fetching ids (start/stop):(7600/10893): Message: Tried to run command without establishing a connection

2025-07-29 22:18:07,338 - ERROR - An error occurred while fetching ids (start/stop):(7650/10893): Message: Tried to run command without establishing a connection

2025-07-29 22:18:07,339 - ERROR - An error occurred while fetching ids (start/stop):(7700/10893): Message: Tried to run command without establishing a connection

2025-07-29 22:18:07,339 - ERROR - An error occurred while fetching ids (start/stop):(7750/10893): Message: Tried to run command without establishing a connection

2025-07-29 22:18:07,340 - ERROR - An error occurred while fetching ids (start/stop):(7800/10893): Message: Tried to run command without establishing a connection

2025-07-29 22:18:07,341 - ERROR - An error occurred while fetching ids (start/stop):(7850/10893): Message: Tried to run command without establishing a connection

2025-07-29 22:18:07,342 - ERROR - An error occurred while fetching ids (start/stop):(7900/10893): Message: Tried to run command without establishing a connection

2025-07-29 22:18:07,342 - ERROR - An error occurred while fetching ids (start/stop):(7950/10893): Message: Tried to run command without establishing a connection

2025-07-29 22:18:07,343 - ERROR - An error occurred while fetching ids (start/stop):(8000/10893): Message: Tried to run command without establishing a connection

2025-07-29 22:18:07,344 - ERROR - An error occurred while fetching ids (start/stop):(8050/10893): Message: Tried to run command without establishing a connection

2025-07-29 22:18:07,344 - ERROR - An error occurred while fetching ids (start/stop):(8100/10893): Message: Tried to run command without establishing a connection

2025-07-29 22:18:07,345 - ERROR - An error occurred while fetching ids (start/stop):(8150/10893): Message: Tried to run command without establishing a connection

2025-07-29 22:18:07,346 - ERROR - An error occurred while fetching ids (start/stop):(8200/10893): Message: Tried to run command without establishing a connection

2025-07-29 22:18:07,347 - ERROR - An error occurred while fetching ids (start/stop):(8250/10893): Message: Tried to run command without establishing a connection

2025-07-29 22:18:07,347 - ERROR - An error occurred while fetching ids (start/stop):(8300/10893): Message: Tried to run command without establishing a connection

2025-07-29 22:18:07,348 - ERROR - An error occurred while fetching ids (start/stop):(8350/10893): Message: Tried to run command without establishing a connection

2025-07-29 22:18:07,349 - ERROR - An error occurred while fetching ids (start/stop):(8400/10893): Message: Tried to run command without establishing a connection

2025-07-29 22:18:07,350 - ERROR - An error occurred while fetching ids (start/stop):(8450/10893): Message: Tried to run command without establishing a connection

2025-07-29 22:18:07,350 - ERROR - An error occurred while fetching ids (start/stop):(8500/10893): Message: Tried to run command without establishing a connection

2025-07-29 22:18:07,351 - ERROR - An error occurred while fetching ids (start/stop):(8550/10893): Message: Tried to run command without establishing a connection

2025-07-29 22:18:07,352 - ERROR - An error occurred while fetching ids (start/stop):(8600/10893): Message: Tried to run command without establishing a connection

2025-07-29 22:18:07,352 - ERROR - An error occurred while fetching ids (start/stop):(8650/10893): Message: Tried to run command without establishing a connection

2025-07-29 22:18:07,353 - ERROR - An error occurred while fetching ids (start/stop):(8700/10893): Message: Tried to run command without establishing a connection

2025-07-29 22:18:07,354 - ERROR - An error occurred while fetching ids (start/stop):(8750/10893): Message: Tried to run command without establishing a connection

2025-07-29 22:18:07,355 - ERROR - An error occurred while fetching ids (start/stop):(8800/10893): Message: Tried to run command without establishing a connection

2025-07-29 22:18:07,355 - ERROR - An error occurred while fetching ids (start/stop):(8850/10893): Message: Tried to run command without establishing a connection

2025-07-29 22:18:07,356 - ERROR - An error occurred while fetching ids (start/stop):(8900/10893): Message: Tried to run command without establishing a connection

2025-07-29 22:18:07,357 - ERROR - An error occurred while fetching ids (start/stop):(8950/10893): Message: Tried to run command without establishing a connection

2025-07-29 22:18:07,358 - ERROR - An error occurred while fetching ids (start/stop):(9000/10893): Message: Tried to run command without establishing a connection

2025-07-29 22:18:07,358 - ERROR - An error occurred while fetching ids (start/stop):(9050/10893): Message: Tried to run command without establishing a connection

2025-07-29 22:18:07,359 - ERROR - An error occurred while fetching ids (start/stop):(9100/10893): Message: Tried to run command without establishing a connection

2025-07-29 22:18:07,360 - ERROR - An error occurred while fetching ids (start/stop):(9150/10893): Message: Tried to run command without establishing a connection

2025-07-29 22:18:07,360 - ERROR - An error occurred while fetching ids (start/stop):(9200/10893): Message: Tried to run command without establishing a connection

2025-07-29 22:18:07,361 - ERROR - An error occurred while fetching ids (start/stop):(9250/10893): Message: Tried to run command without establishing a connection

2025-07-29 22:18:07,362 - ERROR - An error occurred while fetching ids (start/stop):(9300/10893): Message: Tried to run command without establishing a connection

2025-07-29 22:18:07,363 - ERROR - An error occurred while fetching ids (start/stop):(9350/10893): Message: Tried to run command without establishing a connection

2025-07-29 22:18:07,363 - ERROR - An error occurred while fetching ids (start/stop):(9400/10893): Message: Tried to run command without establishing a connection

2025-07-29 22:18:07,364 - ERROR - An error occurred while fetching ids (start/stop):(9450/10893): Message: Tried to run command without establishing a connection

2025-07-29 22:18:07,365 - ERROR - An error occurred while fetching ids (start/stop):(9500/10893): Message: Tried to run command without establishing a connection

2025-07-29 22:18:07,365 - ERROR - An error occurred while fetching ids (start/stop):(9550/10893): Message: Tried to run command without establishing a connection

2025-07-29 22:18:07,366 - ERROR - An error occurred while fetching ids (start/stop):(9600/10893): Message: Tried to run command without establishing a connection

2025-07-29 22:18:07,367 - ERROR - An error occurred while fetching ids (start/stop):(9650/10893): Message: Tried to run command without establishing a connection

2025-07-29 22:18:07,368 - ERROR - An error occurred while fetching ids (start/stop):(9700/10893): Message: Tried to run command without establishing a connection

2025-07-29 22:18:07,368 - ERROR - An error occurred while fetching ids (start/stop):(9750/10893): Message: Tried to run command without establishing a connection

2025-07-29 22:18:07,369 - ERROR - An error occurred while fetching ids (start/stop):(9800/10893): Message: Tried to run command without establishing a connection

2025-07-29 22:18:07,370 - ERROR - An error occurred while fetching ids (start/stop):(9850/10893): Message: Tried to run command without establishing a connection

2025-07-29 22:18:07,371 - ERROR - An error occurred while fetching ids (start/stop):(9900/10893): Message: Tried to run command without establishing a connection

2025-07-29 22:18:07,371 - ERROR - An error occurred while fetching ids (start/stop):(9950/10893): Message: Tried to run command without establishing a connection

2025-07-29 22:18:07,372 - ERROR - An error occurred while fetching ids (start/stop):(10000/10893): Message: Tried to run command without establishing a connection

2025-07-29 22:18:07,373 - ERROR - An error occurred while fetching ids (start/stop):(10050/10893): Message: Tried to run command without establishing a connection

2025-07-29 22:18:07,374 - ERROR - An error occurred while fetching ids (start/stop):(10100/10893): Message: Tried to run command without establishing a connection

2025-07-29 22:18:07,374 - ERROR - An error occurred while fetching ids (start/stop):(10150/10893): Message: Tried to run command without establishing a connection

2025-07-29 22:18:07,375 - ERROR - An error occurred while fetching ids (start/stop):(10200/10893): Message: Tried to run command without establishing a connection

2025-07-29 22:18:07,376 - ERROR - An error occurred while fetching ids (start/stop):(10250/10893): Message: Tried to run command without establishing a connection

2025-07-29 22:18:07,377 - ERROR - An error occurred while fetching ids (start/stop):(10300/10893): Message: Tried to run command without establishing a connection

2025-07-29 22:18:07,377 - ERROR - An error occurred while fetching ids (start/stop):(10350/10893): Message: Tried to run command without establishing a connection

2025-07-29 22:18:07,378 - ERROR - An error occurred while fetching ids (start/stop):(10400/10893): Message: Tried to run command without establishing a connection

2025-07-29 22:18:07,379 - ERROR - An error occurred while fetching ids (start/stop):(10450/10893): Message: Tried to run command without establishing a connection

2025-07-29 22:18:07,380 - ERROR - An error occurred while fetching ids (start/stop):(10500/10893): Message: Tried to run command without establishing a connection

2025-07-29 22:18:07,380 - ERROR - An error occurred while fetching ids (start/stop):(10550/10893): Message: Tried to run command without establishing a connection

2025-07-29 22:18:07,381 - ERROR - An error occurred while fetching ids (start/stop):(10600/10893): Message: Tried to run command without establishing a connection

2025-07-29 22:18:07,382 - ERROR - An error occurred while fetching ids (start/stop):(10650/10893): Message: Tried to run command without establishing a connection

2025-07-29 22:18:07,382 - ERROR - An error occurred while fetching ids (start/stop):(10700/10893): Message: Tried to run command without establishing a connection

2025-07-29 22:18:07,383 - ERROR - An error occurred while fetching ids (start/stop):(10750/10893): Message: Tried to run command without establishing a connection

2025-07-29 22:18:07,384 - ERROR - An error occurred while fetching ids (start/stop):(10800/10893): Message: Tried to run command without establishing a connection

2025-07-29 22:18:07,385 - ERROR - An error occurred while fetching ids (start/stop):(10850/10893): Message: Tried to run command without establishing a connection

2025-07-29 22:18:07,385 - INFO - 10893, listing Ids scraped and saved in: 0:02:33.234273
2025-07-29 22:18:07,391 - INFO - Started scraping 4762 listings.
2025-07-29 22:18:07,392 - ERROR - An error occurred while fetching listing 3764464: Message: Tried to run command without establishing a connection

2025-07-29 22:18:07,393 - ERROR - An error occurred while fetching listing 3731551: Message: Tried to run command without establishing a connection

2025-07-29 22:18:07,394 - ERROR - An error occurred while fetching listing 3731961: Message: Tried to run command without establishing a connection

2025-07-29 22:18:07,395 - ERROR - An error occurred while fetching listing 3749383: Message: Tried to run command without establishing a connection

2025-07-29 22:18:07,395 - ERROR - An error occurred while fetching listing 3766368: Message: Tried to run command without establishing a connection

2025-07-29 22:18:07,396 - ERROR - An error occurred while fetching listing 3734144: Message: Tried to run command without establishing a connection

2025-07-29 22:18:07,397 - ERROR - An error occurred while fetching listing 3745113: Message: Tried to run command without establishing a connection

2025-07-29 22:18:07,397 - ERROR - An error occurred while fetching listing 3760535: Message: Tried to run command without establishing a connection

2025-07-29 22:18:07,398 - ERROR - An error occurred while fetching listing 3740423: Message: Tried to run command without establishing a connection

2025-07-29 22:18:07,399 - ERROR - An error occurred while fetching listing 3748475: Message: Tried to run command without establishing a connection

2025-07-29 22:18:07,400 - ERROR - An error occurred while fetching listing 3761076: Message: Tried to run command without establishing a connection

2025-07-29 22:18:07,401 - ERROR - An error occurred while fetching listing 3752118: Message: Tried to run command without establishing a connection

2025-07-29 22:18:07,401 - ERROR - An error occurred while fetching listing 3754691: Message: Tried to run command without establishing a connection

2025-07-29 22:18:07,402 - ERROR - An error occurred while fetching listing 3765116: Message: Tried to run command without establishing a connection

2025-07-29 22:18:07,403 - ERROR - An error occurred while fetching listing 3764315: Message: Tried to run command without establishing a connection

2025-07-29 22:18:07,403 - ERROR - An error occurred while fetching listing 3742766: Message: Tried to run command without establishing a connection

2025-07-29 22:18:07,404 - ERROR - An error occurred while fetching listing 3763549: Message: Tried to run command without establishing a connection

2025-07-29 22:18:07,405 - ERROR - An error occurred while fetching listing 3762050: Message: Tried to run command without establishing a connection

2025-07-29 22:18:07,405 - ERROR - An error occurred while fetching listing 3761675: Message: Tried to run command without establishing a connection

2025-07-29 22:18:07,406 - ERROR - An error occurred while fetching listing 3573760: Message: Tried to run command without establishing a connection

2025-07-29 22:18:07,407 - ERROR - An error occurred while fetching listing 3755448: Message: Tried to run command without establishing a connection

2025-07-29 22:18:07,408 - ERROR - An error occurred while fetching listing 3764429: Message: Tried to run command without establishing a connection

2025-07-29 22:18:07,408 - ERROR - An error occurred while fetching listing 3762922: Message: Tried to run command without establishing a connection

2025-07-29 22:18:07,409 - ERROR - An error occurred while fetching listing 3764124: Message: Tried to run command without establishing a connection

2025-07-29 22:18:07,410 - ERROR - An error occurred while fetching listing 3765399: Message: Tried to run command without establishing a connection

2025-07-29 22:18:07,411 - ERROR - An error occurred while fetching listing 3751750: Message: Tried to run command without establishing a connection

2025-07-29 22:18:07,411 - ERROR - An error occurred while fetching listing 3761003: Message: Tried to run command without establishing a connection

2025-07-29 22:18:07,412 - ERROR - An error occurred while fetching listing 3760465: Message: Tried to run command without establishing a connection

2025-07-29 22:18:07,413 - ERROR - An error occurred while fetching listing 3745657: Message: Tried to run command without establishing a connection

2025-07-29 22:18:07,413 - ERROR - An error occurred while fetching listing 3741161: Message: Tried to run command without establishing a connection

2025-07-29 22:18:07,414 - ERROR - An error occurred while fetching listing 3753178: Message: Tried to run command without establishing a connection

2025-07-29 22:18:07,415 - ERROR - An error occurred while fetching listing 3757449: Message: Tried to run command without establishing a connection

2025-07-29 22:18:07,416 - ERROR - An error occurred while fetching listing 3733820: Message: Tried to run command without establishing a connection

2025-07-29 22:18:07,417 - ERROR - An error occurred while fetching listing 3728064: Message: Tried to run command without establishing a connection

2025-07-29 22:18:07,418 - ERROR - An error occurred while fetching listing 3751778: Message: Tried to run command without establishing a connection

2025-07-29 22:18:07,418 - ERROR - An error occurred while fetching listing 3745402: Message: Tried to run command without establishing a connection

2025-07-29 22:18:07,419 - ERROR - An error occurred while fetching listing 3753706: Message: Tried to run command without establishing a connection

2025-07-29 22:18:07,420 - ERROR - An error occurred while fetching listing 3741367: Message: Tried to run command without establishing a connection

2025-07-29 22:18:07,421 - ERROR - An error occurred while fetching listing 3750321: Message: Tried to run command without establishing a connection

2025-07-29 22:18:07,422 - ERROR - An error occurred while fetching listing 3750004: Message: Tried to run command without establishing a connection

2025-07-29 22:18:07,422 - ERROR - An error occurred while fetching listing 3764962: Message: Tried to run command without establishing a connection

2025-07-29 22:18:07,423 - ERROR - An error occurred while fetching listing 3515439: Message: Tried to run command without establishing a connection

2025-07-29 22:18:07,424 - ERROR - An error occurred while fetching listing 3763196: Message: Tried to run command without establishing a connection

2025-07-29 22:18:07,425 - ERROR - An error occurred while fetching listing 3725917: Message: Tried to run command without establishing a connection

2025-07-29 22:18:07,425 - ERROR - An error occurred while fetching listing 3746879: Message: Tried to run command without establishing a connection

2025-07-29 22:18:07,426 - ERROR - An error occurred while fetching listing 3758179: Message: Tried to run command without establishing a connection

2025-07-29 22:18:07,427 - ERROR - An error occurred while fetching listing 3758363: Message: Tried to run command without establishing a connection

2025-07-29 22:18:07,427 - ERROR - An error occurred while fetching listing 3619037: Message: Tried to run command without establishing a connection

2025-07-29 22:18:07,428 - ERROR - An error occurred while fetching listing 3754675: Message: Tried to run command without establishing a connection

2025-07-29 22:18:07,429 - ERROR - An error occurred while fetching listing 3766922: Message: Tried to run command without establishing a connection

2025-07-29 22:18:07,430 - ERROR - An error occurred while fetching listing 3750316: Message: Tried to run command without establishing a connection

2025-07-29 22:18:07,430 - ERROR - An error occurred while fetching listing 3448404: Message: Tried to run command without establishing a connection

2025-07-29 22:18:07,431 - ERROR - An error occurred while fetching listing 3745124: Message: Tried to run command without establishing a connection

2025-07-29 22:18:07,432 - ERROR - An error occurred while fetching listing 3757017: Message: Tried to run command without establishing a connection

2025-07-29 22:18:07,432 - ERROR - An error occurred while fetching listing 3759748: Message: Tried to run command without establishing a connection

2025-07-29 22:18:07,433 - ERROR - An error occurred while fetching listing 3747551: Message: Tried to run command without establishing a connection

2025-07-29 22:18:07,434 - ERROR - An error occurred while fetching listing 3746982: Message: Tried to run command without establishing a connection

2025-07-29 22:18:07,435 - ERROR - An error occurred while fetching listing 3765727: Message: Tried to run command without establishing a connection

2025-07-29 22:18:07,436 - ERROR - An error occurred while fetching listing 3725294: Message: Tried to run command without establishing a connection

2025-07-29 22:18:07,436 - ERROR - An error occurred while fetching listing 3766136: Message: Tried to run command without establishing a connection

2025-07-29 22:18:07,437 - ERROR - An error occurred while fetching listing 3347812: Message: Tried to run command without establishing a connection

2025-07-29 22:18:07,438 - ERROR - An error occurred while fetching listing 3756608: Message: Tried to run command without establishing a connection

2025-07-29 22:18:07,439 - ERROR - An error occurred while fetching listing 3740251: Message: Tried to run command without establishing a connection

2025-07-29 22:18:07,440 - ERROR - An error occurred while fetching listing 3759196: Message: Tried to run command without establishing a connection

2025-07-29 22:18:07,441 - ERROR - An error occurred while fetching listing 3760916: Message: Tried to run command without establishing a connection

2025-07-29 22:18:07,441 - ERROR - An error occurred while fetching listing 3767015: Message: Tried to run command without establishing a connection

2025-07-29 22:18:07,442 - ERROR - An error occurred while fetching listing 3746563: Message: Tried to run command without establishing a connection

2025-07-29 22:18:07,443 - ERROR - An error occurred while fetching listing 3753944: Message: Tried to run command without establishing a connection

2025-07-29 22:18:07,444 - ERROR - An error occurred while fetching listing 3754293: Message: Tried to run command without establishing a connection

2025-07-29 22:18:07,444 - ERROR - An error occurred while fetching listing 3734118: Message: Tried to run command without establishing a connection

2025-07-29 22:18:07,445 - ERROR - An error occurred while fetching listing 3632289: Message: Tried to run command without establishing a connection

2025-07-29 22:18:07,446 - ERROR - An error occurred while fetching listing 3761711: Message: Tried to run command without establishing a connection

2025-07-29 22:18:07,446 - ERROR - An error occurred while fetching listing 3735176: Message: Tried to run command without establishing a connection

2025-07-29 22:18:07,447 - ERROR - An error occurred while fetching listing 3767741: Message: Tried to run command without establishing a connection

2025-07-29 22:18:07,448 - ERROR - An error occurred while fetching listing 3735385: Message: Tried to run command without establishing a connection

2025-07-29 22:18:07,449 - ERROR - An error occurred while fetching listing 3763733: Message: Tried to run command without establishing a connection

2025-07-29 22:18:07,449 - ERROR - An error occurred while fetching listing 3729516: Message: Tried to run command without establishing a connection

2025-07-29 22:18:07,450 - ERROR - An error occurred while fetching listing 3764543: Message: Tried to run command without establishing a connection

2025-07-29 22:18:07,451 - ERROR - An error occurred while fetching listing 3768265: Message: Tried to run command without establishing a connection

2025-07-29 22:18:07,452 - ERROR - An error occurred while fetching listing 3760592: Message: Tried to run command without establishing a connection

2025-07-29 22:18:07,452 - ERROR - An error occurred while fetching listing 3744734: Message: Tried to run command without establishing a connection

2025-07-29 22:18:07,453 - ERROR - An error occurred while fetching listing 3740372: Message: Tried to run command without establishing a connection

2025-07-29 22:18:07,454 - ERROR - An error occurred while fetching listing 3763438: Message: Tried to run command without establishing a connection

2025-07-29 22:18:07,455 - ERROR - An error occurred while fetching listing 3733947: Message: Tried to run command without establishing a connection

2025-07-29 22:18:07,455 - ERROR - An error occurred while fetching listing 3753613: Message: Tried to run command without establishing a connection

2025-07-29 22:18:07,456 - ERROR - An error occurred while fetching listing 3764492: Message: Tried to run command without establishing a connection

2025-07-29 22:18:07,457 - ERROR - An error occurred while fetching listing 3758253: Message: Tried to run command without establishing a connection

2025-07-29 22:18:07,458 - ERROR - An error occurred while fetching listing 3757865: Message: Tried to run command without establishing a connection

2025-07-29 22:18:07,458 - ERROR - An error occurred while fetching listing 3756840: Message: Tried to run command without establishing a connection

2025-07-29 22:18:07,459 - ERROR - An error occurred while fetching listing 3738709: Message: Tried to run command without establishing a connection

2025-07-29 22:18:07,460 - ERROR - An error occurred while fetching listing 3744415: Message: Tried to run command without establishing a connection

2025-07-29 22:18:07,460 - ERROR - An error occurred while fetching listing 3740645: Message: Tried to run command without establishing a connection

2025-07-29 22:18:07,461 - ERROR - An error occurred while fetching listing 3766350: Message: Tried to run command without establishing a connection

2025-07-29 22:18:07,462 - ERROR - An error occurred while fetching listing 3740410: Message: Tried to run command without establishing a connection

2025-07-29 22:18:07,463 - ERROR - An error occurred while fetching listing 3765018: Message: Tried to run command without establishing a connection

2025-07-29 22:18:07,463 - ERROR - An error occurred while fetching listing 3763929: Message: Tried to run command without establishing a connection

2025-07-29 22:18:07,464 - ERROR - An error occurred while fetching listing 3761984: Message: Tried to run command without establishing a connection

2025-07-29 22:18:07,465 - ERROR - An error occurred while fetching listing 3765531: Message: Tried to run command without establishing a connection

2025-07-29 22:18:07,466 - ERROR - An error occurred while fetching listing 3734783: Message: Tried to run command without establishing a connection

2025-07-29 22:18:07,466 - ERROR - An error occurred while fetching listing 3737136: Message: Tried to run command without establishing a connection

2025-07-29 22:18:07,467 - ERROR - An error occurred while fetching listing 3569627: Message: Tried to run command without establishing a connection

2025-07-29 22:18:07,468 - ERROR - An error occurred while fetching listing 3726914: Message: Tried to run command without establishing a connection

2025-07-29 22:18:07,468 - ERROR - An error occurred while fetching listing 3725292: Message: Tried to run command without establishing a connection

2025-07-29 22:18:07,469 - ERROR - An error occurred while fetching listing 3739440: Message: Tried to run command without establishing a connection

2025-07-29 22:18:07,470 - ERROR - An error occurred while fetching listing 3753268: Message: Tried to run command without establishing a connection

2025-07-29 22:18:07,471 - ERROR - An error occurred while fetching listing 3743981: Message: Tried to run command without establishing a connection

2025-07-29 22:18:07,471 - ERROR - An error occurred while fetching listing 3762329: Message: Tried to run command without establishing a connection

2025-07-29 22:18:07,472 - ERROR - An error occurred while fetching listing 3748404: Message: Tried to run command without establishing a connection

2025-07-29 22:18:07,473 - ERROR - An error occurred while fetching listing 3757318: Message: Tried to run command without establishing a connection

2025-07-29 22:18:07,474 - ERROR - An error occurred while fetching listing 3761642: Message: Tried to run command without establishing a connection

2025-07-29 22:18:07,474 - ERROR - An error occurred while fetching listing 3734162: Message: Tried to run command without establishing a connection

2025-07-29 22:18:07,475 - ERROR - An error occurred while fetching listing 3709283: Message: Tried to run command without establishing a connection

2025-07-29 22:18:07,476 - ERROR - An error occurred while fetching listing 3759424: Message: Tried to run command without establishing a connection

2025-07-29 22:18:07,476 - ERROR - An error occurred while fetching listing 3764361: Message: Tried to run command without establishing a connection

2025-07-29 22:18:07,477 - ERROR - An error occurred while fetching listing 3744666: Message: Tried to run command without establishing a connection

2025-07-29 22:18:07,478 - ERROR - An error occurred while fetching listing 3731394: Message: Tried to run command without establishing a connection

2025-07-29 22:18:07,479 - ERROR - An error occurred while fetching listing 3760892: Message: Tried to run command without establishing a connection

2025-07-29 22:18:07,479 - ERROR - An error occurred while fetching listing 3728998: Message: Tried to run command without establishing a connection

2025-07-29 22:18:07,480 - ERROR - An error occurred while fetching listing 3760270: Message: Tried to run command without establishing a connection

2025-07-29 22:18:07,481 - ERROR - An error occurred while fetching listing 3692305: Message: Tried to run command without establishing a connection

2025-07-29 22:18:07,482 - ERROR - An error occurred while fetching listing 3759621: Message: Tried to run command without establishing a connection

2025-07-29 22:18:07,482 - ERROR - An error occurred while fetching listing 3742436: Message: Tried to run command without establishing a connection

2025-07-29 22:18:07,483 - ERROR - An error occurred while fetching listing 3747085: Message: Tried to run command without establishing a connection

2025-07-29 22:18:07,484 - ERROR - An error occurred while fetching listing 3762197: Message: Tried to run command without establishing a connection

2025-07-29 22:18:07,484 - ERROR - An error occurred while fetching listing 3732050: Message: Tried to run command without establishing a connection

2025-07-29 22:18:07,485 - ERROR - An error occurred while fetching listing 3745714: Message: Tried to run command without establishing a connection

2025-07-29 22:18:07,486 - ERROR - An error occurred while fetching listing 3748690: Message: Tried to run command without establishing a connection

2025-07-29 22:18:07,487 - ERROR - An error occurred while fetching listing 3754587: Message: Tried to run command without establishing a connection

2025-07-29 22:18:07,487 - ERROR - An error occurred while fetching listing 3749307: Message: Tried to run command without establishing a connection

2025-07-29 22:18:07,488 - ERROR - An error occurred while fetching listing 3748253: Message: Tried to run command without establishing a connection

2025-07-29 22:18:07,489 - ERROR - An error occurred while fetching listing 3727862: Message: Tried to run command without establishing a connection

2025-07-29 22:18:07,490 - ERROR - An error occurred while fetching listing 3760063: Message: Tried to run command without establishing a connection

2025-07-29 22:18:07,490 - ERROR - An error occurred while fetching listing 3753055: Message: Tried to run command without establishing a connection

2025-07-29 22:18:07,491 - ERROR - An error occurred while fetching listing 3759238: Message: Tried to run command without establishing a connection

2025-07-29 22:18:07,492 - ERROR - An error occurred while fetching listing 3756672: Message: Tried to run command without establishing a connection

2025-07-29 22:18:07,492 - ERROR - An error occurred while fetching listing 3739931: Message: Tried to run command without establishing a connection

2025-07-29 22:18:07,493 - ERROR - An error occurred while fetching listing 3765815: Message: Tried to run command without establishing a connection

2025-07-29 22:18:07,494 - ERROR - An error occurred while fetching listing 3738064: Message: Tried to run command without establishing a connection

2025-07-29 22:18:07,495 - ERROR - An error occurred while fetching listing 3744089: Message: Tried to run command without establishing a connection

2025-07-29 22:18:07,495 - ERROR - An error occurred while fetching listing 3766714: Message: Tried to run command without establishing a connection

2025-07-29 22:18:07,496 - ERROR - An error occurred while fetching listing 3752013: Message: Tried to run command without establishing a connection

2025-07-29 22:18:07,497 - ERROR - An error occurred while fetching listing 3753489: Message: Tried to run command without establishing a connection

2025-07-29 22:18:07,498 - ERROR - An error occurred while fetching listing 3734397: Message: Tried to run command without establishing a connection

2025-07-29 22:18:07,498 - ERROR - An error occurred while fetching listing 3759966: Message: Tried to run command without establishing a connection

2025-07-29 22:18:07,499 - ERROR - An error occurred while fetching listing 3750987: Message: Tried to run command without establishing a connection

2025-07-29 22:18:07,500 - ERROR - An error occurred while fetching listing 3647406: Message: Tried to run command without establishing a connection

2025-07-29 22:18:07,500 - ERROR - An error occurred while fetching listing 3757628: Message: Tried to run command without establishing a connection

2025-07-29 22:18:07,501 - ERROR - An error occurred while fetching listing 3768248: Message: Tried to run command without establishing a connection

2025-07-29 22:18:07,502 - ERROR - An error occurred while fetching listing 3760514: Message: Tried to run command without establishing a connection

2025-07-29 22:18:07,503 - ERROR - An error occurred while fetching listing 3765824: Message: Tried to run command without establishing a connection

2025-07-29 22:18:07,503 - ERROR - An error occurred while fetching listing 3744105: Message: Tried to run command without establishing a connection

2025-07-29 22:18:07,504 - ERROR - An error occurred while fetching listing 3734486: Message: Tried to run command without establishing a connection

2025-07-29 22:18:07,505 - ERROR - An error occurred while fetching listing 3766772: Message: Tried to run command without establishing a connection

2025-07-29 22:18:07,506 - ERROR - An error occurred while fetching listing 3761468: Message: Tried to run command without establishing a connection

2025-07-29 22:18:07,506 - ERROR - An error occurred while fetching listing 3747222: Message: Tried to run command without establishing a connection

2025-07-29 22:18:07,507 - ERROR - An error occurred while fetching listing 3765728: Message: Tried to run command without establishing a connection

2025-07-29 22:18:07,508 - ERROR - An error occurred while fetching listing 3757464: Message: Tried to run command without establishing a connection

2025-07-29 22:18:07,508 - ERROR - An error occurred while fetching listing 3757556: Message: Tried to run command without establishing a connection

2025-07-29 22:18:07,509 - ERROR - An error occurred while fetching listing 3764646: Message: Tried to run command without establishing a connection

2025-07-29 22:18:07,510 - ERROR - An error occurred while fetching listing 3752153: Message: Tried to run command without establishing a connection

2025-07-29 22:18:07,511 - ERROR - An error occurred while fetching listing 3762259: Message: Tried to run command without establishing a connection

2025-07-29 22:18:07,511 - ERROR - An error occurred while fetching listing 3767751: Message: Tried to run command without establishing a connection

2025-07-29 22:18:07,512 - ERROR - An error occurred while fetching listing 3751951: Message: Tried to run command without establishing a connection

2025-07-29 22:18:07,513 - ERROR - An error occurred while fetching listing 3759056: Message: Tried to run command without establishing a connection

2025-07-29 22:18:07,514 - ERROR - An error occurred while fetching listing 3752360: Message: Tried to run command without establishing a connection

2025-07-29 22:18:07,514 - ERROR - An error occurred while fetching listing 3754811: Message: Tried to run command without establishing a connection

2025-07-29 22:18:07,515 - ERROR - An error occurred while fetching listing 3762695: Message: Tried to run command without establishing a connection

2025-07-29 22:18:07,516 - ERROR - An error occurred while fetching listing 3744832: Message: Tried to run command without establishing a connection

2025-07-29 22:18:07,517 - ERROR - An error occurred while fetching listing 3749840: Message: Tried to run command without establishing a connection

2025-07-29 22:18:07,517 - ERROR - An error occurred while fetching listing 3444041: Message: Tried to run command without establishing a connection

2025-07-29 22:18:07,518 - ERROR - An error occurred while fetching listing 3748262: Message: Tried to run command without establishing a connection

2025-07-29 22:18:07,519 - ERROR - An error occurred while fetching listing 3743216: Message: Tried to run command without establishing a connection

2025-07-29 22:18:07,519 - ERROR - An error occurred while fetching listing 3761111: Message: Tried to run command without establishing a connection

2025-07-29 22:18:07,520 - ERROR - An error occurred while fetching listing 3754504: Message: Tried to run command without establishing a connection

2025-07-29 22:18:07,521 - ERROR - An error occurred while fetching listing 3747922: Message: Tried to run command without establishing a connection

2025-07-29 22:18:07,522 - ERROR - An error occurred while fetching listing 3740275: Message: Tried to run command without establishing a connection

2025-07-29 22:18:07,522 - ERROR - An error occurred while fetching listing 3764087: Message: Tried to run command without establishing a connection

2025-07-29 22:18:07,523 - ERROR - An error occurred while fetching listing 3757858: Message: Tried to run command without establishing a connection

2025-07-29 22:18:07,524 - ERROR - An error occurred while fetching listing 3768115: Message: Tried to run command without establishing a connection

2025-07-29 22:18:07,525 - ERROR - An error occurred while fetching listing 3738565: Message: Tried to run command without establishing a connection

2025-07-29 22:18:07,526 - ERROR - An error occurred while fetching listing 3749013: Message: Tried to run command without establishing a connection

2025-07-29 22:18:07,526 - ERROR - An error occurred while fetching listing 3735831: Message: Tried to run command without establishing a connection

2025-07-29 22:18:07,527 - ERROR - An error occurred while fetching listing 3758869: Message: Tried to run command without establishing a connection

2025-07-29 22:18:07,528 - ERROR - An error occurred while fetching listing 3756705: Message: Tried to run command without establishing a connection

2025-07-29 22:18:07,528 - ERROR - An error occurred while fetching listing 3749557: Message: Tried to run command without establishing a connection

2025-07-29 22:18:07,529 - ERROR - An error occurred while fetching listing 3760072: Message: Tried to run command without establishing a connection

2025-07-29 22:18:07,530 - ERROR - An error occurred while fetching listing 3725890: Message: Tried to run command without establishing a connection

2025-07-29 22:18:07,531 - ERROR - An error occurred while fetching listing 3745001: Message: Tried to run command without establishing a connection

2025-07-29 22:18:07,532 - ERROR - An error occurred while fetching listing 3726612: Message: Tried to run command without establishing a connection

2025-07-29 22:18:07,532 - ERROR - An error occurred while fetching listing 3730143: Message: Tried to run command without establishing a connection

2025-07-29 22:18:07,533 - ERROR - An error occurred while fetching listing 3744260: Message: Tried to run command without establishing a connection

2025-07-29 22:18:07,534 - ERROR - An error occurred while fetching listing 3733860: Message: Tried to run command without establishing a connection

2025-07-29 22:18:07,534 - ERROR - An error occurred while fetching listing 3767411: Message: Tried to run command without establishing a connection

2025-07-29 22:18:07,535 - ERROR - An error occurred while fetching listing 3740987: Message: Tried to run command without establishing a connection

2025-07-29 22:18:07,536 - ERROR - An error occurred while fetching listing 3753141: Message: Tried to run command without establishing a connection

2025-07-29 22:18:07,537 - ERROR - An error occurred while fetching listing 3757182: Message: Tried to run command without establishing a connection

2025-07-29 22:18:07,537 - ERROR - An error occurred while fetching listing 3729029: Message: Tried to run command without establishing a connection

2025-07-29 22:18:07,538 - ERROR - An error occurred while fetching listing 3731610: Message: Tried to run command without establishing a connection

2025-07-29 22:18:07,539 - ERROR - An error occurred while fetching listing 3756293: Message: Tried to run command without establishing a connection

2025-07-29 22:18:07,540 - ERROR - An error occurred while fetching listing 3764910: Message: Tried to run command without establishing a connection

2025-07-29 22:18:07,541 - ERROR - An error occurred while fetching listing 3750308: Message: Tried to run command without establishing a connection

2025-07-29 22:18:07,541 - ERROR - An error occurred while fetching listing 3748471: Message: Tried to run command without establishing a connection

2025-07-29 22:18:07,542 - ERROR - An error occurred while fetching listing 3747844: Message: Tried to run command without establishing a connection

2025-07-29 22:18:07,543 - ERROR - An error occurred while fetching listing 3765215: Message: Tried to run command without establishing a connection

2025-07-29 22:18:07,544 - ERROR - An error occurred while fetching listing 3327296: Message: Tried to run command without establishing a connection

2025-07-29 22:18:07,545 - ERROR - An error occurred while fetching listing 3739651: Message: Tried to run command without establishing a connection

2025-07-29 22:18:07,546 - ERROR - An error occurred while fetching listing 3765744: Message: Tried to run command without establishing a connection

2025-07-29 22:18:07,547 - ERROR - An error occurred while fetching listing 3760291: Message: Tried to run command without establishing a connection

2025-07-29 22:18:07,548 - ERROR - An error occurred while fetching listing 3762112: Message: Tried to run command without establishing a connection

2025-07-29 22:18:07,548 - ERROR - An error occurred while fetching listing 3766686: Message: Tried to run command without establishing a connection

2025-07-29 22:18:07,549 - ERROR - An error occurred while fetching listing 3756115: Message: Tried to run command without establishing a connection

2025-07-29 22:18:07,550 - ERROR - An error occurred while fetching listing 3715690: Message: Tried to run command without establishing a connection

2025-07-29 22:18:07,551 - ERROR - An error occurred while fetching listing 3766824: Message: Tried to run command without establishing a connection

2025-07-29 22:18:07,552 - ERROR - An error occurred while fetching listing 3726636: Message: Tried to run command without establishing a connection

2025-07-29 22:18:07,553 - ERROR - An error occurred while fetching listing 3762078: Message: Tried to run command without establishing a connection

2025-07-29 22:18:07,554 - ERROR - An error occurred while fetching listing 3763336: Message: Tried to run command without establishing a connection

2025-07-29 22:18:07,555 - ERROR - An error occurred while fetching listing 3744053: Message: Tried to run command without establishing a connection

2025-07-29 22:18:07,556 - ERROR - An error occurred while fetching listing 3768514: Message: Tried to run command without establishing a connection

2025-07-29 22:18:07,557 - ERROR - An error occurred while fetching listing 3748951: Message: Tried to run command without establishing a connection

2025-07-29 22:18:07,558 - ERROR - An error occurred while fetching listing 3728121: Message: Tried to run command without establishing a connection

2025-07-29 22:18:07,559 - ERROR - An error occurred while fetching listing 3758372: Message: Tried to run command without establishing a connection

2025-07-29 22:18:07,560 - ERROR - An error occurred while fetching listing 3763512: Message: Tried to run command without establishing a connection

2025-07-29 22:18:07,561 - ERROR - An error occurred while fetching listing 3748918: Message: Tried to run command without establishing a connection

2025-07-29 22:18:07,562 - ERROR - An error occurred while fetching listing 3751650: Message: Tried to run command without establishing a connection

2025-07-29 22:18:07,563 - ERROR - An error occurred while fetching listing 3757847: Message: Tried to run command without establishing a connection

2025-07-29 22:18:07,564 - ERROR - An error occurred while fetching listing 3762838: Message: Tried to run command without establishing a connection

2025-07-29 22:18:07,564 - ERROR - An error occurred while fetching listing 3756731: Message: Tried to run command without establishing a connection

2025-07-29 22:18:07,565 - ERROR - An error occurred while fetching listing 3764024: Message: Tried to run command without establishing a connection

2025-07-29 22:18:07,566 - ERROR - An error occurred while fetching listing 3728865: Message: Tried to run command without establishing a connection

2025-07-29 22:18:07,567 - ERROR - An error occurred while fetching listing 3752631: Message: Tried to run command without establishing a connection

2025-07-29 22:18:07,568 - ERROR - An error occurred while fetching listing 3735869: Message: Tried to run command without establishing a connection

2025-07-29 22:18:07,568 - ERROR - An error occurred while fetching listing 3741784: Message: Tried to run command without establishing a connection

2025-07-29 22:18:07,569 - ERROR - An error occurred while fetching listing 3766814: Message: Tried to run command without establishing a connection

2025-07-29 22:18:07,570 - ERROR - An error occurred while fetching listing 3765778: Message: Tried to run command without establishing a connection

2025-07-29 22:18:07,571 - ERROR - An error occurred while fetching listing 3733620: Message: Tried to run command without establishing a connection

2025-07-29 22:18:07,572 - ERROR - An error occurred while fetching listing 3739922: Message: Tried to run command without establishing a connection

2025-07-29 22:18:07,573 - ERROR - An error occurred while fetching listing 3759041: Message: Tried to run command without establishing a connection

2025-07-29 22:18:07,574 - ERROR - An error occurred while fetching listing 3753990: Message: Tried to run command without establishing a connection

2025-07-29 22:18:07,575 - ERROR - An error occurred while fetching listing 3734052: Message: Tried to run command without establishing a connection

2025-07-29 22:18:07,576 - ERROR - An error occurred while fetching listing 3724366: Message: Tried to run command without establishing a connection

2025-07-29 22:18:07,576 - ERROR - An error occurred while fetching listing 3744697: Message: Tried to run command without establishing a connection

2025-07-29 22:18:07,577 - ERROR - An error occurred while fetching listing 3763399: Message: Tried to run command without establishing a connection

2025-07-29 22:18:07,578 - ERROR - An error occurred while fetching listing 3756422: Message: Tried to run command without establishing a connection

2025-07-29 22:18:07,578 - ERROR - An error occurred while fetching listing 3761033: Message: Tried to run command without establishing a connection

2025-07-29 22:18:07,579 - ERROR - An error occurred while fetching listing 3765612: Message: Tried to run command without establishing a connection

2025-07-29 22:18:07,580 - ERROR - An error occurred while fetching listing 3761475: Message: Tried to run command without establishing a connection

2025-07-29 22:18:07,581 - ERROR - An error occurred while fetching listing 3763725: Message: Tried to run command without establishing a connection

2025-07-29 22:18:07,581 - ERROR - An error occurred while fetching listing 3752320: Message: Tried to run command without establishing a connection

2025-07-29 22:18:07,582 - ERROR - An error occurred while fetching listing 3760462: Message: Tried to run command without establishing a connection

2025-07-29 22:18:07,583 - ERROR - An error occurred while fetching listing 3737445: Message: Tried to run command without establishing a connection

2025-07-29 22:18:07,583 - ERROR - An error occurred while fetching listing 3757399: Message: Tried to run command without establishing a connection

2025-07-29 22:18:07,584 - ERROR - An error occurred while fetching listing 3762200: Message: Tried to run command without establishing a connection

2025-07-29 22:18:07,585 - ERROR - An error occurred while fetching listing 3765951: Message: Tried to run command without establishing a connection

2025-07-29 22:18:07,586 - ERROR - An error occurred while fetching listing 3743807: Message: Tried to run command without establishing a connection

2025-07-29 22:18:07,586 - ERROR - An error occurred while fetching listing 3765943: Message: Tried to run command without establishing a connection

2025-07-29 22:18:07,587 - ERROR - An error occurred while fetching listing 3727003: Message: Tried to run command without establishing a connection

2025-07-29 22:18:07,588 - ERROR - An error occurred while fetching listing 3751858: Message: Tried to run command without establishing a connection

2025-07-29 22:18:07,589 - ERROR - An error occurred while fetching listing 3726833: Message: Tried to run command without establishing a connection

2025-07-29 22:18:07,590 - ERROR - An error occurred while fetching listing 3757950: Message: Tried to run command without establishing a connection

2025-07-29 22:18:07,591 - ERROR - An error occurred while fetching listing 3764463: Message: Tried to run command without establishing a connection

2025-07-29 22:18:07,592 - ERROR - An error occurred while fetching listing 3754676: Message: Tried to run command without establishing a connection

2025-07-29 22:18:07,593 - ERROR - An error occurred while fetching listing 3758267: Message: Tried to run command without establishing a connection

2025-07-29 22:18:07,593 - ERROR - An error occurred while fetching listing 3759468: Message: Tried to run command without establishing a connection

2025-07-29 22:18:07,594 - ERROR - An error occurred while fetching listing 3766996: Message: Tried to run command without establishing a connection

2025-07-29 22:18:07,595 - ERROR - An error occurred while fetching listing 3761113: Message: Tried to run command without establishing a connection

2025-07-29 22:18:07,596 - ERROR - An error occurred while fetching listing 3731958: Message: Tried to run command without establishing a connection

2025-07-29 22:18:07,597 - ERROR - An error occurred while fetching listing 3762900: Message: Tried to run command without establishing a connection

2025-07-29 22:18:07,598 - ERROR - An error occurred while fetching listing 3758012: Message: Tried to run command without establishing a connection

2025-07-29 22:18:07,598 - ERROR - An error occurred while fetching listing 3750791: Message: Tried to run command without establishing a connection

2025-07-29 22:18:07,599 - ERROR - An error occurred while fetching listing 3759177: Message: Tried to run command without establishing a connection

2025-07-29 22:18:07,600 - ERROR - An error occurred while fetching listing 3756517: Message: Tried to run command without establishing a connection

2025-07-29 22:18:07,601 - ERROR - An error occurred while fetching listing 3762775: Message: Tried to run command without establishing a connection

2025-07-29 22:18:07,601 - ERROR - An error occurred while fetching listing 3745385: Message: Tried to run command without establishing a connection

2025-07-29 22:18:07,602 - ERROR - An error occurred while fetching listing 3755683: Message: Tried to run command without establishing a connection

2025-07-29 22:18:07,603 - ERROR - An error occurred while fetching listing 3754556: Message: Tried to run command without establishing a connection

2025-07-29 22:18:07,604 - ERROR - An error occurred while fetching listing 3740520: Message: Tried to run command without establishing a connection

2025-07-29 22:18:07,605 - ERROR - An error occurred while fetching listing 3766273: Message: Tried to run command without establishing a connection

2025-07-29 22:18:07,606 - ERROR - An error occurred while fetching listing 3764552: Message: Tried to run command without establishing a connection

2025-07-29 22:18:07,606 - ERROR - An error occurred while fetching listing 3734485: Message: Tried to run command without establishing a connection

2025-07-29 22:18:07,607 - ERROR - An error occurred while fetching listing 3735290: Message: Tried to run command without establishing a connection

2025-07-29 22:18:07,608 - ERROR - An error occurred while fetching listing 3739713: Message: Tried to run command without establishing a connection

2025-07-29 22:18:07,608 - ERROR - An error occurred while fetching listing 3729527: Message: Tried to run command without establishing a connection

2025-07-29 22:18:07,609 - ERROR - An error occurred while fetching listing 3753565: Message: Tried to run command without establishing a connection

2025-07-29 22:18:07,610 - ERROR - An error occurred while fetching listing 3762313: Message: Tried to run command without establishing a connection

2025-07-29 22:18:07,611 - ERROR - An error occurred while fetching listing 3762588: Message: Tried to run command without establishing a connection

2025-07-29 22:18:07,611 - ERROR - An error occurred while fetching listing 3732539: Message: Tried to run command without establishing a connection

2025-07-29 22:18:07,612 - ERROR - An error occurred while fetching listing 3759557: Message: Tried to run command without establishing a connection

2025-07-29 22:18:07,613 - ERROR - An error occurred while fetching listing 3767775: Message: Tried to run command without establishing a connection

2025-07-29 22:18:07,614 - ERROR - An error occurred while fetching listing 3760293: Message: Tried to run command without establishing a connection

2025-07-29 22:18:07,614 - ERROR - An error occurred while fetching listing 3733621: Message: Tried to run command without establishing a connection

2025-07-29 22:18:07,615 - ERROR - An error occurred while fetching listing 3750098: Message: Tried to run command without establishing a connection

2025-07-29 22:18:07,616 - ERROR - An error occurred while fetching listing 3763856: Message: Tried to run command without establishing a connection

2025-07-29 22:18:07,617 - ERROR - An error occurred while fetching listing 3747532: Message: Tried to run command without establishing a connection

2025-07-29 22:18:07,618 - ERROR - An error occurred while fetching listing 3768154: Message: Tried to run command without establishing a connection

2025-07-29 22:18:07,619 - ERROR - An error occurred while fetching listing 3729383: Message: Tried to run command without establishing a connection

2025-07-29 22:18:07,620 - ERROR - An error occurred while fetching listing 3763720: Message: Tried to run command without establishing a connection

2025-07-29 22:18:07,620 - ERROR - An error occurred while fetching listing 3762844: Message: Tried to run command without establishing a connection

2025-07-29 22:18:07,621 - ERROR - An error occurred while fetching listing 3767146: Message: Tried to run command without establishing a connection

2025-07-29 22:18:07,622 - ERROR - An error occurred while fetching listing 3760642: Message: Tried to run command without establishing a connection

2025-07-29 22:18:07,623 - ERROR - An error occurred while fetching listing 3757772: Message: Tried to run command without establishing a connection

2025-07-29 22:18:07,624 - ERROR - An error occurred while fetching listing 3765782: Message: Tried to run command without establishing a connection

2025-07-29 22:18:07,625 - ERROR - An error occurred while fetching listing 3764134: Message: Tried to run command without establishing a connection

2025-07-29 22:18:07,626 - ERROR - An error occurred while fetching listing 3766054: Message: Tried to run command without establishing a connection

2025-07-29 22:18:07,626 - ERROR - An error occurred while fetching listing 3740394: Message: Tried to run command without establishing a connection

2025-07-29 22:18:07,627 - ERROR - An error occurred while fetching listing 3403400: Message: Tried to run command without establishing a connection

2025-07-29 22:18:07,628 - ERROR - An error occurred while fetching listing 3763809: Message: Tried to run command without establishing a connection

2025-07-29 22:18:07,629 - ERROR - An error occurred while fetching listing 3762198: Message: Tried to run command without establishing a connection

2025-07-29 22:18:07,630 - ERROR - An error occurred while fetching listing 3753150: Message: Tried to run command without establishing a connection

2025-07-29 22:18:07,631 - ERROR - An error occurred while fetching listing 3744979: Message: Tried to run command without establishing a connection

2025-07-29 22:18:07,632 - ERROR - An error occurred while fetching listing 3760048: Message: Tried to run command without establishing a connection

2025-07-29 22:18:07,633 - ERROR - An error occurred while fetching listing 3762490: Message: Tried to run command without establishing a connection

2025-07-29 22:18:07,634 - ERROR - An error occurred while fetching listing 3757663: Message: Tried to run command without establishing a connection

2025-07-29 22:18:07,634 - ERROR - An error occurred while fetching listing 3758868: Message: Tried to run command without establishing a connection

2025-07-29 22:18:07,635 - ERROR - An error occurred while fetching listing 3762566: Message: Tried to run command without establishing a connection

2025-07-29 22:18:07,636 - ERROR - An error occurred while fetching listing 3732094: Message: Tried to run command without establishing a connection

2025-07-29 22:18:07,637 - ERROR - An error occurred while fetching listing 3765043: Message: Tried to run command without establishing a connection

2025-07-29 22:18:07,638 - ERROR - An error occurred while fetching listing 3755660: Message: Tried to run command without establishing a connection

2025-07-29 22:18:07,639 - ERROR - An error occurred while fetching listing 3767981: Message: Tried to run command without establishing a connection

2025-07-29 22:18:07,640 - ERROR - An error occurred while fetching listing 3731070: Message: Tried to run command without establishing a connection

2025-07-29 22:18:07,641 - ERROR - An error occurred while fetching listing 3731562: Message: Tried to run command without establishing a connection

2025-07-29 22:18:07,642 - ERROR - An error occurred while fetching listing 3400760: Message: Tried to run command without establishing a connection

2025-07-29 22:18:07,643 - ERROR - An error occurred while fetching listing 3765638: Message: Tried to run command without establishing a connection

2025-07-29 22:18:07,644 - ERROR - An error occurred while fetching listing 3759629: Message: Tried to run command without establishing a connection

2025-07-29 22:18:07,644 - ERROR - An error occurred while fetching listing 3730204: Message: Tried to run command without establishing a connection

2025-07-29 22:18:07,645 - ERROR - An error occurred while fetching listing 3760515: Message: Tried to run command without establishing a connection

2025-07-29 22:18:07,646 - ERROR - An error occurred while fetching listing 3768039: Message: Tried to run command without establishing a connection

2025-07-29 22:18:07,647 - ERROR - An error occurred while fetching listing 3754009: Message: Tried to run command without establishing a connection

2025-07-29 22:18:07,647 - ERROR - An error occurred while fetching listing 3743329: Message: Tried to run command without establishing a connection

2025-07-29 22:18:07,648 - ERROR - An error occurred while fetching listing 3759459: Message: Tried to run command without establishing a connection

2025-07-29 22:18:07,649 - ERROR - An error occurred while fetching listing 3758554: Message: Tried to run command without establishing a connection

2025-07-29 22:18:07,650 - ERROR - An error occurred while fetching listing 3754085: Message: Tried to run command without establishing a connection

2025-07-29 22:18:07,650 - ERROR - An error occurred while fetching listing 3744538: Message: Tried to run command without establishing a connection

2025-07-29 22:18:07,651 - ERROR - An error occurred while fetching listing 3768333: Message: Tried to run command without establishing a connection

2025-07-29 22:18:07,652 - ERROR - An error occurred while fetching listing 3750746: Message: Tried to run command without establishing a connection

2025-07-29 22:18:07,653 - ERROR - An error occurred while fetching listing 3754506: Message: Tried to run command without establishing a connection

2025-07-29 22:18:07,653 - ERROR - An error occurred while fetching listing 3747374: Message: Tried to run command without establishing a connection

2025-07-29 22:18:07,654 - ERROR - An error occurred while fetching listing 3754491: Message: Tried to run command without establishing a connection

2025-07-29 22:18:07,655 - ERROR - An error occurred while fetching listing 3765812: Message: Tried to run command without establishing a connection

2025-07-29 22:18:07,656 - ERROR - An error occurred while fetching listing 3760017: Message: Tried to run command without establishing a connection

2025-07-29 22:18:07,656 - ERROR - An error occurred while fetching listing 3757560: Message: Tried to run command without establishing a connection

2025-07-29 22:18:07,657 - ERROR - An error occurred while fetching listing 3764164: Message: Tried to run command without establishing a connection

2025-07-29 22:18:07,658 - ERROR - An error occurred while fetching listing 3745971: Message: Tried to run command without establishing a connection

2025-07-29 22:18:07,658 - ERROR - An error occurred while fetching listing 3763854: Message: Tried to run command without establishing a connection

2025-07-29 22:18:07,659 - ERROR - An error occurred while fetching listing 3768379: Message: Tried to run command without establishing a connection

2025-07-29 22:18:07,660 - ERROR - An error occurred while fetching listing 3763441: Message: Tried to run command without establishing a connection

2025-07-29 22:18:07,661 - ERROR - An error occurred while fetching listing 3762959: Message: Tried to run command without establishing a connection

2025-07-29 22:18:07,661 - ERROR - An error occurred while fetching listing 3757905: Message: Tried to run command without establishing a connection

2025-07-29 22:18:07,662 - ERROR - An error occurred while fetching listing 3740880: Message: Tried to run command without establishing a connection

2025-07-29 22:18:07,663 - ERROR - An error occurred while fetching listing 3766262: Message: Tried to run command without establishing a connection

2025-07-29 22:18:07,664 - ERROR - An error occurred while fetching listing 3737218: Message: Tried to run command without establishing a connection

2025-07-29 22:18:07,664 - ERROR - An error occurred while fetching listing 3761934: Message: Tried to run command without establishing a connection

2025-07-29 22:18:07,665 - ERROR - An error occurred while fetching listing 3754869: Message: Tried to run command without establishing a connection

2025-07-29 22:18:07,666 - ERROR - An error occurred while fetching listing 3750458: Message: Tried to run command without establishing a connection

2025-07-29 22:18:07,667 - ERROR - An error occurred while fetching listing 3738481: Message: Tried to run command without establishing a connection

2025-07-29 22:18:07,667 - ERROR - An error occurred while fetching listing 3762241: Message: Tried to run command without establishing a connection

2025-07-29 22:18:07,668 - ERROR - An error occurred while fetching listing 3743844: Message: Tried to run command without establishing a connection

2025-07-29 22:18:07,669 - ERROR - An error occurred while fetching listing 3762736: Message: Tried to run command without establishing a connection

2025-07-29 22:18:07,669 - ERROR - An error occurred while fetching listing 3746304: Message: Tried to run command without establishing a connection

2025-07-29 22:18:07,670 - ERROR - An error occurred while fetching listing 3767976: Message: Tried to run command without establishing a connection

2025-07-29 22:18:07,671 - ERROR - An error occurred while fetching listing 3754925: Message: Tried to run command without establishing a connection

2025-07-29 22:18:07,672 - ERROR - An error occurred while fetching listing 3747079: Message: Tried to run command without establishing a connection

2025-07-29 22:18:07,672 - ERROR - An error occurred while fetching listing 3751915: Message: Tried to run command without establishing a connection

2025-07-29 22:18:07,673 - ERROR - An error occurred while fetching listing 3728735: Message: Tried to run command without establishing a connection

2025-07-29 22:18:07,674 - ERROR - An error occurred while fetching listing 3760855: Message: Tried to run command without establishing a connection

2025-07-29 22:18:07,675 - ERROR - An error occurred while fetching listing 3749338: Message: Tried to run command without establishing a connection

2025-07-29 22:18:07,675 - ERROR - An error occurred while fetching listing 3762734: Message: Tried to run command without establishing a connection

2025-07-29 22:18:07,676 - ERROR - An error occurred while fetching listing 3758103: Message: Tried to run command without establishing a connection

2025-07-29 22:18:07,677 - ERROR - An error occurred while fetching listing 3754273: Message: Tried to run command without establishing a connection

2025-07-29 22:18:07,677 - ERROR - An error occurred while fetching listing 3742334: Message: Tried to run command without establishing a connection

2025-07-29 22:18:07,678 - ERROR - An error occurred while fetching listing 3730399: Message: Tried to run command without establishing a connection

2025-07-29 22:18:07,679 - ERROR - An error occurred while fetching listing 3752419: Message: Tried to run command without establishing a connection

2025-07-29 22:18:07,680 - ERROR - An error occurred while fetching listing 3758381: Message: Tried to run command without establishing a connection

2025-07-29 22:18:07,680 - ERROR - An error occurred while fetching listing 3741939: Message: Tried to run command without establishing a connection

2025-07-29 22:18:07,681 - ERROR - An error occurred while fetching listing 3764425: Message: Tried to run command without establishing a connection

2025-07-29 22:18:07,682 - ERROR - An error occurred while fetching listing 3734447: Message: Tried to run command without establishing a connection

2025-07-29 22:18:07,683 - ERROR - An error occurred while fetching listing 3759063: Message: Tried to run command without establishing a connection

2025-07-29 22:18:07,683 - ERROR - An error occurred while fetching listing 3743117: Message: Tried to run command without establishing a connection

2025-07-29 22:18:07,684 - ERROR - An error occurred while fetching listing 3763280: Message: Tried to run command without establishing a connection

2025-07-29 22:18:07,685 - ERROR - An error occurred while fetching listing 3767360: Message: Tried to run command without establishing a connection

2025-07-29 22:18:07,686 - ERROR - An error occurred while fetching listing 3739441: Message: Tried to run command without establishing a connection

2025-07-29 22:18:07,686 - ERROR - An error occurred while fetching listing 3753112: Message: Tried to run command without establishing a connection

2025-07-29 22:18:07,687 - ERROR - An error occurred while fetching listing 3761870: Message: Tried to run command without establishing a connection

2025-07-29 22:18:07,688 - ERROR - An error occurred while fetching listing 3762406: Message: Tried to run command without establishing a connection

2025-07-29 22:18:07,688 - ERROR - An error occurred while fetching listing 3671435: Message: Tried to run command without establishing a connection

2025-07-29 22:18:07,689 - ERROR - An error occurred while fetching listing 3724806: Message: Tried to run command without establishing a connection

2025-07-29 22:18:07,690 - ERROR - An error occurred while fetching listing 3738498: Message: Tried to run command without establishing a connection

2025-07-29 22:18:07,691 - ERROR - An error occurred while fetching listing 3736051: Message: Tried to run command without establishing a connection

2025-07-29 22:18:07,691 - ERROR - An error occurred while fetching listing 3748180: Message: Tried to run command without establishing a connection

2025-07-29 22:18:07,692 - ERROR - An error occurred while fetching listing 3657876: Message: Tried to run command without establishing a connection

2025-07-29 22:18:07,693 - ERROR - An error occurred while fetching listing 3757179: Message: Tried to run command without establishing a connection

2025-07-29 22:18:07,694 - ERROR - An error occurred while fetching listing 3765992: Message: Tried to run command without establishing a connection

2025-07-29 22:18:07,694 - ERROR - An error occurred while fetching listing 3765397: Message: Tried to run command without establishing a connection

2025-07-29 22:18:07,695 - ERROR - An error occurred while fetching listing 3765084: Message: Tried to run command without establishing a connection

2025-07-29 22:18:07,696 - ERROR - An error occurred while fetching listing 3759568: Message: Tried to run command without establishing a connection

2025-07-29 22:18:07,697 - ERROR - An error occurred while fetching listing 3752359: Message: Tried to run command without establishing a connection

2025-07-29 22:18:07,697 - ERROR - An error occurred while fetching listing 3757108: Message: Tried to run command without establishing a connection

2025-07-29 22:18:07,698 - ERROR - An error occurred while fetching listing 3740352: Message: Tried to run command without establishing a connection

2025-07-29 22:18:07,699 - ERROR - An error occurred while fetching listing 3765152: Message: Tried to run command without establishing a connection

2025-07-29 22:18:07,700 - ERROR - An error occurred while fetching listing 3729797: Message: Tried to run command without establishing a connection

2025-07-29 22:18:07,700 - ERROR - An error occurred while fetching listing 3761088: Message: Tried to run command without establishing a connection

2025-07-29 22:18:07,701 - ERROR - An error occurred while fetching listing 3765035: Message: Tried to run command without establishing a connection

2025-07-29 22:18:07,702 - ERROR - An error occurred while fetching listing 3735478: Message: Tried to run command without establishing a connection

2025-07-29 22:18:07,703 - ERROR - An error occurred while fetching listing 3743704: Message: Tried to run command without establishing a connection

2025-07-29 22:18:07,703 - ERROR - An error occurred while fetching listing 3749496: Message: Tried to run command without establishing a connection

2025-07-29 22:18:07,704 - ERROR - An error occurred while fetching listing 3757162: Message: Tried to run command without establishing a connection

2025-07-29 22:18:07,705 - ERROR - An error occurred while fetching listing 3768260: Message: Tried to run command without establishing a connection

2025-07-29 22:18:07,706 - ERROR - An error occurred while fetching listing 3754252: Message: Tried to run command without establishing a connection

2025-07-29 22:18:07,706 - ERROR - An error occurred while fetching listing 3745930: Message: Tried to run command without establishing a connection

2025-07-29 22:18:07,707 - ERROR - An error occurred while fetching listing 3727071: Message: Tried to run command without establishing a connection

2025-07-29 22:18:07,708 - ERROR - An error occurred while fetching listing 3548111: Message: Tried to run command without establishing a connection

2025-07-29 22:18:07,709 - ERROR - An error occurred while fetching listing 3754816: Message: Tried to run command without establishing a connection

2025-07-29 22:18:07,709 - ERROR - An error occurred while fetching listing 3758340: Message: Tried to run command without establishing a connection

2025-07-29 22:18:07,710 - ERROR - An error occurred while fetching listing 3737701: Message: Tried to run command without establishing a connection

2025-07-29 22:18:07,711 - ERROR - An error occurred while fetching listing 3767133: Message: Tried to run command without establishing a connection

2025-07-29 22:18:07,711 - ERROR - An error occurred while fetching listing 3767428: Message: Tried to run command without establishing a connection

2025-07-29 22:18:07,712 - ERROR - An error occurred while fetching listing 3761753: Message: Tried to run command without establishing a connection

2025-07-29 22:18:07,713 - ERROR - An error occurred while fetching listing 3739407: Message: Tried to run command without establishing a connection

2025-07-29 22:18:07,714 - ERROR - An error occurred while fetching listing 3746539: Message: Tried to run command without establishing a connection

2025-07-29 22:18:07,714 - ERROR - An error occurred while fetching listing 3763127: Message: Tried to run command without establishing a connection

2025-07-29 22:18:07,715 - ERROR - An error occurred while fetching listing 3726385: Message: Tried to run command without establishing a connection

2025-07-29 22:18:07,716 - ERROR - An error occurred while fetching listing 3763161: Message: Tried to run command without establishing a connection

2025-07-29 22:18:07,717 - ERROR - An error occurred while fetching listing 3756236: Message: Tried to run command without establishing a connection

2025-07-29 22:18:07,717 - ERROR - An error occurred while fetching listing 3735443: Message: Tried to run command without establishing a connection

2025-07-29 22:18:07,718 - ERROR - An error occurred while fetching listing 3765490: Message: Tried to run command without establishing a connection

2025-07-29 22:18:07,719 - ERROR - An error occurred while fetching listing 3724373: Message: Tried to run command without establishing a connection

2025-07-29 22:18:07,719 - ERROR - An error occurred while fetching listing 3746096: Message: Tried to run command without establishing a connection

2025-07-29 22:18:07,720 - ERROR - An error occurred while fetching listing 3753677: Message: Tried to run command without establishing a connection

2025-07-29 22:18:07,721 - ERROR - An error occurred while fetching listing 3736626: Message: Tried to run command without establishing a connection

2025-07-29 22:18:07,722 - ERROR - An error occurred while fetching listing 3732209: Message: Tried to run command without establishing a connection

2025-07-29 22:18:07,722 - ERROR - An error occurred while fetching listing 3762027: Message: Tried to run command without establishing a connection

2025-07-29 22:18:07,723 - ERROR - An error occurred while fetching listing 3761998: Message: Tried to run command without establishing a connection

2025-07-29 22:18:07,724 - ERROR - An error occurred while fetching listing 3728897: Message: Tried to run command without establishing a connection

2025-07-29 22:18:07,725 - ERROR - An error occurred while fetching listing 3764326: Message: Tried to run command without establishing a connection

2025-07-29 22:18:07,725 - ERROR - An error occurred while fetching listing 3760129: Message: Tried to run command without establishing a connection

2025-07-29 22:18:07,726 - ERROR - An error occurred while fetching listing 3745528: Message: Tried to run command without establishing a connection

2025-07-29 22:18:07,727 - ERROR - An error occurred while fetching listing 3767864: Message: Tried to run command without establishing a connection

2025-07-29 22:18:07,727 - ERROR - An error occurred while fetching listing 3738783: Message: Tried to run command without establishing a connection

2025-07-29 22:18:07,728 - ERROR - An error occurred while fetching listing 3760358: Message: Tried to run command without establishing a connection

2025-07-29 22:18:07,729 - ERROR - An error occurred while fetching listing 3729594: Message: Tried to run command without establishing a connection

2025-07-29 22:18:07,730 - ERROR - An error occurred while fetching listing 3753754: Message: Tried to run command without establishing a connection

2025-07-29 22:18:07,731 - ERROR - An error occurred while fetching listing 3767558: Message: Tried to run command without establishing a connection

2025-07-29 22:18:07,731 - ERROR - An error occurred while fetching listing 3738348: Message: Tried to run command without establishing a connection

2025-07-29 22:18:07,732 - ERROR - An error occurred while fetching listing 3754086: Message: Tried to run command without establishing a connection

2025-07-29 22:18:07,733 - ERROR - An error occurred while fetching listing 3765446: Message: Tried to run command without establishing a connection

2025-07-29 22:18:07,734 - ERROR - An error occurred while fetching listing 3736060: Message: Tried to run command without establishing a connection

2025-07-29 22:18:07,735 - ERROR - An error occurred while fetching listing 3768592: Message: Tried to run command without establishing a connection

2025-07-29 22:18:07,736 - ERROR - An error occurred while fetching listing 3750172: Message: Tried to run command without establishing a connection

2025-07-29 22:18:07,736 - ERROR - An error occurred while fetching listing 3725793: Message: Tried to run command without establishing a connection

2025-07-29 22:18:07,737 - ERROR - An error occurred while fetching listing 3767536: Message: Tried to run command without establishing a connection

2025-07-29 22:18:07,738 - ERROR - An error occurred while fetching listing 3764883: Message: Tried to run command without establishing a connection

2025-07-29 22:18:07,739 - ERROR - An error occurred while fetching listing 3739798: Message: Tried to run command without establishing a connection

2025-07-29 22:18:07,739 - ERROR - An error occurred while fetching listing 3744719: Message: Tried to run command without establishing a connection

2025-07-29 22:18:07,740 - ERROR - An error occurred while fetching listing 3743728: Message: Tried to run command without establishing a connection

2025-07-29 22:18:07,741 - ERROR - An error occurred while fetching listing 3734923: Message: Tried to run command without establishing a connection

2025-07-29 22:18:07,742 - ERROR - An error occurred while fetching listing 3764129: Message: Tried to run command without establishing a connection

2025-07-29 22:18:07,743 - ERROR - An error occurred while fetching listing 3762494: Message: Tried to run command without establishing a connection

2025-07-29 22:18:07,744 - ERROR - An error occurred while fetching listing 3743080: Message: Tried to run command without establishing a connection

2025-07-29 22:18:07,745 - ERROR - An error occurred while fetching listing 3735861: Message: Tried to run command without establishing a connection

2025-07-29 22:18:07,746 - ERROR - An error occurred while fetching listing 3733317: Message: Tried to run command without establishing a connection

2025-07-29 22:18:07,747 - ERROR - An error occurred while fetching listing 3728407: Message: Tried to run command without establishing a connection

2025-07-29 22:18:07,748 - ERROR - An error occurred while fetching listing 3746238: Message: Tried to run command without establishing a connection

2025-07-29 22:18:07,748 - ERROR - An error occurred while fetching listing 3731342: Message: Tried to run command without establishing a connection

2025-07-29 22:18:07,749 - ERROR - An error occurred while fetching listing 3730280: Message: Tried to run command without establishing a connection

2025-07-29 22:18:07,750 - ERROR - An error occurred while fetching listing 3763971: Message: Tried to run command without establishing a connection

2025-07-29 22:18:07,751 - ERROR - An error occurred while fetching listing 3757031: Message: Tried to run command without establishing a connection

2025-07-29 22:18:07,752 - ERROR - An error occurred while fetching listing 3738588: Message: Tried to run command without establishing a connection

2025-07-29 22:18:07,753 - ERROR - An error occurred while fetching listing 3763351: Message: Tried to run command without establishing a connection

2025-07-29 22:18:07,754 - ERROR - An error occurred while fetching listing 3658289: Message: Tried to run command without establishing a connection

2025-07-29 22:18:07,755 - ERROR - An error occurred while fetching listing 3762001: Message: Tried to run command without establishing a connection

2025-07-29 22:18:07,756 - ERROR - An error occurred while fetching listing 3767977: Message: Tried to run command without establishing a connection

2025-07-29 22:18:07,757 - ERROR - An error occurred while fetching listing 3768525: Message: Tried to run command without establishing a connection

2025-07-29 22:18:07,758 - ERROR - An error occurred while fetching listing 3738126: Message: Tried to run command without establishing a connection

2025-07-29 22:18:07,759 - ERROR - An error occurred while fetching listing 3768057: Message: Tried to run command without establishing a connection

2025-07-29 22:18:07,760 - ERROR - An error occurred while fetching listing 3740655: Message: Tried to run command without establishing a connection

2025-07-29 22:18:07,761 - ERROR - An error occurred while fetching listing 3763884: Message: Tried to run command without establishing a connection

2025-07-29 22:18:07,761 - ERROR - An error occurred while fetching listing 3760516: Message: Tried to run command without establishing a connection

2025-07-29 22:18:07,762 - ERROR - An error occurred while fetching listing 3737143: Message: Tried to run command without establishing a connection

2025-07-29 22:18:07,763 - ERROR - An error occurred while fetching listing 3756679: Message: Tried to run command without establishing a connection

2025-07-29 22:18:07,764 - ERROR - An error occurred while fetching listing 3749738: Message: Tried to run command without establishing a connection

2025-07-29 22:18:07,765 - ERROR - An error occurred while fetching listing 3729426: Message: Tried to run command without establishing a connection

2025-07-29 22:18:07,765 - ERROR - An error occurred while fetching listing 3728025: Message: Tried to run command without establishing a connection

2025-07-29 22:18:07,766 - ERROR - An error occurred while fetching listing 3622454: Message: Tried to run command without establishing a connection

2025-07-29 22:18:07,767 - ERROR - An error occurred while fetching listing 3741518: Message: Tried to run command without establishing a connection

2025-07-29 22:18:07,768 - ERROR - An error occurred while fetching listing 3725071: Message: Tried to run command without establishing a connection

2025-07-29 22:18:07,769 - ERROR - An error occurred while fetching listing 3751851: Message: Tried to run command without establishing a connection

2025-07-29 22:18:07,770 - ERROR - An error occurred while fetching listing 3752807: Message: Tried to run command without establishing a connection

2025-07-29 22:18:07,771 - ERROR - An error occurred while fetching listing 3760163: Message: Tried to run command without establishing a connection

2025-07-29 22:18:07,773 - ERROR - An error occurred while fetching listing 3750634: Message: Tried to run command without establishing a connection

2025-07-29 22:18:07,774 - ERROR - An error occurred while fetching listing 3729515: Message: Tried to run command without establishing a connection

2025-07-29 22:18:07,775 - ERROR - An error occurred while fetching listing 3739322: Message: Tried to run command without establishing a connection

2025-07-29 22:18:07,775 - ERROR - An error occurred while fetching listing 3758770: Message: Tried to run command without establishing a connection

2025-07-29 22:18:07,776 - ERROR - An error occurred while fetching listing 3758248: Message: Tried to run command without establishing a connection

2025-07-29 22:18:07,777 - ERROR - An error occurred while fetching listing 3745594: Message: Tried to run command without establishing a connection

2025-07-29 22:18:07,778 - ERROR - An error occurred while fetching listing 3751937: Message: Tried to run command without establishing a connection

2025-07-29 22:18:07,779 - ERROR - An error occurred while fetching listing 3754343: Message: Tried to run command without establishing a connection

2025-07-29 22:18:07,780 - ERROR - An error occurred while fetching listing 3733463: Message: Tried to run command without establishing a connection

2025-07-29 22:18:07,781 - ERROR - An error occurred while fetching listing 3764547: Message: Tried to run command without establishing a connection

2025-07-29 22:18:07,782 - ERROR - An error occurred while fetching listing 3763331: Message: Tried to run command without establishing a connection

2025-07-29 22:18:07,783 - ERROR - An error occurred while fetching listing 3743748: Message: Tried to run command without establishing a connection

2025-07-29 22:18:07,784 - ERROR - An error occurred while fetching listing 3745942: Message: Tried to run command without establishing a connection

2025-07-29 22:18:07,785 - ERROR - An error occurred while fetching listing 3746921: Message: Tried to run command without establishing a connection

2025-07-29 22:18:07,785 - ERROR - An error occurred while fetching listing 3764807: Message: Tried to run command without establishing a connection

2025-07-29 22:18:07,786 - ERROR - An error occurred while fetching listing 3765285: Message: Tried to run command without establishing a connection

2025-07-29 22:18:07,787 - ERROR - An error occurred while fetching listing 3738718: Message: Tried to run command without establishing a connection

2025-07-29 22:18:07,788 - ERROR - An error occurred while fetching listing 3729495: Message: Tried to run command without establishing a connection

2025-07-29 22:18:07,789 - ERROR - An error occurred while fetching listing 3745771: Message: Tried to run command without establishing a connection

2025-07-29 22:18:07,790 - ERROR - An error occurred while fetching listing 3759454: Message: Tried to run command without establishing a connection

2025-07-29 22:18:07,790 - ERROR - An error occurred while fetching listing 3743878: Message: Tried to run command without establishing a connection

2025-07-29 22:18:07,791 - ERROR - An error occurred while fetching listing 3737144: Message: Tried to run command without establishing a connection

2025-07-29 22:18:07,792 - ERROR - An error occurred while fetching listing 3767698: Message: Tried to run command without establishing a connection

2025-07-29 22:18:07,793 - ERROR - An error occurred while fetching listing 3761967: Message: Tried to run command without establishing a connection

2025-07-29 22:18:07,793 - ERROR - An error occurred while fetching listing 3767085: Message: Tried to run command without establishing a connection

2025-07-29 22:18:07,794 - ERROR - An error occurred while fetching listing 3740124: Message: Tried to run command without establishing a connection

2025-07-29 22:18:07,795 - ERROR - An error occurred while fetching listing 3743681: Message: Tried to run command without establishing a connection

2025-07-29 22:18:07,796 - ERROR - An error occurred while fetching listing 3762713: Message: Tried to run command without establishing a connection

2025-07-29 22:18:07,797 - ERROR - An error occurred while fetching listing 3727894: Message: Tried to run command without establishing a connection

2025-07-29 22:18:07,797 - ERROR - An error occurred while fetching listing 3729485: Message: Tried to run command without establishing a connection

2025-07-29 22:18:07,798 - ERROR - An error occurred while fetching listing 3737099: Message: Tried to run command without establishing a connection

2025-07-29 22:18:07,799 - ERROR - An error occurred while fetching listing 3762759: Message: Tried to run command without establishing a connection

2025-07-29 22:18:07,800 - ERROR - An error occurred while fetching listing 3743717: Message: Tried to run command without establishing a connection

2025-07-29 22:18:07,801 - ERROR - An error occurred while fetching listing 3760918: Message: Tried to run command without establishing a connection

2025-07-29 22:18:07,803 - ERROR - An error occurred while fetching listing 3762397: Message: Tried to run command without establishing a connection

2025-07-29 22:18:07,804 - ERROR - An error occurred while fetching listing 3725561: Message: Tried to run command without establishing a connection

2025-07-29 22:18:07,805 - ERROR - An error occurred while fetching listing 3619258: Message: Tried to run command without establishing a connection

2025-07-29 22:18:07,805 - ERROR - An error occurred while fetching listing 3754384: Message: Tried to run command without establishing a connection

2025-07-29 22:18:07,806 - ERROR - An error occurred while fetching listing 3767161: Message: Tried to run command without establishing a connection

2025-07-29 22:18:07,807 - ERROR - An error occurred while fetching listing 3747100: Message: Tried to run command without establishing a connection

2025-07-29 22:18:07,808 - ERROR - An error occurred while fetching listing 3767115: Message: Tried to run command without establishing a connection

2025-07-29 22:18:07,809 - ERROR - An error occurred while fetching listing 3753287: Message: Tried to run command without establishing a connection

2025-07-29 22:18:07,810 - ERROR - An error occurred while fetching listing 3743173: Message: Tried to run command without establishing a connection

2025-07-29 22:18:07,811 - ERROR - An error occurred while fetching listing 3738021: Message: Tried to run command without establishing a connection

2025-07-29 22:18:07,812 - ERROR - An error occurred while fetching listing 3753071: Message: Tried to run command without establishing a connection

2025-07-29 22:18:07,813 - ERROR - An error occurred while fetching listing 3766242: Message: Tried to run command without establishing a connection

2025-07-29 22:18:07,814 - ERROR - An error occurred while fetching listing 3766210: Message: Tried to run command without establishing a connection

2025-07-29 22:18:07,815 - ERROR - An error occurred while fetching listing 3762247: Message: Tried to run command without establishing a connection

2025-07-29 22:18:07,816 - ERROR - An error occurred while fetching listing 3741453: Message: Tried to run command without establishing a connection

2025-07-29 22:18:07,817 - ERROR - An error occurred while fetching listing 3757238: Message: Tried to run command without establishing a connection

2025-07-29 22:18:07,818 - ERROR - An error occurred while fetching listing 3750002: Message: Tried to run command without establishing a connection

2025-07-29 22:18:07,819 - ERROR - An error occurred while fetching listing 3731661: Message: Tried to run command without establishing a connection

2025-07-29 22:18:07,820 - ERROR - An error occurred while fetching listing 3758586: Message: Tried to run command without establishing a connection

2025-07-29 22:18:07,821 - ERROR - An error occurred while fetching listing 3761948: Message: Tried to run command without establishing a connection

2025-07-29 22:18:07,821 - ERROR - An error occurred while fetching listing 3738217: Message: Tried to run command without establishing a connection

2025-07-29 22:18:07,822 - ERROR - An error occurred while fetching listing 3767150: Message: Tried to run command without establishing a connection

2025-07-29 22:18:07,823 - ERROR - An error occurred while fetching listing 3757836: Message: Tried to run command without establishing a connection

2025-07-29 22:18:07,823 - ERROR - An error occurred while fetching listing 3743011: Message: Tried to run command without establishing a connection

2025-07-29 22:18:07,824 - ERROR - An error occurred while fetching listing 3766369: Message: Tried to run command without establishing a connection

2025-07-29 22:18:07,825 - ERROR - An error occurred while fetching listing 3764380: Message: Tried to run command without establishing a connection

2025-07-29 22:18:07,826 - ERROR - An error occurred while fetching listing 3750636: Message: Tried to run command without establishing a connection

2025-07-29 22:18:07,826 - ERROR - An error occurred while fetching listing 3753538: Message: Tried to run command without establishing a connection

2025-07-29 22:18:07,827 - ERROR - An error occurred while fetching listing 3724299: Message: Tried to run command without establishing a connection

2025-07-29 22:18:07,828 - ERROR - An error occurred while fetching listing 3759624: Message: Tried to run command without establishing a connection

2025-07-29 22:18:07,829 - ERROR - An error occurred while fetching listing 3727574: Message: Tried to run command without establishing a connection

2025-07-29 22:18:07,829 - ERROR - An error occurred while fetching listing 3751775: Message: Tried to run command without establishing a connection

2025-07-29 22:18:07,830 - ERROR - An error occurred while fetching listing 3759292: Message: Tried to run command without establishing a connection

2025-07-29 22:18:07,831 - ERROR - An error occurred while fetching listing 3727761: Message: Tried to run command without establishing a connection

2025-07-29 22:18:07,832 - ERROR - An error occurred while fetching listing 3753619: Message: Tried to run command without establishing a connection

2025-07-29 22:18:07,833 - ERROR - An error occurred while fetching listing 3740585: Message: Tried to run command without establishing a connection

2025-07-29 22:18:07,834 - ERROR - An error occurred while fetching listing 3750557: Message: Tried to run command without establishing a connection

2025-07-29 22:18:07,835 - ERROR - An error occurred while fetching listing 3763047: Message: Tried to run command without establishing a connection

2025-07-29 22:18:07,836 - ERROR - An error occurred while fetching listing 3768144: Message: Tried to run command without establishing a connection

2025-07-29 22:18:07,836 - ERROR - An error occurred while fetching listing 3763414: Message: Tried to run command without establishing a connection

2025-07-29 22:18:07,837 - ERROR - An error occurred while fetching listing 3757382: Message: Tried to run command without establishing a connection

2025-07-29 22:18:07,838 - ERROR - An error occurred while fetching listing 3747294: Message: Tried to run command without establishing a connection

2025-07-29 22:18:07,839 - ERROR - An error occurred while fetching listing 3760053: Message: Tried to run command without establishing a connection

2025-07-29 22:18:07,840 - ERROR - An error occurred while fetching listing 3768109: Message: Tried to run command without establishing a connection

2025-07-29 22:18:07,841 - ERROR - An error occurred while fetching listing 3751254: Message: Tried to run command without establishing a connection

2025-07-29 22:18:07,842 - ERROR - An error occurred while fetching listing 3754503: Message: Tried to run command without establishing a connection

2025-07-29 22:18:07,843 - ERROR - An error occurred while fetching listing 3760475: Message: Tried to run command without establishing a connection

2025-07-29 22:18:07,844 - ERROR - An error occurred while fetching listing 3753148: Message: Tried to run command without establishing a connection

2025-07-29 22:18:07,845 - ERROR - An error occurred while fetching listing 3759611: Message: Tried to run command without establishing a connection

2025-07-29 22:18:07,845 - ERROR - An error occurred while fetching listing 3751526: Message: Tried to run command without establishing a connection

2025-07-29 22:18:07,846 - ERROR - An error occurred while fetching listing 3749720: Message: Tried to run command without establishing a connection

2025-07-29 22:18:07,847 - ERROR - An error occurred while fetching listing 3758040: Message: Tried to run command without establishing a connection

2025-07-29 22:18:07,847 - ERROR - An error occurred while fetching listing 3744228: Message: Tried to run command without establishing a connection

2025-07-29 22:18:07,848 - ERROR - An error occurred while fetching listing 3759832: Message: Tried to run command without establishing a connection

2025-07-29 22:18:07,849 - ERROR - An error occurred while fetching listing 3752902: Message: Tried to run command without establishing a connection

2025-07-29 22:18:07,850 - ERROR - An error occurred while fetching listing 3762559: Message: Tried to run command without establishing a connection

2025-07-29 22:18:07,850 - ERROR - An error occurred while fetching listing 3766026: Message: Tried to run command without establishing a connection

2025-07-29 22:18:07,851 - ERROR - An error occurred while fetching listing 3749014: Message: Tried to run command without establishing a connection

2025-07-29 22:18:07,852 - ERROR - An error occurred while fetching listing 3761567: Message: Tried to run command without establishing a connection

2025-07-29 22:18:07,853 - ERROR - An error occurred while fetching listing 3763534: Message: Tried to run command without establishing a connection

2025-07-29 22:18:07,853 - ERROR - An error occurred while fetching listing 3731504: Message: Tried to run command without establishing a connection

2025-07-29 22:18:07,854 - ERROR - An error occurred while fetching listing 3750023: Message: Tried to run command without establishing a connection

2025-07-29 22:18:07,855 - ERROR - An error occurred while fetching listing 3767990: Message: Tried to run command without establishing a connection

2025-07-29 22:18:07,856 - ERROR - An error occurred while fetching listing 3761215: Message: Tried to run command without establishing a connection

2025-07-29 22:18:07,856 - ERROR - An error occurred while fetching listing 3757460: Message: Tried to run command without establishing a connection

2025-07-29 22:18:07,857 - ERROR - An error occurred while fetching listing 3759642: Message: Tried to run command without establishing a connection

2025-07-29 22:18:07,858 - ERROR - An error occurred while fetching listing 3759371: Message: Tried to run command without establishing a connection

2025-07-29 22:18:07,859 - ERROR - An error occurred while fetching listing 3764375: Message: Tried to run command without establishing a connection

2025-07-29 22:18:07,859 - ERROR - An error occurred while fetching listing 3735661: Message: Tried to run command without establishing a connection

2025-07-29 22:18:07,860 - ERROR - An error occurred while fetching listing 3752311: Message: Tried to run command without establishing a connection

2025-07-29 22:18:07,861 - ERROR - An error occurred while fetching listing 3758511: Message: Tried to run command without establishing a connection

2025-07-29 22:18:07,862 - ERROR - An error occurred while fetching listing 3755297: Message: Tried to run command without establishing a connection

2025-07-29 22:18:07,862 - ERROR - An error occurred while fetching listing 3729707: Message: Tried to run command without establishing a connection

2025-07-29 22:18:07,863 - ERROR - An error occurred while fetching listing 3753107: Message: Tried to run command without establishing a connection

2025-07-29 22:18:07,864 - ERROR - An error occurred while fetching listing 3755313: Message: Tried to run command without establishing a connection

2025-07-29 22:18:07,864 - ERROR - An error occurred while fetching listing 3741782: Message: Tried to run command without establishing a connection

2025-07-29 22:18:07,865 - ERROR - An error occurred while fetching listing 3739581: Message: Tried to run command without establishing a connection

2025-07-29 22:18:07,866 - ERROR - An error occurred while fetching listing 3748276: Message: Tried to run command without establishing a connection

2025-07-29 22:18:07,867 - ERROR - An error occurred while fetching listing 3471620: Message: Tried to run command without establishing a connection

2025-07-29 22:18:07,867 - ERROR - An error occurred while fetching listing 3753159: Message: Tried to run command without establishing a connection

2025-07-29 22:18:07,868 - ERROR - An error occurred while fetching listing 3767811: Message: Tried to run command without establishing a connection

2025-07-29 22:18:07,869 - ERROR - An error occurred while fetching listing 3756028: Message: Tried to run command without establishing a connection

2025-07-29 22:18:07,870 - ERROR - An error occurred while fetching listing 3758490: Message: Tried to run command without establishing a connection

2025-07-29 22:18:07,870 - ERROR - An error occurred while fetching listing 3751838: Message: Tried to run command without establishing a connection

2025-07-29 22:18:07,871 - ERROR - An error occurred while fetching listing 3752449: Message: Tried to run command without establishing a connection

2025-07-29 22:18:07,872 - ERROR - An error occurred while fetching listing 3767576: Message: Tried to run command without establishing a connection

2025-07-29 22:18:07,872 - ERROR - An error occurred while fetching listing 3738339: Message: Tried to run command without establishing a connection

2025-07-29 22:18:07,873 - ERROR - An error occurred while fetching listing 3763857: Message: Tried to run command without establishing a connection

2025-07-29 22:18:07,874 - ERROR - An error occurred while fetching listing 3744023: Message: Tried to run command without establishing a connection

2025-07-29 22:18:07,875 - ERROR - An error occurred while fetching listing 3765194: Message: Tried to run command without establishing a connection

2025-07-29 22:18:07,875 - ERROR - An error occurred while fetching listing 3761802: Message: Tried to run command without establishing a connection

2025-07-29 22:18:07,876 - ERROR - An error occurred while fetching listing 3755164: Message: Tried to run command without establishing a connection

2025-07-29 22:18:07,877 - ERROR - An error occurred while fetching listing 3725715: Message: Tried to run command without establishing a connection

2025-07-29 22:18:07,878 - ERROR - An error occurred while fetching listing 3764246: Message: Tried to run command without establishing a connection

2025-07-29 22:18:07,878 - ERROR - An error occurred while fetching listing 3765202: Message: Tried to run command without establishing a connection

2025-07-29 22:18:07,879 - ERROR - An error occurred while fetching listing 3762845: Message: Tried to run command without establishing a connection

2025-07-29 22:18:07,880 - ERROR - An error occurred while fetching listing 3739096: Message: Tried to run command without establishing a connection

2025-07-29 22:18:07,880 - ERROR - An error occurred while fetching listing 3733754: Message: Tried to run command without establishing a connection

2025-07-29 22:18:07,881 - ERROR - An error occurred while fetching listing 3760518: Message: Tried to run command without establishing a connection

2025-07-29 22:18:07,882 - ERROR - An error occurred while fetching listing 3761274: Message: Tried to run command without establishing a connection

2025-07-29 22:18:07,882 - ERROR - An error occurred while fetching listing 3755456: Message: Tried to run command without establishing a connection

2025-07-29 22:18:07,883 - ERROR - An error occurred while fetching listing 3744218: Message: Tried to run command without establishing a connection

2025-07-29 22:18:07,884 - ERROR - An error occurred while fetching listing 3733183: Message: Tried to run command without establishing a connection

2025-07-29 22:18:07,885 - ERROR - An error occurred while fetching listing 3764478: Message: Tried to run command without establishing a connection

2025-07-29 22:18:07,885 - ERROR - An error occurred while fetching listing 3757851: Message: Tried to run command without establishing a connection

2025-07-29 22:18:07,886 - ERROR - An error occurred while fetching listing 3748410: Message: Tried to run command without establishing a connection

2025-07-29 22:18:07,887 - ERROR - An error occurred while fetching listing 3753599: Message: Tried to run command without establishing a connection

2025-07-29 22:18:07,888 - ERROR - An error occurred while fetching listing 3725042: Message: Tried to run command without establishing a connection

2025-07-29 22:18:07,888 - ERROR - An error occurred while fetching listing 3754452: Message: Tried to run command without establishing a connection

2025-07-29 22:18:07,889 - ERROR - An error occurred while fetching listing 3754797: Message: Tried to run command without establishing a connection

2025-07-29 22:18:07,890 - ERROR - An error occurred while fetching listing 3767364: Message: Tried to run command without establishing a connection

2025-07-29 22:18:07,890 - ERROR - An error occurred while fetching listing 3731150: Message: Tried to run command without establishing a connection

2025-07-29 22:18:07,891 - ERROR - An error occurred while fetching listing 3751933: Message: Tried to run command without establishing a connection

2025-07-29 22:18:07,892 - ERROR - An error occurred while fetching listing 3760470: Message: Tried to run command without establishing a connection

2025-07-29 22:18:07,893 - ERROR - An error occurred while fetching listing 3754867: Message: Tried to run command without establishing a connection

2025-07-29 22:18:07,893 - ERROR - An error occurred while fetching listing 3744858: Message: Tried to run command without establishing a connection

2025-07-29 22:18:07,894 - ERROR - An error occurred while fetching listing 3750924: Message: Tried to run command without establishing a connection

2025-07-29 22:18:07,895 - ERROR - An error occurred while fetching listing 3751148: Message: Tried to run command without establishing a connection

2025-07-29 22:18:07,895 - ERROR - An error occurred while fetching listing 2642620: Message: Tried to run command without establishing a connection

2025-07-29 22:18:07,896 - ERROR - An error occurred while fetching listing 3758555: Message: Tried to run command without establishing a connection

2025-07-29 22:18:07,897 - ERROR - An error occurred while fetching listing 3725255: Message: Tried to run command without establishing a connection

2025-07-29 22:18:07,898 - ERROR - An error occurred while fetching listing 3748840: Message: Tried to run command without establishing a connection

2025-07-29 22:18:07,898 - ERROR - An error occurred while fetching listing 3762895: Message: Tried to run command without establishing a connection

2025-07-29 22:18:07,899 - ERROR - An error occurred while fetching listing 3741438: Message: Tried to run command without establishing a connection

2025-07-29 22:18:07,900 - ERROR - An error occurred while fetching listing 3740861: Message: Tried to run command without establishing a connection

2025-07-29 22:18:07,901 - ERROR - An error occurred while fetching listing 3767041: Message: Tried to run command without establishing a connection

2025-07-29 22:18:07,901 - ERROR - An error occurred while fetching listing 3756814: Message: Tried to run command without establishing a connection

2025-07-29 22:18:07,902 - ERROR - An error occurred while fetching listing 3750530: Message: Tried to run command without establishing a connection

2025-07-29 22:18:07,903 - ERROR - An error occurred while fetching listing 3766121: Message: Tried to run command without establishing a connection

2025-07-29 22:18:07,903 - ERROR - An error occurred while fetching listing 3767317: Message: Tried to run command without establishing a connection

2025-07-29 22:18:07,904 - ERROR - An error occurred while fetching listing 3762039: Message: Tried to run command without establishing a connection

2025-07-29 22:18:07,905 - ERROR - An error occurred while fetching listing 3744192: Message: Tried to run command without establishing a connection

2025-07-29 22:18:07,906 - ERROR - An error occurred while fetching listing 3748672: Message: Tried to run command without establishing a connection

2025-07-29 22:18:07,906 - ERROR - An error occurred while fetching listing 3739189: Message: Tried to run command without establishing a connection

2025-07-29 22:18:07,907 - ERROR - An error occurred while fetching listing 3727690: Message: Tried to run command without establishing a connection

2025-07-29 22:18:07,908 - ERROR - An error occurred while fetching listing 3579009: Message: Tried to run command without establishing a connection

2025-07-29 22:18:07,909 - ERROR - An error occurred while fetching listing 3748591: Message: Tried to run command without establishing a connection

2025-07-29 22:18:07,909 - ERROR - An error occurred while fetching listing 3742998: Message: Tried to run command without establishing a connection

2025-07-29 22:18:07,910 - ERROR - An error occurred while fetching listing 3755318: Message: Tried to run command without establishing a connection

2025-07-29 22:18:07,911 - ERROR - An error occurred while fetching listing 3768532: Message: Tried to run command without establishing a connection

2025-07-29 22:18:07,912 - ERROR - An error occurred while fetching listing 3759660: Message: Tried to run command without establishing a connection

2025-07-29 22:18:07,912 - ERROR - An error occurred while fetching listing 3761032: Message: Tried to run command without establishing a connection

2025-07-29 22:18:07,913 - ERROR - An error occurred while fetching listing 3755407: Message: Tried to run command without establishing a connection

2025-07-29 22:18:07,914 - ERROR - An error occurred while fetching listing 3760376: Message: Tried to run command without establishing a connection

2025-07-29 22:18:07,915 - ERROR - An error occurred while fetching listing 3740555: Message: Tried to run command without establishing a connection

2025-07-29 22:18:07,915 - ERROR - An error occurred while fetching listing 3765210: Message: Tried to run command without establishing a connection

2025-07-29 22:18:07,916 - ERROR - An error occurred while fetching listing 3632353: Message: Tried to run command without establishing a connection

2025-07-29 22:18:07,917 - ERROR - An error occurred while fetching listing 3761884: Message: Tried to run command without establishing a connection

2025-07-29 22:18:07,917 - ERROR - An error occurred while fetching listing 3757860: Message: Tried to run command without establishing a connection

2025-07-29 22:18:07,918 - ERROR - An error occurred while fetching listing 3765747: Message: Tried to run command without establishing a connection

2025-07-29 22:18:07,919 - ERROR - An error occurred while fetching listing 3763098: Message: Tried to run command without establishing a connection

2025-07-29 22:18:07,920 - ERROR - An error occurred while fetching listing 3752598: Message: Tried to run command without establishing a connection

2025-07-29 22:18:07,921 - ERROR - An error occurred while fetching listing 3747517: Message: Tried to run command without establishing a connection

2025-07-29 22:18:07,921 - ERROR - An error occurred while fetching listing 3740529: Message: Tried to run command without establishing a connection

2025-07-29 22:18:07,922 - ERROR - An error occurred while fetching listing 3764330: Message: Tried to run command without establishing a connection

2025-07-29 22:18:07,923 - ERROR - An error occurred while fetching listing 3756383: Message: Tried to run command without establishing a connection

2025-07-29 22:18:07,923 - ERROR - An error occurred while fetching listing 3761369: Message: Tried to run command without establishing a connection

2025-07-29 22:18:07,924 - ERROR - An error occurred while fetching listing 3744803: Message: Tried to run command without establishing a connection

2025-07-29 22:18:07,925 - ERROR - An error occurred while fetching listing 3732866: Message: Tried to run command without establishing a connection

2025-07-29 22:18:07,926 - ERROR - An error occurred while fetching listing 3764249: Message: Tried to run command without establishing a connection

2025-07-29 22:18:07,926 - ERROR - An error occurred while fetching listing 3761635: Message: Tried to run command without establishing a connection

2025-07-29 22:18:07,927 - ERROR - An error occurred while fetching listing 3761821: Message: Tried to run command without establishing a connection

2025-07-29 22:18:07,928 - ERROR - An error occurred while fetching listing 3746718: Message: Tried to run command without establishing a connection

2025-07-29 22:18:07,929 - ERROR - An error occurred while fetching listing 3749808: Message: Tried to run command without establishing a connection

2025-07-29 22:18:07,929 - ERROR - An error occurred while fetching listing 3586216: Message: Tried to run command without establishing a connection

2025-07-29 22:18:07,930 - ERROR - An error occurred while fetching listing 3762435: Message: Tried to run command without establishing a connection

2025-07-29 22:18:07,931 - ERROR - An error occurred while fetching listing 3737767: Message: Tried to run command without establishing a connection

2025-07-29 22:18:07,931 - ERROR - An error occurred while fetching listing 3760431: Message: Tried to run command without establishing a connection

2025-07-29 22:18:07,932 - ERROR - An error occurred while fetching listing 3742140: Message: Tried to run command without establishing a connection

2025-07-29 22:18:07,933 - ERROR - An error occurred while fetching listing 3761085: Message: Tried to run command without establishing a connection

2025-07-29 22:18:07,934 - ERROR - An error occurred while fetching listing 3739721: Message: Tried to run command without establishing a connection

2025-07-29 22:18:07,935 - ERROR - An error occurred while fetching listing 3751963: Message: Tried to run command without establishing a connection

2025-07-29 22:18:07,936 - ERROR - An error occurred while fetching listing 3728657: Message: Tried to run command without establishing a connection

2025-07-29 22:18:07,937 - ERROR - An error occurred while fetching listing 3741571: Message: Tried to run command without establishing a connection

2025-07-29 22:18:07,937 - ERROR - An error occurred while fetching listing 3754907: Message: Tried to run command without establishing a connection

2025-07-29 22:18:07,938 - ERROR - An error occurred while fetching listing 3755338: Message: Tried to run command without establishing a connection

2025-07-29 22:18:07,939 - ERROR - An error occurred while fetching listing 3736835: Message: Tried to run command without establishing a connection

2025-07-29 22:18:07,940 - ERROR - An error occurred while fetching listing 3754484: Message: Tried to run command without establishing a connection

2025-07-29 22:18:07,941 - ERROR - An error occurred while fetching listing 3755760: Message: Tried to run command without establishing a connection

2025-07-29 22:18:07,942 - ERROR - An error occurred while fetching listing 3765593: Message: Tried to run command without establishing a connection

2025-07-29 22:18:07,943 - ERROR - An error occurred while fetching listing 3761914: Message: Tried to run command without establishing a connection

2025-07-29 22:18:07,944 - ERROR - An error occurred while fetching listing 3735121: Message: Tried to run command without establishing a connection

2025-07-29 22:18:07,944 - ERROR - An error occurred while fetching listing 3756353: Message: Tried to run command without establishing a connection

2025-07-29 22:18:07,945 - ERROR - An error occurred while fetching listing 3768342: Message: Tried to run command without establishing a connection

2025-07-29 22:18:07,946 - ERROR - An error occurred while fetching listing 3758186: Message: Tried to run command without establishing a connection

2025-07-29 22:18:07,947 - ERROR - An error occurred while fetching listing 3764617: Message: Tried to run command without establishing a connection

2025-07-29 22:18:07,948 - ERROR - An error occurred while fetching listing 3724516: Message: Tried to run command without establishing a connection

2025-07-29 22:18:07,949 - ERROR - An error occurred while fetching listing 3754844: Message: Tried to run command without establishing a connection

2025-07-29 22:18:07,950 - ERROR - An error occurred while fetching listing 3749974: Message: Tried to run command without establishing a connection

2025-07-29 22:18:07,951 - ERROR - An error occurred while fetching listing 3763604: Message: Tried to run command without establishing a connection

2025-07-29 22:18:07,951 - ERROR - An error occurred while fetching listing 3767551: Message: Tried to run command without establishing a connection

2025-07-29 22:18:07,952 - ERROR - An error occurred while fetching listing 3743720: Message: Tried to run command without establishing a connection

2025-07-29 22:18:07,953 - ERROR - An error occurred while fetching listing 3755700: Message: Tried to run command without establishing a connection

2025-07-29 22:18:07,954 - ERROR - An error occurred while fetching listing 3738020: Message: Tried to run command without establishing a connection

2025-07-29 22:18:07,954 - ERROR - An error occurred while fetching listing 3722187: Message: Tried to run command without establishing a connection

2025-07-29 22:18:07,955 - ERROR - An error occurred while fetching listing 3740612: Message: Tried to run command without establishing a connection

2025-07-29 22:18:07,956 - ERROR - An error occurred while fetching listing 3768398: Message: Tried to run command without establishing a connection

2025-07-29 22:18:07,957 - ERROR - An error occurred while fetching listing 3731470: Message: Tried to run command without establishing a connection

2025-07-29 22:18:07,958 - ERROR - An error occurred while fetching listing 3760950: Message: Tried to run command without establishing a connection

2025-07-29 22:18:07,959 - ERROR - An error occurred while fetching listing 3755326: Message: Tried to run command without establishing a connection

2025-07-29 22:18:07,960 - ERROR - An error occurred while fetching listing 3724073: Message: Tried to run command without establishing a connection

2025-07-29 22:18:07,961 - ERROR - An error occurred while fetching listing 3764557: Message: Tried to run command without establishing a connection

2025-07-29 22:18:07,962 - ERROR - An error occurred while fetching listing 3765584: Message: Tried to run command without establishing a connection

2025-07-29 22:18:07,963 - ERROR - An error occurred while fetching listing 3759490: Message: Tried to run command without establishing a connection

2025-07-29 22:18:07,963 - ERROR - An error occurred while fetching listing 3741778: Message: Tried to run command without establishing a connection

2025-07-29 22:18:07,964 - ERROR - An error occurred while fetching listing 3732289: Message: Tried to run command without establishing a connection

2025-07-29 22:18:07,965 - ERROR - An error occurred while fetching listing 3767026: Message: Tried to run command without establishing a connection

2025-07-29 22:18:07,966 - ERROR - An error occurred while fetching listing 3758787: Message: Tried to run command without establishing a connection

2025-07-29 22:18:07,967 - ERROR - An error occurred while fetching listing 3761313: Message: Tried to run command without establishing a connection

2025-07-29 22:18:07,968 - ERROR - An error occurred while fetching listing 3755749: Message: Tried to run command without establishing a connection

2025-07-29 22:18:07,969 - ERROR - An error occurred while fetching listing 3763790: Message: Tried to run command without establishing a connection

2025-07-29 22:18:07,970 - ERROR - An error occurred while fetching listing 3727972: Message: Tried to run command without establishing a connection

2025-07-29 22:18:07,971 - ERROR - An error occurred while fetching listing 3767159: Message: Tried to run command without establishing a connection

2025-07-29 22:18:07,972 - ERROR - An error occurred while fetching listing 3749595: Message: Tried to run command without establishing a connection

2025-07-29 22:18:07,973 - ERROR - An error occurred while fetching listing 3730390: Message: Tried to run command without establishing a connection

2025-07-29 22:18:07,973 - ERROR - An error occurred while fetching listing 3762185: Message: Tried to run command without establishing a connection

2025-07-29 22:18:07,974 - ERROR - An error occurred while fetching listing 3741166: Message: Tried to run command without establishing a connection

2025-07-29 22:18:07,975 - ERROR - An error occurred while fetching listing 3767936: Message: Tried to run command without establishing a connection

2025-07-29 22:18:07,976 - ERROR - An error occurred while fetching listing 3740427: Message: Tried to run command without establishing a connection

2025-07-29 22:18:07,976 - ERROR - An error occurred while fetching listing 3758613: Message: Tried to run command without establishing a connection

2025-07-29 22:18:07,977 - ERROR - An error occurred while fetching listing 3733440: Message: Tried to run command without establishing a connection

2025-07-29 22:18:07,978 - ERROR - An error occurred while fetching listing 3738603: Message: Tried to run command without establishing a connection

2025-07-29 22:18:07,979 - ERROR - An error occurred while fetching listing 3751747: Message: Tried to run command without establishing a connection

2025-07-29 22:18:07,979 - ERROR - An error occurred while fetching listing 3762531: Message: Tried to run command without establishing a connection

2025-07-29 22:18:07,980 - ERROR - An error occurred while fetching listing 3750373: Message: Tried to run command without establishing a connection

2025-07-29 22:18:07,981 - ERROR - An error occurred while fetching listing 3739410: Message: Tried to run command without establishing a connection

2025-07-29 22:18:07,982 - ERROR - An error occurred while fetching listing 3758812: Message: Tried to run command without establishing a connection

2025-07-29 22:18:07,983 - ERROR - An error occurred while fetching listing 3729506: Message: Tried to run command without establishing a connection

2025-07-29 22:18:07,983 - ERROR - An error occurred while fetching listing 3766799: Message: Tried to run command without establishing a connection

2025-07-29 22:18:07,984 - ERROR - An error occurred while fetching listing 3731500: Message: Tried to run command without establishing a connection

2025-07-29 22:18:07,985 - ERROR - An error occurred while fetching listing 3752882: Message: Tried to run command without establishing a connection

2025-07-29 22:18:07,986 - ERROR - An error occurred while fetching listing 3732722: Message: Tried to run command without establishing a connection

2025-07-29 22:18:07,987 - ERROR - An error occurred while fetching listing 3750603: Message: Tried to run command without establishing a connection

2025-07-29 22:18:07,988 - ERROR - An error occurred while fetching listing 3754122: Message: Tried to run command without establishing a connection

2025-07-29 22:18:07,989 - ERROR - An error occurred while fetching listing 3768259: Message: Tried to run command without establishing a connection

2025-07-29 22:18:07,990 - ERROR - An error occurred while fetching listing 3752914: Message: Tried to run command without establishing a connection

2025-07-29 22:18:07,991 - ERROR - An error occurred while fetching listing 3746355: Message: Tried to run command without establishing a connection

2025-07-29 22:18:07,992 - ERROR - An error occurred while fetching listing 3758563: Message: Tried to run command without establishing a connection

2025-07-29 22:18:07,993 - ERROR - An error occurred while fetching listing 3728318: Message: Tried to run command without establishing a connection

2025-07-29 22:18:07,994 - ERROR - An error occurred while fetching listing 3756298: Message: Tried to run command without establishing a connection

2025-07-29 22:18:07,995 - ERROR - An error occurred while fetching listing 3747762: Message: Tried to run command without establishing a connection

2025-07-29 22:18:07,996 - ERROR - An error occurred while fetching listing 3767132: Message: Tried to run command without establishing a connection

2025-07-29 22:18:07,997 - ERROR - An error occurred while fetching listing 3538783: Message: Tried to run command without establishing a connection

2025-07-29 22:18:07,997 - ERROR - An error occurred while fetching listing 3757423: Message: Tried to run command without establishing a connection

2025-07-29 22:18:07,998 - ERROR - An error occurred while fetching listing 3762330: Message: Tried to run command without establishing a connection

2025-07-29 22:18:07,999 - ERROR - An error occurred while fetching listing 3733387: Message: Tried to run command without establishing a connection

2025-07-29 22:18:08,000 - ERROR - An error occurred while fetching listing 3758330: Message: Tried to run command without establishing a connection

2025-07-29 22:18:08,001 - ERROR - An error occurred while fetching listing 3762288: Message: Tried to run command without establishing a connection

2025-07-29 22:18:08,002 - ERROR - An error occurred while fetching listing 3734240: Message: Tried to run command without establishing a connection

2025-07-29 22:18:08,003 - ERROR - An error occurred while fetching listing 3732164: Message: Tried to run command without establishing a connection

2025-07-29 22:18:08,004 - ERROR - An error occurred while fetching listing 3739986: Message: Tried to run command without establishing a connection

2025-07-29 22:18:08,004 - ERROR - An error occurred while fetching listing 3753299: Message: Tried to run command without establishing a connection

2025-07-29 22:18:08,005 - ERROR - An error occurred while fetching listing 3758965: Message: Tried to run command without establishing a connection

2025-07-29 22:18:08,006 - ERROR - An error occurred while fetching listing 3731413: Message: Tried to run command without establishing a connection

2025-07-29 22:18:08,007 - ERROR - An error occurred while fetching listing 3766007: Message: Tried to run command without establishing a connection

2025-07-29 22:18:08,008 - ERROR - An error occurred while fetching listing 3756271: Message: Tried to run command without establishing a connection

2025-07-29 22:18:08,009 - ERROR - An error occurred while fetching listing 3742008: Message: Tried to run command without establishing a connection

2025-07-29 22:18:08,010 - ERROR - An error occurred while fetching listing 3757141: Message: Tried to run command without establishing a connection

2025-07-29 22:18:08,010 - ERROR - An error occurred while fetching listing 3734151: Message: Tried to run command without establishing a connection

2025-07-29 22:18:08,011 - ERROR - An error occurred while fetching listing 3746109: Message: Tried to run command without establishing a connection

2025-07-29 22:18:08,012 - ERROR - An error occurred while fetching listing 3768036: Message: Tried to run command without establishing a connection

2025-07-29 22:18:08,013 - ERROR - An error occurred while fetching listing 3755958: Message: Tried to run command without establishing a connection

2025-07-29 22:18:08,013 - ERROR - An error occurred while fetching listing 3755289: Message: Tried to run command without establishing a connection

2025-07-29 22:18:08,014 - ERROR - An error occurred while fetching listing 3764068: Message: Tried to run command without establishing a connection

2025-07-29 22:18:08,015 - ERROR - An error occurred while fetching listing 3766977: Message: Tried to run command without establishing a connection

2025-07-29 22:18:08,016 - ERROR - An error occurred while fetching listing 3752025: Message: Tried to run command without establishing a connection

2025-07-29 22:18:08,016 - ERROR - An error occurred while fetching listing 3750313: Message: Tried to run command without establishing a connection

2025-07-29 22:18:08,017 - ERROR - An error occurred while fetching listing 3755181: Message: Tried to run command without establishing a connection

2025-07-29 22:18:08,018 - ERROR - An error occurred while fetching listing 3729424: Message: Tried to run command without establishing a connection

2025-07-29 22:18:08,019 - ERROR - An error occurred while fetching listing 3739708: Message: Tried to run command without establishing a connection

2025-07-29 22:18:08,020 - ERROR - An error occurred while fetching listing 3747304: Message: Tried to run command without establishing a connection

2025-07-29 22:18:08,021 - ERROR - An error occurred while fetching listing 3760004: Message: Tried to run command without establishing a connection

2025-07-29 22:18:08,022 - ERROR - An error occurred while fetching listing 3743393: Message: Tried to run command without establishing a connection

2025-07-29 22:18:08,023 - ERROR - An error occurred while fetching listing 3756276: Message: Tried to run command without establishing a connection

2025-07-29 22:18:08,024 - ERROR - An error occurred while fetching listing 3763446: Message: Tried to run command without establishing a connection

2025-07-29 22:18:08,024 - ERROR - An error occurred while fetching listing 3762008: Message: Tried to run command without establishing a connection

2025-07-29 22:18:08,025 - ERROR - An error occurred while fetching listing 3740538: Message: Tried to run command without establishing a connection

2025-07-29 22:18:08,026 - ERROR - An error occurred while fetching listing 3763860: Message: Tried to run command without establishing a connection

2025-07-29 22:18:08,027 - ERROR - An error occurred while fetching listing 3767357: Message: Tried to run command without establishing a connection

2025-07-29 22:18:08,027 - ERROR - An error occurred while fetching listing 3766326: Message: Tried to run command without establishing a connection

2025-07-29 22:18:08,028 - ERROR - An error occurred while fetching listing 3759426: Message: Tried to run command without establishing a connection

2025-07-29 22:18:08,029 - ERROR - An error occurred while fetching listing 3727251: Message: Tried to run command without establishing a connection

2025-07-29 22:18:08,030 - ERROR - An error occurred while fetching listing 3745989: Message: Tried to run command without establishing a connection

2025-07-29 22:18:08,030 - ERROR - An error occurred while fetching listing 3747023: Message: Tried to run command without establishing a connection

2025-07-29 22:18:08,031 - ERROR - An error occurred while fetching listing 3766179: Message: Tried to run command without establishing a connection

2025-07-29 22:18:08,032 - ERROR - An error occurred while fetching listing 3758345: Message: Tried to run command without establishing a connection

2025-07-29 22:18:08,033 - ERROR - An error occurred while fetching listing 3753295: Message: Tried to run command without establishing a connection

2025-07-29 22:18:08,034 - ERROR - An error occurred while fetching listing 3440860: Message: Tried to run command without establishing a connection

2025-07-29 22:18:08,035 - ERROR - An error occurred while fetching listing 3673335: Message: Tried to run command without establishing a connection

2025-07-29 22:18:08,036 - ERROR - An error occurred while fetching listing 3762764: Message: Tried to run command without establishing a connection

2025-07-29 22:18:08,037 - ERROR - An error occurred while fetching listing 3740760: Message: Tried to run command without establishing a connection

2025-07-29 22:18:08,038 - ERROR - An error occurred while fetching listing 3725214: Message: Tried to run command without establishing a connection

2025-07-29 22:18:08,038 - ERROR - An error occurred while fetching listing 3742515: Message: Tried to run command without establishing a connection

2025-07-29 22:18:08,039 - ERROR - An error occurred while fetching listing 3757769: Message: Tried to run command without establishing a connection

2025-07-29 22:18:08,040 - ERROR - An error occurred while fetching listing 3731907: Message: Tried to run command without establishing a connection

2025-07-29 22:18:08,041 - ERROR - An error occurred while fetching listing 3766560: Message: Tried to run command without establishing a connection

2025-07-29 22:18:08,042 - ERROR - An error occurred while fetching listing 3764212: Message: Tried to run command without establishing a connection

2025-07-29 22:18:08,043 - ERROR - An error occurred while fetching listing 3749259: Message: Tried to run command without establishing a connection

2025-07-29 22:18:08,044 - ERROR - An error occurred while fetching listing 3748966: Message: Tried to run command without establishing a connection

2025-07-29 22:18:08,045 - ERROR - An error occurred while fetching listing 3767359: Message: Tried to run command without establishing a connection

2025-07-29 22:18:08,046 - ERROR - An error occurred while fetching listing 3667492: Message: Tried to run command without establishing a connection

2025-07-29 22:18:08,047 - ERROR - An error occurred while fetching listing 3745564: Message: Tried to run command without establishing a connection

2025-07-29 22:18:08,047 - ERROR - An error occurred while fetching listing 3732215: Message: Tried to run command without establishing a connection

2025-07-29 22:18:08,048 - ERROR - An error occurred while fetching listing 3760426: Message: Tried to run command without establishing a connection

2025-07-29 22:18:08,049 - ERROR - An error occurred while fetching listing 3745375: Message: Tried to run command without establishing a connection

2025-07-29 22:18:08,050 - ERROR - An error occurred while fetching listing 3766332: Message: Tried to run command without establishing a connection

2025-07-29 22:18:08,050 - ERROR - An error occurred while fetching listing 3751184: Message: Tried to run command without establishing a connection

2025-07-29 22:18:08,051 - ERROR - An error occurred while fetching listing 3763580: Message: Tried to run command without establishing a connection

2025-07-29 22:18:08,052 - ERROR - An error occurred while fetching listing 3761474: Message: Tried to run command without establishing a connection

2025-07-29 22:18:08,053 - ERROR - An error occurred while fetching listing 3759549: Message: Tried to run command without establishing a connection

2025-07-29 22:18:08,053 - ERROR - An error occurred while fetching listing 3735082: Message: Tried to run command without establishing a connection

2025-07-29 22:18:08,054 - ERROR - An error occurred while fetching listing 3755176: Message: Tried to run command without establishing a connection

2025-07-29 22:18:08,055 - ERROR - An error occurred while fetching listing 3746895: Message: Tried to run command without establishing a connection

2025-07-29 22:18:08,056 - ERROR - An error occurred while fetching listing 3742795: Message: Tried to run command without establishing a connection

2025-07-29 22:18:08,057 - ERROR - An error occurred while fetching listing 3728544: Message: Tried to run command without establishing a connection

2025-07-29 22:18:08,057 - ERROR - An error occurred while fetching listing 3765572: Message: Tried to run command without establishing a connection

2025-07-29 22:18:08,058 - ERROR - An error occurred while fetching listing 3758378: Message: Tried to run command without establishing a connection

2025-07-29 22:18:08,059 - ERROR - An error occurred while fetching listing 3759394: Message: Tried to run command without establishing a connection

2025-07-29 22:18:08,060 - ERROR - An error occurred while fetching listing 3763719: Message: Tried to run command without establishing a connection

2025-07-29 22:18:08,060 - ERROR - An error occurred while fetching listing 3756632: Message: Tried to run command without establishing a connection

2025-07-29 22:18:08,061 - ERROR - An error occurred while fetching listing 3737847: Message: Tried to run command without establishing a connection

2025-07-29 22:18:08,062 - ERROR - An error occurred while fetching listing 3729507: Message: Tried to run command without establishing a connection

2025-07-29 22:18:08,062 - ERROR - An error occurred while fetching listing 3748395: Message: Tried to run command without establishing a connection

2025-07-29 22:18:08,063 - ERROR - An error occurred while fetching listing 3758907: Message: Tried to run command without establishing a connection

2025-07-29 22:18:08,064 - ERROR - An error occurred while fetching listing 3745756: Message: Tried to run command without establishing a connection

2025-07-29 22:18:08,065 - ERROR - An error occurred while fetching listing 3766937: Message: Tried to run command without establishing a connection

2025-07-29 22:18:08,065 - ERROR - An error occurred while fetching listing 3722784: Message: Tried to run command without establishing a connection

2025-07-29 22:18:08,066 - ERROR - An error occurred while fetching listing 3742444: Message: Tried to run command without establishing a connection

2025-07-29 22:18:08,067 - ERROR - An error occurred while fetching listing 3764603: Message: Tried to run command without establishing a connection

2025-07-29 22:18:08,068 - ERROR - An error occurred while fetching listing 3756712: Message: Tried to run command without establishing a connection

2025-07-29 22:18:08,068 - ERROR - An error occurred while fetching listing 3755265: Message: Tried to run command without establishing a connection

2025-07-29 22:18:08,069 - ERROR - An error occurred while fetching listing 3731133: Message: Tried to run command without establishing a connection

2025-07-29 22:18:08,070 - ERROR - An error occurred while fetching listing 3750060: Message: Tried to run command without establishing a connection

2025-07-29 22:18:08,070 - ERROR - An error occurred while fetching listing 3763202: Message: Tried to run command without establishing a connection

2025-07-29 22:18:08,071 - ERROR - An error occurred while fetching listing 3767336: Message: Tried to run command without establishing a connection

2025-07-29 22:18:08,072 - ERROR - An error occurred while fetching listing 3767640: Message: Tried to run command without establishing a connection

2025-07-29 22:18:08,073 - ERROR - An error occurred while fetching listing 3745164: Message: Tried to run command without establishing a connection

2025-07-29 22:18:08,073 - ERROR - An error occurred while fetching listing 3764751: Message: Tried to run command without establishing a connection

2025-07-29 22:18:08,074 - ERROR - An error occurred while fetching listing 3752295: Message: Tried to run command without establishing a connection

2025-07-29 22:18:08,075 - ERROR - An error occurred while fetching listing 3764502: Message: Tried to run command without establishing a connection

2025-07-29 22:18:08,075 - ERROR - An error occurred while fetching listing 3755947: Message: Tried to run command without establishing a connection

2025-07-29 22:18:08,076 - ERROR - An error occurred while fetching listing 3748399: Message: Tried to run command without establishing a connection

2025-07-29 22:18:08,077 - ERROR - An error occurred while fetching listing 3734475: Message: Tried to run command without establishing a connection

2025-07-29 22:18:08,078 - ERROR - An error occurred while fetching listing 3760242: Message: Tried to run command without establishing a connection

2025-07-29 22:18:08,078 - ERROR - An error occurred while fetching listing 3760844: Message: Tried to run command without establishing a connection

2025-07-29 22:18:08,079 - ERROR - An error occurred while fetching listing 3758757: Message: Tried to run command without establishing a connection

2025-07-29 22:18:08,080 - ERROR - An error occurred while fetching listing 3763121: Message: Tried to run command without establishing a connection

2025-07-29 22:18:08,081 - ERROR - An error occurred while fetching listing 3757707: Message: Tried to run command without establishing a connection

2025-07-29 22:18:08,081 - ERROR - An error occurred while fetching listing 3744270: Message: Tried to run command without establishing a connection

2025-07-29 22:18:08,082 - ERROR - An error occurred while fetching listing 3740646: Message: Tried to run command without establishing a connection

2025-07-29 22:18:08,083 - ERROR - An error occurred while fetching listing 3744806: Message: Tried to run command without establishing a connection

2025-07-29 22:18:08,083 - ERROR - An error occurred while fetching listing 3762063: Message: Tried to run command without establishing a connection

2025-07-29 22:18:08,084 - ERROR - An error occurred while fetching listing 3745785: Message: Tried to run command without establishing a connection

2025-07-29 22:18:08,085 - ERROR - An error occurred while fetching listing 3727114: Message: Tried to run command without establishing a connection

2025-07-29 22:18:08,086 - ERROR - An error occurred while fetching listing 3764213: Message: Tried to run command without establishing a connection

2025-07-29 22:18:08,086 - ERROR - An error occurred while fetching listing 3735111: Message: Tried to run command without establishing a connection

2025-07-29 22:18:08,087 - ERROR - An error occurred while fetching listing 3747280: Message: Tried to run command without establishing a connection

2025-07-29 22:18:08,088 - ERROR - An error occurred while fetching listing 3765196: Message: Tried to run command without establishing a connection

2025-07-29 22:18:08,089 - ERROR - An error occurred while fetching listing 3594999: Message: Tried to run command without establishing a connection

2025-07-29 22:18:08,089 - ERROR - An error occurred while fetching listing 3580163: Message: Tried to run command without establishing a connection

2025-07-29 22:18:08,090 - ERROR - An error occurred while fetching listing 3766679: Message: Tried to run command without establishing a connection

2025-07-29 22:18:08,091 - ERROR - An error occurred while fetching listing 3742872: Message: Tried to run command without establishing a connection

2025-07-29 22:18:08,091 - ERROR - An error occurred while fetching listing 3750454: Message: Tried to run command without establishing a connection

2025-07-29 22:18:08,092 - ERROR - An error occurred while fetching listing 3737464: Message: Tried to run command without establishing a connection

2025-07-29 22:18:08,093 - ERROR - An error occurred while fetching listing 3744844: Message: Tried to run command without establishing a connection

2025-07-29 22:18:08,094 - ERROR - An error occurred while fetching listing 3745338: Message: Tried to run command without establishing a connection

2025-07-29 22:18:08,094 - ERROR - An error occurred while fetching listing 3749566: Message: Tried to run command without establishing a connection

2025-07-29 22:18:08,095 - ERROR - An error occurred while fetching listing 3389695: Message: Tried to run command without establishing a connection

2025-07-29 22:18:08,096 - ERROR - An error occurred while fetching listing 3753514: Message: Tried to run command without establishing a connection

2025-07-29 22:18:08,097 - ERROR - An error occurred while fetching listing 3754537: Message: Tried to run command without establishing a connection

2025-07-29 22:18:08,097 - ERROR - An error occurred while fetching listing 3742622: Message: Tried to run command without establishing a connection

2025-07-29 22:18:08,098 - ERROR - An error occurred while fetching listing 3740467: Message: Tried to run command without establishing a connection

2025-07-29 22:18:08,099 - ERROR - An error occurred while fetching listing 3754837: Message: Tried to run command without establishing a connection

2025-07-29 22:18:08,100 - ERROR - An error occurred while fetching listing 3724910: Message: Tried to run command without establishing a connection

2025-07-29 22:18:08,100 - ERROR - An error occurred while fetching listing 3751133: Message: Tried to run command without establishing a connection

2025-07-29 22:18:08,101 - ERROR - An error occurred while fetching listing 3763975: Message: Tried to run command without establishing a connection

2025-07-29 22:18:08,102 - ERROR - An error occurred while fetching listing 3734772: Message: Tried to run command without establishing a connection

2025-07-29 22:18:08,102 - ERROR - An error occurred while fetching listing 3751708: Message: Tried to run command without establishing a connection

2025-07-29 22:18:08,103 - ERROR - An error occurred while fetching listing 3742579: Message: Tried to run command without establishing a connection

2025-07-29 22:18:08,104 - ERROR - An error occurred while fetching listing 3728128: Message: Tried to run command without establishing a connection

2025-07-29 22:18:08,105 - ERROR - An error occurred while fetching listing 3728426: Message: Tried to run command without establishing a connection

2025-07-29 22:18:08,105 - ERROR - An error occurred while fetching listing 3766286: Message: Tried to run command without establishing a connection

2025-07-29 22:18:08,106 - ERROR - An error occurred while fetching listing 3760874: Message: Tried to run command without establishing a connection

2025-07-29 22:18:08,107 - ERROR - An error occurred while fetching listing 3745954: Message: Tried to run command without establishing a connection

2025-07-29 22:18:08,108 - ERROR - An error occurred while fetching listing 3748433: Message: Tried to run command without establishing a connection

2025-07-29 22:18:08,108 - ERROR - An error occurred while fetching listing 3725283: Message: Tried to run command without establishing a connection

2025-07-29 22:18:08,109 - ERROR - An error occurred while fetching listing 3734444: Message: Tried to run command without establishing a connection

2025-07-29 22:18:08,110 - ERROR - An error occurred while fetching listing 3724281: Message: Tried to run command without establishing a connection

2025-07-29 22:18:08,111 - ERROR - An error occurred while fetching listing 3764441: Message: Tried to run command without establishing a connection

2025-07-29 22:18:08,111 - ERROR - An error occurred while fetching listing 3731258: Message: Tried to run command without establishing a connection

2025-07-29 22:18:08,112 - ERROR - An error occurred while fetching listing 3739413: Message: Tried to run command without establishing a connection

2025-07-29 22:18:08,113 - ERROR - An error occurred while fetching listing 3755619: Message: Tried to run command without establishing a connection

2025-07-29 22:18:08,114 - ERROR - An error occurred while fetching listing 3602636: Message: Tried to run command without establishing a connection

2025-07-29 22:18:08,114 - ERROR - An error occurred while fetching listing 3737597: Message: Tried to run command without establishing a connection

2025-07-29 22:18:08,115 - ERROR - An error occurred while fetching listing 3753758: Message: Tried to run command without establishing a connection

2025-07-29 22:18:08,116 - ERROR - An error occurred while fetching listing 3756559: Message: Tried to run command without establishing a connection

2025-07-29 22:18:08,116 - ERROR - An error occurred while fetching listing 3739499: Message: Tried to run command without establishing a connection

2025-07-29 22:18:08,117 - ERROR - An error occurred while fetching listing 3749034: Message: Tried to run command without establishing a connection

2025-07-29 22:18:08,118 - ERROR - An error occurred while fetching listing 3728697: Message: Tried to run command without establishing a connection

2025-07-29 22:18:08,118 - ERROR - An error occurred while fetching listing 3759548: Message: Tried to run command without establishing a connection

2025-07-29 22:18:08,119 - ERROR - An error occurred while fetching listing 3739544: Message: Tried to run command without establishing a connection

2025-07-29 22:18:08,120 - ERROR - An error occurred while fetching listing 3748012: Message: Tried to run command without establishing a connection

2025-07-29 22:18:08,121 - ERROR - An error occurred while fetching listing 3768101: Message: Tried to run command without establishing a connection

2025-07-29 22:18:08,121 - ERROR - An error occurred while fetching listing 3760498: Message: Tried to run command without establishing a connection

2025-07-29 22:18:08,122 - ERROR - An error occurred while fetching listing 3749658: Message: Tried to run command without establishing a connection

2025-07-29 22:18:08,123 - ERROR - An error occurred while fetching listing 3741985: Message: Tried to run command without establishing a connection

2025-07-29 22:18:08,124 - ERROR - An error occurred while fetching listing 3760111: Message: Tried to run command without establishing a connection

2025-07-29 22:18:08,125 - ERROR - An error occurred while fetching listing 3601965: Message: Tried to run command without establishing a connection

2025-07-29 22:18:08,125 - ERROR - An error occurred while fetching listing 3755528: Message: Tried to run command without establishing a connection

2025-07-29 22:18:08,126 - ERROR - An error occurred while fetching listing 3765436: Message: Tried to run command without establishing a connection

2025-07-29 22:18:08,127 - ERROR - An error occurred while fetching listing 3752207: Message: Tried to run command without establishing a connection

2025-07-29 22:18:08,127 - ERROR - An error occurred while fetching listing 3761368: Message: Tried to run command without establishing a connection

2025-07-29 22:18:08,128 - ERROR - An error occurred while fetching listing 3447850: Message: Tried to run command without establishing a connection

2025-07-29 22:18:08,129 - ERROR - An error occurred while fetching listing 3762720: Message: Tried to run command without establishing a connection

2025-07-29 22:18:08,130 - ERROR - An error occurred while fetching listing 3727243: Message: Tried to run command without establishing a connection

2025-07-29 22:18:08,130 - ERROR - An error occurred while fetching listing 3740657: Message: Tried to run command without establishing a connection

2025-07-29 22:18:08,131 - ERROR - An error occurred while fetching listing 3759940: Message: Tried to run command without establishing a connection

2025-07-29 22:18:08,132 - ERROR - An error occurred while fetching listing 3760489: Message: Tried to run command without establishing a connection

2025-07-29 22:18:08,132 - ERROR - An error occurred while fetching listing 3586019: Message: Tried to run command without establishing a connection

2025-07-29 22:18:08,133 - ERROR - An error occurred while fetching listing 3760571: Message: Tried to run command without establishing a connection

2025-07-29 22:18:08,134 - ERROR - An error occurred while fetching listing 3675604: Message: Tried to run command without establishing a connection

2025-07-29 22:18:08,135 - ERROR - An error occurred while fetching listing 3725802: Message: Tried to run command without establishing a connection

2025-07-29 22:18:08,135 - ERROR - An error occurred while fetching listing 3767679: Message: Tried to run command without establishing a connection

2025-07-29 22:18:08,136 - ERROR - An error occurred while fetching listing 3754657: Message: Tried to run command without establishing a connection

2025-07-29 22:18:08,137 - ERROR - An error occurred while fetching listing 3753106: Message: Tried to run command without establishing a connection

2025-07-29 22:18:08,138 - ERROR - An error occurred while fetching listing 3757469: Message: Tried to run command without establishing a connection

2025-07-29 22:18:08,138 - ERROR - An error occurred while fetching listing 3709537: Message: Tried to run command without establishing a connection

2025-07-29 22:18:08,139 - ERROR - An error occurred while fetching listing 3765537: Message: Tried to run command without establishing a connection

2025-07-29 22:18:08,140 - ERROR - An error occurred while fetching listing 3751648: Message: Tried to run command without establishing a connection

2025-07-29 22:18:08,141 - ERROR - An error occurred while fetching listing 3753282: Message: Tried to run command without establishing a connection

2025-07-29 22:18:08,142 - ERROR - An error occurred while fetching listing 3761763: Message: Tried to run command without establishing a connection

2025-07-29 22:18:08,143 - ERROR - An error occurred while fetching listing 3766316: Message: Tried to run command without establishing a connection

2025-07-29 22:18:08,144 - ERROR - An error occurred while fetching listing 3763301: Message: Tried to run command without establishing a connection

2025-07-29 22:18:08,145 - ERROR - An error occurred while fetching listing 3733774: Message: Tried to run command without establishing a connection

2025-07-29 22:18:08,145 - ERROR - An error occurred while fetching listing 3744054: Message: Tried to run command without establishing a connection

2025-07-29 22:18:08,146 - ERROR - An error occurred while fetching listing 3748511: Message: Tried to run command without establishing a connection

2025-07-29 22:18:08,147 - ERROR - An error occurred while fetching listing 3535791: Message: Tried to run command without establishing a connection

2025-07-29 22:18:08,148 - ERROR - An error occurred while fetching listing 3657286: Message: Tried to run command without establishing a connection

2025-07-29 22:18:08,148 - ERROR - An error occurred while fetching listing 3753952: Message: Tried to run command without establishing a connection

2025-07-29 22:18:08,149 - ERROR - An error occurred while fetching listing 3730728: Message: Tried to run command without establishing a connection

2025-07-29 22:18:08,150 - ERROR - An error occurred while fetching listing 3744871: Message: Tried to run command without establishing a connection

2025-07-29 22:18:08,151 - ERROR - An error occurred while fetching listing 3762156: Message: Tried to run command without establishing a connection

2025-07-29 22:18:08,151 - ERROR - An error occurred while fetching listing 3744566: Message: Tried to run command without establishing a connection

2025-07-29 22:18:08,152 - ERROR - An error occurred while fetching listing 3731275: Message: Tried to run command without establishing a connection

2025-07-29 22:18:08,153 - ERROR - An error occurred while fetching listing 3750061: Message: Tried to run command without establishing a connection

2025-07-29 22:18:08,154 - ERROR - An error occurred while fetching listing 3768524: Message: Tried to run command without establishing a connection

2025-07-29 22:18:08,155 - ERROR - An error occurred while fetching listing 3759386: Message: Tried to run command without establishing a connection

2025-07-29 22:18:08,156 - ERROR - An error occurred while fetching listing 3750611: Message: Tried to run command without establishing a connection

2025-07-29 22:18:08,157 - ERROR - An error occurred while fetching listing 3725451: Message: Tried to run command without establishing a connection

2025-07-29 22:18:08,157 - ERROR - An error occurred while fetching listing 3737737: Message: Tried to run command without establishing a connection

2025-07-29 22:18:08,158 - ERROR - An error occurred while fetching listing 3764821: Message: Tried to run command without establishing a connection

2025-07-29 22:18:08,159 - ERROR - An error occurred while fetching listing 3751794: Message: Tried to run command without establishing a connection

2025-07-29 22:18:08,159 - ERROR - An error occurred while fetching listing 3751558: Message: Tried to run command without establishing a connection

2025-07-29 22:18:08,160 - ERROR - An error occurred while fetching listing 3765487: Message: Tried to run command without establishing a connection

2025-07-29 22:18:08,161 - ERROR - An error occurred while fetching listing 3740270: Message: Tried to run command without establishing a connection

2025-07-29 22:18:08,162 - ERROR - An error occurred while fetching listing 3763938: Message: Tried to run command without establishing a connection

2025-07-29 22:18:08,164 - ERROR - An error occurred while fetching listing 3760701: Message: Tried to run command without establishing a connection

2025-07-29 22:18:08,164 - ERROR - An error occurred while fetching listing 3743053: Message: Tried to run command without establishing a connection

2025-07-29 22:18:08,165 - ERROR - An error occurred while fetching listing 3728022: Message: Tried to run command without establishing a connection

2025-07-29 22:18:08,166 - ERROR - An error occurred while fetching listing 3716282: Message: Tried to run command without establishing a connection

2025-07-29 22:18:08,167 - ERROR - An error occurred while fetching listing 3767711: Message: Tried to run command without establishing a connection

2025-07-29 22:18:08,168 - ERROR - An error occurred while fetching listing 3753155: Message: Tried to run command without establishing a connection

2025-07-29 22:18:08,169 - ERROR - An error occurred while fetching listing 3765668: Message: Tried to run command without establishing a connection

2025-07-29 22:18:08,170 - ERROR - An error occurred while fetching listing 3745165: Message: Tried to run command without establishing a connection

2025-07-29 22:18:08,171 - ERROR - An error occurred while fetching listing 3750584: Message: Tried to run command without establishing a connection

2025-07-29 22:18:08,172 - ERROR - An error occurred while fetching listing 3721506: Message: Tried to run command without establishing a connection

2025-07-29 22:18:08,173 - ERROR - An error occurred while fetching listing 3764493: Message: Tried to run command without establishing a connection

2025-07-29 22:18:08,173 - ERROR - An error occurred while fetching listing 3737725: Message: Tried to run command without establishing a connection

2025-07-29 22:18:08,174 - ERROR - An error occurred while fetching listing 3765666: Message: Tried to run command without establishing a connection

2025-07-29 22:18:08,175 - ERROR - An error occurred while fetching listing 3753363: Message: Tried to run command without establishing a connection

2025-07-29 22:18:08,176 - ERROR - An error occurred while fetching listing 3750096: Message: Tried to run command without establishing a connection

2025-07-29 22:18:08,176 - ERROR - An error occurred while fetching listing 3768104: Message: Tried to run command without establishing a connection

2025-07-29 22:18:08,177 - ERROR - An error occurred while fetching listing 3764276: Message: Tried to run command without establishing a connection

2025-07-29 22:18:08,178 - ERROR - An error occurred while fetching listing 3737362: Message: Tried to run command without establishing a connection

2025-07-29 22:18:08,179 - ERROR - An error occurred while fetching listing 3725569: Message: Tried to run command without establishing a connection

2025-07-29 22:18:08,179 - ERROR - An error occurred while fetching listing 3765994: Message: Tried to run command without establishing a connection

2025-07-29 22:18:08,180 - ERROR - An error occurred while fetching listing 3767660: Message: Tried to run command without establishing a connection

2025-07-29 22:18:08,181 - ERROR - An error occurred while fetching listing 3767323: Message: Tried to run command without establishing a connection

2025-07-29 22:18:08,182 - ERROR - An error occurred while fetching listing 3734154: Message: Tried to run command without establishing a connection

2025-07-29 22:18:08,183 - ERROR - An error occurred while fetching listing 3757124: Message: Tried to run command without establishing a connection

2025-07-29 22:18:08,183 - ERROR - An error occurred while fetching listing 3732058: Message: Tried to run command without establishing a connection

2025-07-29 22:18:08,184 - ERROR - An error occurred while fetching listing 3582928: Message: Tried to run command without establishing a connection

2025-07-29 22:18:08,185 - ERROR - An error occurred while fetching listing 3735907: Message: Tried to run command without establishing a connection

2025-07-29 22:18:08,186 - ERROR - An error occurred while fetching listing 3761703: Message: Tried to run command without establishing a connection

2025-07-29 22:18:08,187 - ERROR - An error occurred while fetching listing 3762079: Message: Tried to run command without establishing a connection

2025-07-29 22:18:08,188 - ERROR - An error occurred while fetching listing 3742802: Message: Tried to run command without establishing a connection

2025-07-29 22:18:08,189 - ERROR - An error occurred while fetching listing 3763476: Message: Tried to run command without establishing a connection

2025-07-29 22:18:08,190 - ERROR - An error occurred while fetching listing 3766295: Message: Tried to run command without establishing a connection

2025-07-29 22:18:08,191 - ERROR - An error occurred while fetching listing 3764678: Message: Tried to run command without establishing a connection

2025-07-29 22:18:08,191 - ERROR - An error occurred while fetching listing 3761849: Message: Tried to run command without establishing a connection

2025-07-29 22:18:08,192 - ERROR - An error occurred while fetching listing 3745508: Message: Tried to run command without establishing a connection

2025-07-29 22:18:08,193 - ERROR - An error occurred while fetching listing 3727743: Message: Tried to run command without establishing a connection

2025-07-29 22:18:08,194 - ERROR - An error occurred while fetching listing 3762991: Message: Tried to run command without establishing a connection

2025-07-29 22:18:08,195 - ERROR - An error occurred while fetching listing 3762349: Message: Tried to run command without establishing a connection

2025-07-29 22:18:08,195 - ERROR - An error occurred while fetching listing 3762256: Message: Tried to run command without establishing a connection

2025-07-29 22:18:08,196 - ERROR - An error occurred while fetching listing 3185815: Message: Tried to run command without establishing a connection

2025-07-29 22:18:08,197 - ERROR - An error occurred while fetching listing 3749515: Message: Tried to run command without establishing a connection

2025-07-29 22:18:08,197 - ERROR - An error occurred while fetching listing 3750153: Message: Tried to run command without establishing a connection

2025-07-29 22:18:08,198 - ERROR - An error occurred while fetching listing 3767086: Message: Tried to run command without establishing a connection

2025-07-29 22:18:08,199 - ERROR - An error occurred while fetching listing 3756683: Message: Tried to run command without establishing a connection

2025-07-29 22:18:08,200 - ERROR - An error occurred while fetching listing 3748326: Message: Tried to run command without establishing a connection

2025-07-29 22:18:08,201 - ERROR - An error occurred while fetching listing 3761047: Message: Tried to run command without establishing a connection

2025-07-29 22:18:08,202 - ERROR - An error occurred while fetching listing 3760340: Message: Tried to run command without establishing a connection

2025-07-29 22:18:08,203 - ERROR - An error occurred while fetching listing 3767205: Message: Tried to run command without establishing a connection

2025-07-29 22:18:08,203 - ERROR - An error occurred while fetching listing 3737817: Message: Tried to run command without establishing a connection

2025-07-29 22:18:08,204 - ERROR - An error occurred while fetching listing 3760310: Message: Tried to run command without establishing a connection

2025-07-29 22:18:08,205 - ERROR - An error occurred while fetching listing 3741693: Message: Tried to run command without establishing a connection

2025-07-29 22:18:08,206 - ERROR - An error occurred while fetching listing 3741873: Message: Tried to run command without establishing a connection

2025-07-29 22:18:08,207 - ERROR - An error occurred while fetching listing 3761466: Message: Tried to run command without establishing a connection

2025-07-29 22:18:08,208 - ERROR - An error occurred while fetching listing 3728666: Message: Tried to run command without establishing a connection

2025-07-29 22:18:08,208 - ERROR - An error occurred while fetching listing 3730552: Message: Tried to run command without establishing a connection

2025-07-29 22:18:08,209 - ERROR - An error occurred while fetching listing 3766460: Message: Tried to run command without establishing a connection

2025-07-29 22:18:08,210 - ERROR - An error occurred while fetching listing 3706237: Message: Tried to run command without establishing a connection

2025-07-29 22:18:08,211 - ERROR - An error occurred while fetching listing 3727813: Message: Tried to run command without establishing a connection

2025-07-29 22:18:08,212 - ERROR - An error occurred while fetching listing 3760688: Message: Tried to run command without establishing a connection

2025-07-29 22:18:08,213 - ERROR - An error occurred while fetching listing 3724201: Message: Tried to run command without establishing a connection

2025-07-29 22:18:08,214 - ERROR - An error occurred while fetching listing 3761724: Message: Tried to run command without establishing a connection

2025-07-29 22:18:08,215 - ERROR - An error occurred while fetching listing 3744096: Message: Tried to run command without establishing a connection

2025-07-29 22:18:08,216 - ERROR - An error occurred while fetching listing 3652420: Message: Tried to run command without establishing a connection

2025-07-29 22:18:08,217 - ERROR - An error occurred while fetching listing 3745701: Message: Tried to run command without establishing a connection

2025-07-29 22:18:08,218 - ERROR - An error occurred while fetching listing 3619416: Message: Tried to run command without establishing a connection

2025-07-29 22:18:08,218 - ERROR - An error occurred while fetching listing 3734656: Message: Tried to run command without establishing a connection

2025-07-29 22:18:08,219 - ERROR - An error occurred while fetching listing 3759665: Message: Tried to run command without establishing a connection

2025-07-29 22:18:08,220 - ERROR - An error occurred while fetching listing 3768515: Message: Tried to run command without establishing a connection

2025-07-29 22:18:08,221 - ERROR - An error occurred while fetching listing 3737083: Message: Tried to run command without establishing a connection

2025-07-29 22:18:08,222 - ERROR - An error occurred while fetching listing 3741391: Message: Tried to run command without establishing a connection

2025-07-29 22:18:08,222 - ERROR - An error occurred while fetching listing 3761379: Message: Tried to run command without establishing a connection

2025-07-29 22:18:08,223 - ERROR - An error occurred while fetching listing 3764946: Message: Tried to run command without establishing a connection

2025-07-29 22:18:08,224 - ERROR - An error occurred while fetching listing 3757404: Message: Tried to run command without establishing a connection

2025-07-29 22:18:08,225 - ERROR - An error occurred while fetching listing 3743246: Message: Tried to run command without establishing a connection

2025-07-29 22:18:08,226 - ERROR - An error occurred while fetching listing 3762749: Message: Tried to run command without establishing a connection

2025-07-29 22:18:08,226 - ERROR - An error occurred while fetching listing 3748197: Message: Tried to run command without establishing a connection

2025-07-29 22:18:08,227 - ERROR - An error occurred while fetching listing 3738653: Message: Tried to run command without establishing a connection

2025-07-29 22:18:08,228 - ERROR - An error occurred while fetching listing 3768506: Message: Tried to run command without establishing a connection

2025-07-29 22:18:08,228 - ERROR - An error occurred while fetching listing 3764325: Message: Tried to run command without establishing a connection

2025-07-29 22:18:08,229 - ERROR - An error occurred while fetching listing 3744860: Message: Tried to run command without establishing a connection

2025-07-29 22:18:08,230 - ERROR - An error occurred while fetching listing 3736241: Message: Tried to run command without establishing a connection

2025-07-29 22:18:08,231 - ERROR - An error occurred while fetching listing 3746867: Message: Tried to run command without establishing a connection

2025-07-29 22:18:08,232 - ERROR - An error occurred while fetching listing 3752492: Message: Tried to run command without establishing a connection

2025-07-29 22:18:08,232 - ERROR - An error occurred while fetching listing 3762524: Message: Tried to run command without establishing a connection

2025-07-29 22:18:08,233 - ERROR - An error occurred while fetching listing 3766354: Message: Tried to run command without establishing a connection

2025-07-29 22:18:08,234 - ERROR - An error occurred while fetching listing 3734603: Message: Tried to run command without establishing a connection

2025-07-29 22:18:08,235 - ERROR - An error occurred while fetching listing 3767980: Message: Tried to run command without establishing a connection

2025-07-29 22:18:08,236 - ERROR - An error occurred while fetching listing 3729493: Message: Tried to run command without establishing a connection

2025-07-29 22:18:08,236 - ERROR - An error occurred while fetching listing 3745374: Message: Tried to run command without establishing a connection

2025-07-29 22:18:08,237 - ERROR - An error occurred while fetching listing 3745975: Message: Tried to run command without establishing a connection

2025-07-29 22:18:08,238 - ERROR - An error occurred while fetching listing 3752218: Message: Tried to run command without establishing a connection

2025-07-29 22:18:08,239 - ERROR - An error occurred while fetching listing 3728744: Message: Tried to run command without establishing a connection

2025-07-29 22:18:08,239 - ERROR - An error occurred while fetching listing 3738419: Message: Tried to run command without establishing a connection

2025-07-29 22:18:08,240 - ERROR - An error occurred while fetching listing 3589330: Message: Tried to run command without establishing a connection

2025-07-29 22:18:08,241 - ERROR - An error occurred while fetching listing 3428192: Message: Tried to run command without establishing a connection

2025-07-29 22:18:08,242 - ERROR - An error occurred while fetching listing 3628328: Message: Tried to run command without establishing a connection

2025-07-29 22:18:08,242 - ERROR - An error occurred while fetching listing 3759594: Message: Tried to run command without establishing a connection

2025-07-29 22:18:08,243 - ERROR - An error occurred while fetching listing 3761853: Message: Tried to run command without establishing a connection

2025-07-29 22:18:08,244 - ERROR - An error occurred while fetching listing 3564203: Message: Tried to run command without establishing a connection

2025-07-29 22:18:08,245 - ERROR - An error occurred while fetching listing 3762033: Message: Tried to run command without establishing a connection

2025-07-29 22:18:08,246 - ERROR - An error occurred while fetching listing 3757116: Message: Tried to run command without establishing a connection

2025-07-29 22:18:08,247 - ERROR - An error occurred while fetching listing 3753778: Message: Tried to run command without establishing a connection

2025-07-29 22:18:08,248 - ERROR - An error occurred while fetching listing 3739019: Message: Tried to run command without establishing a connection

2025-07-29 22:18:08,249 - ERROR - An error occurred while fetching listing 3727081: Message: Tried to run command without establishing a connection

2025-07-29 22:18:08,250 - ERROR - An error occurred while fetching listing 3750320: Message: Tried to run command without establishing a connection

2025-07-29 22:18:08,251 - ERROR - An error occurred while fetching listing 3765692: Message: Tried to run command without establishing a connection

2025-07-29 22:18:08,251 - ERROR - An error occurred while fetching listing 3756914: Message: Tried to run command without establishing a connection

2025-07-29 22:18:08,252 - ERROR - An error occurred while fetching listing 3753593: Message: Tried to run command without establishing a connection

2025-07-29 22:18:08,253 - ERROR - An error occurred while fetching listing 3755334: Message: Tried to run command without establishing a connection

2025-07-29 22:18:08,253 - ERROR - An error occurred while fetching listing 3760603: Message: Tried to run command without establishing a connection

2025-07-29 22:18:08,254 - ERROR - An error occurred while fetching listing 3765947: Message: Tried to run command without establishing a connection

2025-07-29 22:18:08,255 - ERROR - An error occurred while fetching listing 3734148: Message: Tried to run command without establishing a connection

2025-07-29 22:18:08,256 - ERROR - An error occurred while fetching listing 3765191: Message: Tried to run command without establishing a connection

2025-07-29 22:18:08,257 - ERROR - An error occurred while fetching listing 3708285: Message: Tried to run command without establishing a connection

2025-07-29 22:18:08,257 - ERROR - An error occurred while fetching listing 3749309: Message: Tried to run command without establishing a connection

2025-07-29 22:18:08,258 - ERROR - An error occurred while fetching listing 3767614: Message: Tried to run command without establishing a connection

2025-07-29 22:18:08,259 - ERROR - An error occurred while fetching listing 3745759: Message: Tried to run command without establishing a connection

2025-07-29 22:18:08,260 - ERROR - An error occurred while fetching listing 3737452: Message: Tried to run command without establishing a connection

2025-07-29 22:18:08,260 - ERROR - An error occurred while fetching listing 3674903: Message: Tried to run command without establishing a connection

2025-07-29 22:18:08,261 - ERROR - An error occurred while fetching listing 3742806: Message: Tried to run command without establishing a connection

2025-07-29 22:18:08,262 - ERROR - An error occurred while fetching listing 3755255: Message: Tried to run command without establishing a connection

2025-07-29 22:18:08,263 - ERROR - An error occurred while fetching listing 3728016: Message: Tried to run command without establishing a connection

2025-07-29 22:18:08,263 - ERROR - An error occurred while fetching listing 3738492: Message: Tried to run command without establishing a connection

2025-07-29 22:18:08,264 - ERROR - An error occurred while fetching listing 3725212: Message: Tried to run command without establishing a connection

2025-07-29 22:18:08,265 - ERROR - An error occurred while fetching listing 3767912: Message: Tried to run command without establishing a connection

2025-07-29 22:18:08,266 - ERROR - An error occurred while fetching listing 3764451: Message: Tried to run command without establishing a connection

2025-07-29 22:18:08,266 - ERROR - An error occurred while fetching listing 3746861: Message: Tried to run command without establishing a connection

2025-07-29 22:18:08,267 - ERROR - An error occurred while fetching listing 3762253: Message: Tried to run command without establishing a connection

2025-07-29 22:18:08,268 - ERROR - An error occurred while fetching listing 3767019: Message: Tried to run command without establishing a connection

2025-07-29 22:18:08,269 - ERROR - An error occurred while fetching listing 3749717: Message: Tried to run command without establishing a connection

2025-07-29 22:18:08,269 - ERROR - An error occurred while fetching listing 3765123: Message: Tried to run command without establishing a connection

2025-07-29 22:18:08,270 - ERROR - An error occurred while fetching listing 3757398: Message: Tried to run command without establishing a connection

2025-07-29 22:18:08,271 - ERROR - An error occurred while fetching listing 3753539: Message: Tried to run command without establishing a connection

2025-07-29 22:18:08,272 - ERROR - An error occurred while fetching listing 3762401: Message: Tried to run command without establishing a connection

2025-07-29 22:18:08,272 - ERROR - An error occurred while fetching listing 3737921: Message: Tried to run command without establishing a connection

2025-07-29 22:18:08,273 - ERROR - An error occurred while fetching listing 3755944: Message: Tried to run command without establishing a connection

2025-07-29 22:18:08,274 - ERROR - An error occurred while fetching listing 3736924: Message: Tried to run command without establishing a connection

2025-07-29 22:18:08,275 - ERROR - An error occurred while fetching listing 3759574: Message: Tried to run command without establishing a connection

2025-07-29 22:18:08,275 - ERROR - An error occurred while fetching listing 3763426: Message: Tried to run command without establishing a connection

2025-07-29 22:18:08,276 - ERROR - An error occurred while fetching listing 3758250: Message: Tried to run command without establishing a connection

2025-07-29 22:18:08,277 - ERROR - An error occurred while fetching listing 3740117: Message: Tried to run command without establishing a connection

2025-07-29 22:18:08,278 - ERROR - An error occurred while fetching listing 3742223: Message: Tried to run command without establishing a connection

2025-07-29 22:18:08,278 - ERROR - An error occurred while fetching listing 3745241: Message: Tried to run command without establishing a connection

2025-07-29 22:18:08,279 - ERROR - An error occurred while fetching listing 3754175: Message: Tried to run command without establishing a connection

2025-07-29 22:18:08,280 - ERROR - An error occurred while fetching listing 3741967: Message: Tried to run command without establishing a connection

2025-07-29 22:18:08,281 - ERROR - An error occurred while fetching listing 3748887: Message: Tried to run command without establishing a connection

2025-07-29 22:18:08,281 - ERROR - An error occurred while fetching listing 3766348: Message: Tried to run command without establishing a connection

2025-07-29 22:18:08,282 - ERROR - An error occurred while fetching listing 3740858: Message: Tried to run command without establishing a connection

2025-07-29 22:18:08,283 - ERROR - An error occurred while fetching listing 3758783: Message: Tried to run command without establishing a connection

2025-07-29 22:18:08,284 - ERROR - An error occurred while fetching listing 3761237: Message: Tried to run command without establishing a connection

2025-07-29 22:18:08,284 - ERROR - An error occurred while fetching listing 3753834: Message: Tried to run command without establishing a connection

2025-07-29 22:18:08,285 - ERROR - An error occurred while fetching listing 3726255: Message: Tried to run command without establishing a connection

2025-07-29 22:18:08,286 - ERROR - An error occurred while fetching listing 3757941: Message: Tried to run command without establishing a connection

2025-07-29 22:18:08,287 - ERROR - An error occurred while fetching listing 3738716: Message: Tried to run command without establishing a connection

2025-07-29 22:18:08,287 - ERROR - An error occurred while fetching listing 3765472: Message: Tried to run command without establishing a connection

2025-07-29 22:18:08,288 - ERROR - An error occurred while fetching listing 3603444: Message: Tried to run command without establishing a connection

2025-07-29 22:18:08,289 - ERROR - An error occurred while fetching listing 3756051: Message: Tried to run command without establishing a connection

2025-07-29 22:18:08,289 - ERROR - An error occurred while fetching listing 3740980: Message: Tried to run command without establishing a connection

2025-07-29 22:18:08,290 - ERROR - An error occurred while fetching listing 3765126: Message: Tried to run command without establishing a connection

2025-07-29 22:18:08,291 - ERROR - An error occurred while fetching listing 3429487: Message: Tried to run command without establishing a connection

2025-07-29 22:18:08,292 - ERROR - An error occurred while fetching listing 3762888: Message: Tried to run command without establishing a connection

2025-07-29 22:18:08,292 - ERROR - An error occurred while fetching listing 3765535: Message: Tried to run command without establishing a connection

2025-07-29 22:18:08,293 - ERROR - An error occurred while fetching listing 3756699: Message: Tried to run command without establishing a connection

2025-07-29 22:18:08,294 - ERROR - An error occurred while fetching listing 3753733: Message: Tried to run command without establishing a connection

2025-07-29 22:18:08,295 - ERROR - An error occurred while fetching listing 3765060: Message: Tried to run command without establishing a connection

2025-07-29 22:18:08,295 - ERROR - An error occurred while fetching listing 3765629: Message: Tried to run command without establishing a connection

2025-07-29 22:18:08,296 - ERROR - An error occurred while fetching listing 3744312: Message: Tried to run command without establishing a connection

2025-07-29 22:18:08,297 - ERROR - An error occurred while fetching listing 3756210: Message: Tried to run command without establishing a connection

2025-07-29 22:18:08,298 - ERROR - An error occurred while fetching listing 3758527: Message: Tried to run command without establishing a connection

2025-07-29 22:18:08,298 - ERROR - An error occurred while fetching listing 3757455: Message: Tried to run command without establishing a connection

2025-07-29 22:18:08,299 - ERROR - An error occurred while fetching listing 3755485: Message: Tried to run command without establishing a connection

2025-07-29 22:18:08,300 - ERROR - An error occurred while fetching listing 3764597: Message: Tried to run command without establishing a connection

2025-07-29 22:18:08,301 - ERROR - An error occurred while fetching listing 3737825: Message: Tried to run command without establishing a connection

2025-07-29 22:18:08,301 - ERROR - An error occurred while fetching listing 3751591: Message: Tried to run command without establishing a connection

2025-07-29 22:18:08,302 - ERROR - An error occurred while fetching listing 3763852: Message: Tried to run command without establishing a connection

2025-07-29 22:18:08,303 - ERROR - An error occurred while fetching listing 3754539: Message: Tried to run command without establishing a connection

2025-07-29 22:18:08,304 - ERROR - An error occurred while fetching listing 3755376: Message: Tried to run command without establishing a connection

2025-07-29 22:18:08,304 - ERROR - An error occurred while fetching listing 3635177: Message: Tried to run command without establishing a connection

2025-07-29 22:18:08,305 - ERROR - An error occurred while fetching listing 3735507: Message: Tried to run command without establishing a connection

2025-07-29 22:18:08,306 - ERROR - An error occurred while fetching listing 3750041: Message: Tried to run command without establishing a connection

2025-07-29 22:18:08,307 - ERROR - An error occurred while fetching listing 3753813: Message: Tried to run command without establishing a connection

2025-07-29 22:18:08,307 - ERROR - An error occurred while fetching listing 3739394: Message: Tried to run command without establishing a connection

2025-07-29 22:18:08,308 - ERROR - An error occurred while fetching listing 3765106: Message: Tried to run command without establishing a connection

2025-07-29 22:18:08,309 - ERROR - An error occurred while fetching listing 3728314: Message: Tried to run command without establishing a connection

2025-07-29 22:18:08,310 - ERROR - An error occurred while fetching listing 3767688: Message: Tried to run command without establishing a connection

2025-07-29 22:18:08,310 - ERROR - An error occurred while fetching listing 3766486: Message: Tried to run command without establishing a connection

2025-07-29 22:18:08,311 - ERROR - An error occurred while fetching listing 3764223: Message: Tried to run command without establishing a connection

2025-07-29 22:18:08,312 - ERROR - An error occurred while fetching listing 3662720: Message: Tried to run command without establishing a connection

2025-07-29 22:18:08,313 - ERROR - An error occurred while fetching listing 3738711: Message: Tried to run command without establishing a connection

2025-07-29 22:18:08,313 - ERROR - An error occurred while fetching listing 3768256: Message: Tried to run command without establishing a connection

2025-07-29 22:18:08,314 - ERROR - An error occurred while fetching listing 3691190: Message: Tried to run command without establishing a connection

2025-07-29 22:18:08,315 - ERROR - An error occurred while fetching listing 3744337: Message: Tried to run command without establishing a connection

2025-07-29 22:18:08,316 - ERROR - An error occurred while fetching listing 3756047: Message: Tried to run command without establishing a connection

2025-07-29 22:18:08,316 - ERROR - An error occurred while fetching listing 3750173: Message: Tried to run command without establishing a connection

2025-07-29 22:18:08,317 - ERROR - An error occurred while fetching listing 3753788: Message: Tried to run command without establishing a connection

2025-07-29 22:18:08,318 - ERROR - An error occurred while fetching listing 3761855: Message: Tried to run command without establishing a connection

2025-07-29 22:18:08,319 - ERROR - An error occurred while fetching listing 3765554: Message: Tried to run command without establishing a connection

2025-07-29 22:18:08,319 - ERROR - An error occurred while fetching listing 3767834: Message: Tried to run command without establishing a connection

2025-07-29 22:18:08,320 - ERROR - An error occurred while fetching listing 3747328: Message: Tried to run command without establishing a connection

2025-07-29 22:18:08,321 - ERROR - An error occurred while fetching listing 3759679: Message: Tried to run command without establishing a connection

2025-07-29 22:18:08,322 - ERROR - An error occurred while fetching listing 3726877: Message: Tried to run command without establishing a connection

2025-07-29 22:18:08,323 - ERROR - An error occurred while fetching listing 3762696: Message: Tried to run command without establishing a connection

2025-07-29 22:18:08,323 - ERROR - An error occurred while fetching listing 3742685: Message: Tried to run command without establishing a connection

2025-07-29 22:18:08,324 - ERROR - An error occurred while fetching listing 3601694: Message: Tried to run command without establishing a connection

2025-07-29 22:18:08,325 - ERROR - An error occurred while fetching listing 3758913: Message: Tried to run command without establishing a connection

2025-07-29 22:18:08,325 - ERROR - An error occurred while fetching listing 3741843: Message: Tried to run command without establishing a connection

2025-07-29 22:18:08,326 - ERROR - An error occurred while fetching listing 3746938: Message: Tried to run command without establishing a connection

2025-07-29 22:18:08,327 - ERROR - An error occurred while fetching listing 3747928: Message: Tried to run command without establishing a connection

2025-07-29 22:18:08,327 - ERROR - An error occurred while fetching listing 3766882: Message: Tried to run command without establishing a connection

2025-07-29 22:18:08,328 - ERROR - An error occurred while fetching listing 3752552: Message: Tried to run command without establishing a connection

2025-07-29 22:18:08,329 - ERROR - An error occurred while fetching listing 3753246: Message: Tried to run command without establishing a connection

2025-07-29 22:18:08,330 - ERROR - An error occurred while fetching listing 3739976: Message: Tried to run command without establishing a connection

2025-07-29 22:18:08,331 - ERROR - An error occurred while fetching listing 3106719: Message: Tried to run command without establishing a connection

2025-07-29 22:18:08,331 - ERROR - An error occurred while fetching listing 3736408: Message: Tried to run command without establishing a connection

2025-07-29 22:18:08,332 - ERROR - An error occurred while fetching listing 3765648: Message: Tried to run command without establishing a connection

2025-07-29 22:18:08,333 - ERROR - An error occurred while fetching listing 3759322: Message: Tried to run command without establishing a connection

2025-07-29 22:18:08,334 - ERROR - An error occurred while fetching listing 3755352: Message: Tried to run command without establishing a connection

2025-07-29 22:18:08,334 - ERROR - An error occurred while fetching listing 3725398: Message: Tried to run command without establishing a connection

2025-07-29 22:18:08,335 - ERROR - An error occurred while fetching listing 3763590: Message: Tried to run command without establishing a connection

2025-07-29 22:18:08,336 - ERROR - An error occurred while fetching listing 3745034: Message: Tried to run command without establishing a connection

2025-07-29 22:18:08,337 - ERROR - An error occurred while fetching listing 3761878: Message: Tried to run command without establishing a connection

2025-07-29 22:18:08,337 - ERROR - An error occurred while fetching listing 3767040: Message: Tried to run command without establishing a connection

2025-07-29 22:18:08,338 - ERROR - An error occurred while fetching listing 3755222: Message: Tried to run command without establishing a connection

2025-07-29 22:18:08,339 - ERROR - An error occurred while fetching listing 3565575: Message: Tried to run command without establishing a connection

2025-07-29 22:18:08,340 - ERROR - An error occurred while fetching listing 3733538: Message: Tried to run command without establishing a connection

2025-07-29 22:18:08,340 - ERROR - An error occurred while fetching listing 3758447: Message: Tried to run command without establishing a connection

2025-07-29 22:18:08,341 - ERROR - An error occurred while fetching listing 3755804: Message: Tried to run command without establishing a connection

2025-07-29 22:18:08,342 - ERROR - An error occurred while fetching listing 3740420: Message: Tried to run command without establishing a connection

2025-07-29 22:18:08,343 - ERROR - An error occurred while fetching listing 3752016: Message: Tried to run command without establishing a connection

2025-07-29 22:18:08,344 - ERROR - An error occurred while fetching listing 3763310: Message: Tried to run command without establishing a connection

2025-07-29 22:18:08,345 - ERROR - An error occurred while fetching listing 3764838: Message: Tried to run command without establishing a connection

2025-07-29 22:18:08,346 - ERROR - An error occurred while fetching listing 3745740: Message: Tried to run command without establishing a connection

2025-07-29 22:18:08,347 - ERROR - An error occurred while fetching listing 3740566: Message: Tried to run command without establishing a connection

2025-07-29 22:18:08,347 - ERROR - An error occurred while fetching listing 3729484: Message: Tried to run command without establishing a connection

2025-07-29 22:18:08,348 - ERROR - An error occurred while fetching listing 3758848: Message: Tried to run command without establishing a connection

2025-07-29 22:18:08,349 - ERROR - An error occurred while fetching listing 3738715: Message: Tried to run command without establishing a connection

2025-07-29 22:18:08,350 - ERROR - An error occurred while fetching listing 3743863: Message: Tried to run command without establishing a connection

2025-07-29 22:18:08,351 - ERROR - An error occurred while fetching listing 3767052: Message: Tried to run command without establishing a connection

2025-07-29 22:18:08,352 - ERROR - An error occurred while fetching listing 3760038: Message: Tried to run command without establishing a connection

2025-07-29 22:18:08,353 - ERROR - An error occurred while fetching listing 3742450: Message: Tried to run command without establishing a connection

2025-07-29 22:18:08,353 - ERROR - An error occurred while fetching listing 3756707: Message: Tried to run command without establishing a connection

2025-07-29 22:18:08,354 - ERROR - An error occurred while fetching listing 3760835: Message: Tried to run command without establishing a connection

2025-07-29 22:18:08,355 - ERROR - An error occurred while fetching listing 3761356: Message: Tried to run command without establishing a connection

2025-07-29 22:18:08,356 - ERROR - An error occurred while fetching listing 3767890: Message: Tried to run command without establishing a connection

2025-07-29 22:18:08,356 - ERROR - An error occurred while fetching listing 3756516: Message: Tried to run command without establishing a connection

2025-07-29 22:18:08,357 - ERROR - An error occurred while fetching listing 3759655: Message: Tried to run command without establishing a connection

2025-07-29 22:18:08,358 - ERROR - An error occurred while fetching listing 3767737: Message: Tried to run command without establishing a connection

2025-07-29 22:18:08,359 - ERROR - An error occurred while fetching listing 3729550: Message: Tried to run command without establishing a connection

2025-07-29 22:18:08,360 - ERROR - An error occurred while fetching listing 3759606: Message: Tried to run command without establishing a connection

2025-07-29 22:18:08,361 - ERROR - An error occurred while fetching listing 3767529: Message: Tried to run command without establishing a connection

2025-07-29 22:18:08,362 - ERROR - An error occurred while fetching listing 3737327: Message: Tried to run command without establishing a connection

2025-07-29 22:18:08,363 - ERROR - An error occurred while fetching listing 3747777: Message: Tried to run command without establishing a connection

2025-07-29 22:18:08,363 - ERROR - An error occurred while fetching listing 3759078: Message: Tried to run command without establishing a connection

2025-07-29 22:18:08,364 - ERROR - An error occurred while fetching listing 3731973: Message: Tried to run command without establishing a connection

2025-07-29 22:18:08,365 - ERROR - An error occurred while fetching listing 3540880: Message: Tried to run command without establishing a connection

2025-07-29 22:18:08,366 - ERROR - An error occurred while fetching listing 3765010: Message: Tried to run command without establishing a connection

2025-07-29 22:18:08,367 - ERROR - An error occurred while fetching listing 3724271: Message: Tried to run command without establishing a connection

2025-07-29 22:18:08,368 - ERROR - An error occurred while fetching listing 3768336: Message: Tried to run command without establishing a connection

2025-07-29 22:18:08,369 - ERROR - An error occurred while fetching listing 3757530: Message: Tried to run command without establishing a connection

2025-07-29 22:18:08,370 - ERROR - An error occurred while fetching listing 3740315: Message: Tried to run command without establishing a connection

2025-07-29 22:18:08,371 - ERROR - An error occurred while fetching listing 3740175: Message: Tried to run command without establishing a connection

2025-07-29 22:18:08,371 - ERROR - An error occurred while fetching listing 3744745: Message: Tried to run command without establishing a connection

2025-07-29 22:18:08,372 - ERROR - An error occurred while fetching listing 3757148: Message: Tried to run command without establishing a connection

2025-07-29 22:18:08,373 - ERROR - An error occurred while fetching listing 3762465: Message: Tried to run command without establishing a connection

2025-07-29 22:18:08,374 - ERROR - An error occurred while fetching listing 3725705: Message: Tried to run command without establishing a connection

2025-07-29 22:18:08,375 - ERROR - An error occurred while fetching listing 3749696: Message: Tried to run command without establishing a connection

2025-07-29 22:18:08,376 - ERROR - An error occurred while fetching listing 3755362: Message: Tried to run command without establishing a connection

2025-07-29 22:18:08,376 - ERROR - An error occurred while fetching listing 3759990: Message: Tried to run command without establishing a connection

2025-07-29 22:18:08,377 - ERROR - An error occurred while fetching listing 3737795: Message: Tried to run command without establishing a connection

2025-07-29 22:18:08,378 - ERROR - An error occurred while fetching listing 3740764: Message: Tried to run command without establishing a connection

2025-07-29 22:18:08,379 - ERROR - An error occurred while fetching listing 3765765: Message: Tried to run command without establishing a connection

2025-07-29 22:18:08,380 - ERROR - An error occurred while fetching listing 3765754: Message: Tried to run command without establishing a connection

2025-07-29 22:18:08,381 - ERROR - An error occurred while fetching listing 3732521: Message: Tried to run command without establishing a connection

2025-07-29 22:18:08,382 - ERROR - An error occurred while fetching listing 3747197: Message: Tried to run command without establishing a connection

2025-07-29 22:18:08,382 - ERROR - An error occurred while fetching listing 3762816: Message: Tried to run command without establishing a connection

2025-07-29 22:18:08,383 - ERROR - An error occurred while fetching listing 3731338: Message: Tried to run command without establishing a connection

2025-07-29 22:18:08,384 - ERROR - An error occurred while fetching listing 3764587: Message: Tried to run command without establishing a connection

2025-07-29 22:18:08,385 - ERROR - An error occurred while fetching listing 3758137: Message: Tried to run command without establishing a connection

2025-07-29 22:18:08,386 - ERROR - An error occurred while fetching listing 3756703: Message: Tried to run command without establishing a connection

2025-07-29 22:18:08,387 - ERROR - An error occurred while fetching listing 3734105: Message: Tried to run command without establishing a connection

2025-07-29 22:18:08,388 - ERROR - An error occurred while fetching listing 3757388: Message: Tried to run command without establishing a connection

2025-07-29 22:18:08,389 - ERROR - An error occurred while fetching listing 3745344: Message: Tried to run command without establishing a connection

2025-07-29 22:18:08,390 - ERROR - An error occurred while fetching listing 3741414: Message: Tried to run command without establishing a connection

2025-07-29 22:18:08,391 - ERROR - An error occurred while fetching listing 3737318: Message: Tried to run command without establishing a connection

2025-07-29 22:18:08,392 - ERROR - An error occurred while fetching listing 3743123: Message: Tried to run command without establishing a connection

2025-07-29 22:18:08,393 - ERROR - An error occurred while fetching listing 3724241: Message: Tried to run command without establishing a connection

2025-07-29 22:18:08,394 - ERROR - An error occurred while fetching listing 3743908: Message: Tried to run command without establishing a connection

2025-07-29 22:18:08,395 - ERROR - An error occurred while fetching listing 3760133: Message: Tried to run command without establishing a connection

2025-07-29 22:18:08,396 - ERROR - An error occurred while fetching listing 3761388: Message: Tried to run command without establishing a connection

2025-07-29 22:18:08,396 - ERROR - An error occurred while fetching listing 3565257: Message: Tried to run command without establishing a connection

2025-07-29 22:18:08,397 - ERROR - An error occurred while fetching listing 3752729: Message: Tried to run command without establishing a connection

2025-07-29 22:18:08,398 - ERROR - An error occurred while fetching listing 3763325: Message: Tried to run command without establishing a connection

2025-07-29 22:18:08,399 - ERROR - An error occurred while fetching listing 3761338: Message: Tried to run command without establishing a connection

2025-07-29 22:18:08,399 - ERROR - An error occurred while fetching listing 3767669: Message: Tried to run command without establishing a connection

2025-07-29 22:18:08,400 - ERROR - An error occurred while fetching listing 3760539: Message: Tried to run command without establishing a connection

2025-07-29 22:18:08,401 - ERROR - An error occurred while fetching listing 3760083: Message: Tried to run command without establishing a connection

2025-07-29 22:18:08,401 - ERROR - An error occurred while fetching listing 3736434: Message: Tried to run command without establishing a connection

2025-07-29 22:18:08,402 - ERROR - An error occurred while fetching listing 3742955: Message: Tried to run command without establishing a connection

2025-07-29 22:18:08,403 - ERROR - An error occurred while fetching listing 3768397: Message: Tried to run command without establishing a connection

2025-07-29 22:18:08,404 - ERROR - An error occurred while fetching listing 3693258: Message: Tried to run command without establishing a connection

2025-07-29 22:18:08,404 - ERROR - An error occurred while fetching listing 3741531: Message: Tried to run command without establishing a connection

2025-07-29 22:18:08,405 - ERROR - An error occurred while fetching listing 3749844: Message: Tried to run command without establishing a connection

2025-07-29 22:18:08,406 - ERROR - An error occurred while fetching listing 3768146: Message: Tried to run command without establishing a connection

2025-07-29 22:18:08,408 - ERROR - An error occurred while fetching listing 3767745: Message: Tried to run command without establishing a connection

2025-07-29 22:18:08,409 - ERROR - An error occurred while fetching listing 3738719: Message: Tried to run command without establishing a connection

2025-07-29 22:18:08,410 - ERROR - An error occurred while fetching listing 3748136: Message: Tried to run command without establishing a connection

2025-07-29 22:18:08,410 - ERROR - An error occurred while fetching listing 3761730: Message: Tried to run command without establishing a connection

2025-07-29 22:18:08,411 - ERROR - An error occurred while fetching listing 3767503: Message: Tried to run command without establishing a connection

2025-07-29 22:18:08,412 - ERROR - An error occurred while fetching listing 3765879: Message: Tried to run command without establishing a connection

2025-07-29 22:18:08,413 - ERROR - An error occurred while fetching listing 3738343: Message: Tried to run command without establishing a connection

2025-07-29 22:18:08,413 - ERROR - An error occurred while fetching listing 3743370: Message: Tried to run command without establishing a connection

2025-07-29 22:18:08,414 - ERROR - An error occurred while fetching listing 3759421: Message: Tried to run command without establishing a connection

2025-07-29 22:18:08,415 - ERROR - An error occurred while fetching listing 3762275: Message: Tried to run command without establishing a connection

2025-07-29 22:18:08,416 - ERROR - An error occurred while fetching listing 3449124: Message: Tried to run command without establishing a connection

2025-07-29 22:18:08,417 - ERROR - An error occurred while fetching listing 3747472: Message: Tried to run command without establishing a connection

2025-07-29 22:18:08,418 - ERROR - An error occurred while fetching listing 3739298: Message: Tried to run command without establishing a connection

2025-07-29 22:18:08,419 - ERROR - An error occurred while fetching listing 3759065: Message: Tried to run command without establishing a connection

2025-07-29 22:18:08,420 - ERROR - An error occurred while fetching listing 3761613: Message: Tried to run command without establishing a connection

2025-07-29 22:18:08,421 - ERROR - An error occurred while fetching listing 3742420: Message: Tried to run command without establishing a connection

2025-07-29 22:18:08,422 - ERROR - An error occurred while fetching listing 3761114: Message: Tried to run command without establishing a connection

2025-07-29 22:18:08,423 - ERROR - An error occurred while fetching listing 3763320: Message: Tried to run command without establishing a connection

2025-07-29 22:18:08,424 - ERROR - An error occurred while fetching listing 3765109: Message: Tried to run command without establishing a connection

2025-07-29 22:18:08,425 - ERROR - An error occurred while fetching listing 3766717: Message: Tried to run command without establishing a connection

2025-07-29 22:18:08,426 - ERROR - An error occurred while fetching listing 3762485: Message: Tried to run command without establishing a connection

2025-07-29 22:18:08,427 - ERROR - An error occurred while fetching listing 3761749: Message: Tried to run command without establishing a connection

2025-07-29 22:18:08,428 - ERROR - An error occurred while fetching listing 3618079: Message: Tried to run command without establishing a connection

2025-07-29 22:18:08,429 - ERROR - An error occurred while fetching listing 3762998: Message: Tried to run command without establishing a connection

2025-07-29 22:18:08,430 - ERROR - An error occurred while fetching listing 3746305: Message: Tried to run command without establishing a connection

2025-07-29 22:18:08,430 - ERROR - An error occurred while fetching listing 3763511: Message: Tried to run command without establishing a connection

2025-07-29 22:18:08,431 - ERROR - An error occurred while fetching listing 3759330: Message: Tried to run command without establishing a connection

2025-07-29 22:18:08,432 - ERROR - An error occurred while fetching listing 3762758: Message: Tried to run command without establishing a connection

2025-07-29 22:18:08,433 - ERROR - An error occurred while fetching listing 3743616: Message: Tried to run command without establishing a connection

2025-07-29 22:18:08,433 - ERROR - An error occurred while fetching listing 3759305: Message: Tried to run command without establishing a connection

2025-07-29 22:18:08,434 - ERROR - An error occurred while fetching listing 3757454: Message: Tried to run command without establishing a connection

2025-07-29 22:18:08,435 - ERROR - An error occurred while fetching listing 3738172: Message: Tried to run command without establishing a connection

2025-07-29 22:18:08,436 - ERROR - An error occurred while fetching listing 3761734: Message: Tried to run command without establishing a connection

2025-07-29 22:18:08,436 - ERROR - An error occurred while fetching listing 3751244: Message: Tried to run command without establishing a connection

2025-07-29 22:18:08,437 - ERROR - An error occurred while fetching listing 3504811: Message: Tried to run command without establishing a connection

2025-07-29 22:18:08,438 - ERROR - An error occurred while fetching listing 3768072: Message: Tried to run command without establishing a connection

2025-07-29 22:18:08,438 - ERROR - An error occurred while fetching listing 3755262: Message: Tried to run command without establishing a connection

2025-07-29 22:18:08,439 - ERROR - An error occurred while fetching listing 3763078: Message: Tried to run command without establishing a connection

2025-07-29 22:18:08,440 - ERROR - An error occurred while fetching listing 3730186: Message: Tried to run command without establishing a connection

2025-07-29 22:18:08,441 - ERROR - An error occurred while fetching listing 3755295: Message: Tried to run command without establishing a connection

2025-07-29 22:18:08,442 - ERROR - An error occurred while fetching listing 3735653: Message: Tried to run command without establishing a connection

2025-07-29 22:18:08,443 - ERROR - An error occurred while fetching listing 3767650: Message: Tried to run command without establishing a connection

2025-07-29 22:18:08,444 - ERROR - An error occurred while fetching listing 3744232: Message: Tried to run command without establishing a connection

2025-07-29 22:18:08,445 - ERROR - An error occurred while fetching listing 3472217: Message: Tried to run command without establishing a connection

2025-07-29 22:18:08,446 - ERROR - An error occurred while fetching listing 3759247: Message: Tried to run command without establishing a connection

2025-07-29 22:18:08,446 - ERROR - An error occurred while fetching listing 3758083: Message: Tried to run command without establishing a connection

2025-07-29 22:18:08,447 - ERROR - An error occurred while fetching listing 3758205: Message: Tried to run command without establishing a connection

2025-07-29 22:18:08,448 - ERROR - An error occurred while fetching listing 3728460: Message: Tried to run command without establishing a connection

2025-07-29 22:18:08,449 - ERROR - An error occurred while fetching listing 3752327: Message: Tried to run command without establishing a connection

2025-07-29 22:18:08,449 - ERROR - An error occurred while fetching listing 3750875: Message: Tried to run command without establishing a connection

2025-07-29 22:18:08,450 - ERROR - An error occurred while fetching listing 3764982: Message: Tried to run command without establishing a connection

2025-07-29 22:18:08,451 - ERROR - An error occurred while fetching listing 3757094: Message: Tried to run command without establishing a connection

2025-07-29 22:18:08,452 - ERROR - An error occurred while fetching listing 3606182: Message: Tried to run command without establishing a connection

2025-07-29 22:18:08,453 - ERROR - An error occurred while fetching listing 3762364: Message: Tried to run command without establishing a connection

2025-07-29 22:18:08,454 - ERROR - An error occurred while fetching listing 3740516: Message: Tried to run command without establishing a connection

2025-07-29 22:18:08,455 - ERROR - An error occurred while fetching listing 3737570: Message: Tried to run command without establishing a connection

2025-07-29 22:18:08,456 - ERROR - An error occurred while fetching listing 3742111: Message: Tried to run command without establishing a connection

2025-07-29 22:18:08,456 - ERROR - An error occurred while fetching listing 3763676: Message: Tried to run command without establishing a connection

2025-07-29 22:18:08,457 - ERROR - An error occurred while fetching listing 3757218: Message: Tried to run command without establishing a connection

2025-07-29 22:18:08,458 - ERROR - An error occurred while fetching listing 3755260: Message: Tried to run command without establishing a connection

2025-07-29 22:18:08,458 - ERROR - An error occurred while fetching listing 3739539: Message: Tried to run command without establishing a connection

2025-07-29 22:18:08,459 - ERROR - An error occurred while fetching listing 3750298: Message: Tried to run command without establishing a connection

2025-07-29 22:18:08,460 - ERROR - An error occurred while fetching listing 3767694: Message: Tried to run command without establishing a connection

2025-07-29 22:18:08,460 - ERROR - An error occurred while fetching listing 3752494: Message: Tried to run command without establishing a connection

2025-07-29 22:18:08,461 - ERROR - An error occurred while fetching listing 3758423: Message: Tried to run command without establishing a connection

2025-07-29 22:18:08,462 - ERROR - An error occurred while fetching listing 3742378: Message: Tried to run command without establishing a connection

2025-07-29 22:18:08,463 - ERROR - An error occurred while fetching listing 3760718: Message: Tried to run command without establishing a connection

2025-07-29 22:18:08,463 - ERROR - An error occurred while fetching listing 3625084: Message: Tried to run command without establishing a connection

2025-07-29 22:18:08,464 - ERROR - An error occurred while fetching listing 3736103: Message: Tried to run command without establishing a connection

2025-07-29 22:18:08,465 - ERROR - An error occurred while fetching listing 3760961: Message: Tried to run command without establishing a connection

2025-07-29 22:18:08,465 - ERROR - An error occurred while fetching listing 3044883: Message: Tried to run command without establishing a connection

2025-07-29 22:18:08,466 - ERROR - An error occurred while fetching listing 3767566: Message: Tried to run command without establishing a connection

2025-07-29 22:18:08,467 - ERROR - An error occurred while fetching listing 3763550: Message: Tried to run command without establishing a connection

2025-07-29 22:18:08,467 - ERROR - An error occurred while fetching listing 3745382: Message: Tried to run command without establishing a connection

2025-07-29 22:18:08,468 - ERROR - An error occurred while fetching listing 3763823: Message: Tried to run command without establishing a connection

2025-07-29 22:18:08,469 - ERROR - An error occurred while fetching listing 3725239: Message: Tried to run command without establishing a connection

2025-07-29 22:18:08,470 - ERROR - An error occurred while fetching listing 3746456: Message: Tried to run command without establishing a connection

2025-07-29 22:18:08,470 - ERROR - An error occurred while fetching listing 3729494: Message: Tried to run command without establishing a connection

2025-07-29 22:18:08,471 - ERROR - An error occurred while fetching listing 3764717: Message: Tried to run command without establishing a connection

2025-07-29 22:18:08,472 - ERROR - An error occurred while fetching listing 3731386: Message: Tried to run command without establishing a connection

2025-07-29 22:18:08,473 - ERROR - An error occurred while fetching listing 3762400: Message: Tried to run command without establishing a connection

2025-07-29 22:18:08,473 - ERROR - An error occurred while fetching listing 3749353: Message: Tried to run command without establishing a connection

2025-07-29 22:18:08,474 - ERROR - An error occurred while fetching listing 3724260: Message: Tried to run command without establishing a connection

2025-07-29 22:18:08,475 - ERROR - An error occurred while fetching listing 3760491: Message: Tried to run command without establishing a connection

2025-07-29 22:18:08,475 - ERROR - An error occurred while fetching listing 3576611: Message: Tried to run command without establishing a connection

2025-07-29 22:18:08,476 - ERROR - An error occurred while fetching listing 3766423: Message: Tried to run command without establishing a connection

2025-07-29 22:18:08,477 - ERROR - An error occurred while fetching listing 3748642: Message: Tried to run command without establishing a connection

2025-07-29 22:18:08,477 - ERROR - An error occurred while fetching listing 3738898: Message: Tried to run command without establishing a connection

2025-07-29 22:18:08,478 - ERROR - An error occurred while fetching listing 3750101: Message: Tried to run command without establishing a connection

2025-07-29 22:18:08,479 - ERROR - An error occurred while fetching listing 3763978: Message: Tried to run command without establishing a connection

2025-07-29 22:18:08,479 - ERROR - An error occurred while fetching listing 3759663: Message: Tried to run command without establishing a connection

2025-07-29 22:18:08,480 - ERROR - An error occurred while fetching listing 3760745: Message: Tried to run command without establishing a connection

2025-07-29 22:18:08,481 - ERROR - An error occurred while fetching listing 3753627: Message: Tried to run command without establishing a connection

2025-07-29 22:18:08,481 - ERROR - An error occurred while fetching listing 3729513: Message: Tried to run command without establishing a connection

2025-07-29 22:18:08,482 - ERROR - An error occurred while fetching listing 3762444: Message: Tried to run command without establishing a connection

2025-07-29 22:18:08,483 - ERROR - An error occurred while fetching listing 3748957: Message: Tried to run command without establishing a connection

2025-07-29 22:18:08,484 - ERROR - An error occurred while fetching listing 3732712: Message: Tried to run command without establishing a connection

2025-07-29 22:18:08,484 - ERROR - An error occurred while fetching listing 3753545: Message: Tried to run command without establishing a connection

2025-07-29 22:18:08,485 - ERROR - An error occurred while fetching listing 3764450: Message: Tried to run command without establishing a connection

2025-07-29 22:18:08,486 - ERROR - An error occurred while fetching listing 3765605: Message: Tried to run command without establishing a connection

2025-07-29 22:18:08,487 - ERROR - An error occurred while fetching listing 3756040: Message: Tried to run command without establishing a connection

2025-07-29 22:18:08,487 - ERROR - An error occurred while fetching listing 3738827: Message: Tried to run command without establishing a connection

2025-07-29 22:18:08,488 - ERROR - An error occurred while fetching listing 3758619: Message: Tried to run command without establishing a connection

2025-07-29 22:18:08,489 - ERROR - An error occurred while fetching listing 3766531: Message: Tried to run command without establishing a connection

2025-07-29 22:18:08,489 - ERROR - An error occurred while fetching listing 3763247: Message: Tried to run command without establishing a connection

2025-07-29 22:18:08,490 - ERROR - An error occurred while fetching listing 3762150: Message: Tried to run command without establishing a connection

2025-07-29 22:18:08,491 - ERROR - An error occurred while fetching listing 3729420: Message: Tried to run command without establishing a connection

2025-07-29 22:18:08,491 - ERROR - An error occurred while fetching listing 3750743: Message: Tried to run command without establishing a connection

2025-07-29 22:18:08,492 - ERROR - An error occurred while fetching listing 3751520: Message: Tried to run command without establishing a connection

2025-07-29 22:18:08,493 - ERROR - An error occurred while fetching listing 3754970: Message: Tried to run command without establishing a connection

2025-07-29 22:18:08,493 - ERROR - An error occurred while fetching listing 3737482: Message: Tried to run command without establishing a connection

2025-07-29 22:18:08,494 - ERROR - An error occurred while fetching listing 3349820: Message: Tried to run command without establishing a connection

2025-07-29 22:18:08,495 - ERROR - An error occurred while fetching listing 3762072: Message: Tried to run command without establishing a connection

2025-07-29 22:18:08,495 - ERROR - An error occurred while fetching listing 3726455: Message: Tried to run command without establishing a connection

2025-07-29 22:18:08,496 - ERROR - An error occurred while fetching listing 3743118: Message: Tried to run command without establishing a connection

2025-07-29 22:18:08,497 - ERROR - An error occurred while fetching listing 3754241: Message: Tried to run command without establishing a connection

2025-07-29 22:18:08,497 - ERROR - An error occurred while fetching listing 3750017: Message: Tried to run command without establishing a connection

2025-07-29 22:18:08,498 - ERROR - An error occurred while fetching listing 3747189: Message: Tried to run command without establishing a connection

2025-07-29 22:18:08,499 - ERROR - An error occurred while fetching listing 3764661: Message: Tried to run command without establishing a connection

2025-07-29 22:18:08,500 - ERROR - An error occurred while fetching listing 3767642: Message: Tried to run command without establishing a connection

2025-07-29 22:18:08,500 - ERROR - An error occurred while fetching listing 3758024: Message: Tried to run command without establishing a connection

2025-07-29 22:18:08,501 - ERROR - An error occurred while fetching listing 3760532: Message: Tried to run command without establishing a connection

2025-07-29 22:18:08,502 - ERROR - An error occurred while fetching listing 3633750: Message: Tried to run command without establishing a connection

2025-07-29 22:18:08,502 - ERROR - An error occurred while fetching listing 3555623: Message: Tried to run command without establishing a connection

2025-07-29 22:18:08,503 - ERROR - An error occurred while fetching listing 3763072: Message: Tried to run command without establishing a connection

2025-07-29 22:18:08,504 - ERROR - An error occurred while fetching listing 3759013: Message: Tried to run command without establishing a connection

2025-07-29 22:18:08,504 - ERROR - An error occurred while fetching listing 3732494: Message: Tried to run command without establishing a connection

2025-07-29 22:18:08,505 - ERROR - An error occurred while fetching listing 3744003: Message: Tried to run command without establishing a connection

2025-07-29 22:18:08,506 - ERROR - An error occurred while fetching listing 3757118: Message: Tried to run command without establishing a connection

2025-07-29 22:18:08,507 - ERROR - An error occurred while fetching listing 3765927: Message: Tried to run command without establishing a connection

2025-07-29 22:18:08,508 - ERROR - An error occurred while fetching listing 3752590: Message: Tried to run command without establishing a connection

2025-07-29 22:18:08,508 - ERROR - An error occurred while fetching listing 3739703: Message: Tried to run command without establishing a connection

2025-07-29 22:18:08,509 - ERROR - An error occurred while fetching listing 3765264: Message: Tried to run command without establishing a connection

2025-07-29 22:18:08,510 - ERROR - An error occurred while fetching listing 3733050: Message: Tried to run command without establishing a connection

2025-07-29 22:18:08,510 - ERROR - An error occurred while fetching listing 3742863: Message: Tried to run command without establishing a connection

2025-07-29 22:18:08,511 - ERROR - An error occurred while fetching listing 3768067: Message: Tried to run command without establishing a connection

2025-07-29 22:18:08,512 - ERROR - An error occurred while fetching listing 3753099: Message: Tried to run command without establishing a connection

2025-07-29 22:18:08,512 - ERROR - An error occurred while fetching listing 3764084: Message: Tried to run command without establishing a connection

2025-07-29 22:18:08,513 - ERROR - An error occurred while fetching listing 3731975: Message: Tried to run command without establishing a connection

2025-07-29 22:18:08,514 - ERROR - An error occurred while fetching listing 3757064: Message: Tried to run command without establishing a connection

2025-07-29 22:18:08,515 - ERROR - An error occurred while fetching listing 3726126: Message: Tried to run command without establishing a connection

2025-07-29 22:18:08,515 - ERROR - An error occurred while fetching listing 3763246: Message: Tried to run command without establishing a connection

2025-07-29 22:18:08,516 - ERROR - An error occurred while fetching listing 3749917: Message: Tried to run command without establishing a connection

2025-07-29 22:18:08,517 - ERROR - An error occurred while fetching listing 3755329: Message: Tried to run command without establishing a connection

2025-07-29 22:18:08,518 - ERROR - An error occurred while fetching listing 3760486: Message: Tried to run command without establishing a connection

2025-07-29 22:18:08,519 - ERROR - An error occurred while fetching listing 3739546: Message: Tried to run command without establishing a connection

2025-07-29 22:18:08,519 - ERROR - An error occurred while fetching listing 3760393: Message: Tried to run command without establishing a connection

2025-07-29 22:18:08,520 - ERROR - An error occurred while fetching listing 3765551: Message: Tried to run command without establishing a connection

2025-07-29 22:18:08,521 - ERROR - An error occurred while fetching listing 3754546: Message: Tried to run command without establishing a connection

2025-07-29 22:18:08,522 - ERROR - An error occurred while fetching listing 3729668: Message: Tried to run command without establishing a connection

2025-07-29 22:18:08,522 - ERROR - An error occurred while fetching listing 3746960: Message: Tried to run command without establishing a connection

2025-07-29 22:18:08,523 - ERROR - An error occurred while fetching listing 3764092: Message: Tried to run command without establishing a connection

2025-07-29 22:18:08,524 - ERROR - An error occurred while fetching listing 3746602: Message: Tried to run command without establishing a connection

2025-07-29 22:18:08,524 - ERROR - An error occurred while fetching listing 3757945: Message: Tried to run command without establishing a connection

2025-07-29 22:18:08,525 - ERROR - An error occurred while fetching listing 3751596: Message: Tried to run command without establishing a connection

2025-07-29 22:18:08,526 - ERROR - An error occurred while fetching listing 3768064: Message: Tried to run command without establishing a connection

2025-07-29 22:18:08,527 - ERROR - An error occurred while fetching listing 3753973: Message: Tried to run command without establishing a connection

2025-07-29 22:18:08,527 - ERROR - An error occurred while fetching listing 3743961: Message: Tried to run command without establishing a connection

2025-07-29 22:18:08,528 - ERROR - An error occurred while fetching listing 3762661: Message: Tried to run command without establishing a connection

2025-07-29 22:18:08,529 - ERROR - An error occurred while fetching listing 3733250: Message: Tried to run command without establishing a connection

2025-07-29 22:18:08,529 - ERROR - An error occurred while fetching listing 3759320: Message: Tried to run command without establishing a connection

2025-07-29 22:18:08,530 - ERROR - An error occurred while fetching listing 3748982: Message: Tried to run command without establishing a connection

2025-07-29 22:18:08,531 - ERROR - An error occurred while fetching listing 3767361: Message: Tried to run command without establishing a connection

2025-07-29 22:18:08,531 - ERROR - An error occurred while fetching listing 3755165: Message: Tried to run command without establishing a connection

2025-07-29 22:18:08,532 - ERROR - An error occurred while fetching listing 3726882: Message: Tried to run command without establishing a connection

2025-07-29 22:18:08,533 - ERROR - An error occurred while fetching listing 3746235: Message: Tried to run command without establishing a connection

2025-07-29 22:18:08,533 - ERROR - An error occurred while fetching listing 3730838: Message: Tried to run command without establishing a connection

2025-07-29 22:18:08,534 - ERROR - An error occurred while fetching listing 3729952: Message: Tried to run command without establishing a connection

2025-07-29 22:18:08,535 - ERROR - An error occurred while fetching listing 3757863: Message: Tried to run command without establishing a connection

2025-07-29 22:18:08,536 - ERROR - An error occurred while fetching listing 3754719: Message: Tried to run command without establishing a connection

2025-07-29 22:18:08,536 - ERROR - An error occurred while fetching listing 3759340: Message: Tried to run command without establishing a connection

2025-07-29 22:18:08,537 - ERROR - An error occurred while fetching listing 3724839: Message: Tried to run command without establishing a connection

2025-07-29 22:18:08,538 - ERROR - An error occurred while fetching listing 3600405: Message: Tried to run command without establishing a connection

2025-07-29 22:18:08,538 - ERROR - An error occurred while fetching listing 3744531: Message: Tried to run command without establishing a connection

2025-07-29 22:18:08,539 - ERROR - An error occurred while fetching listing 3765738: Message: Tried to run command without establishing a connection

2025-07-29 22:18:08,540 - ERROR - An error occurred while fetching listing 3739401: Message: Tried to run command without establishing a connection

2025-07-29 22:18:08,541 - ERROR - An error occurred while fetching listing 3763625: Message: Tried to run command without establishing a connection

2025-07-29 22:18:08,542 - ERROR - An error occurred while fetching listing 3761416: Message: Tried to run command without establishing a connection

2025-07-29 22:18:08,542 - ERROR - An error occurred while fetching listing 3673195: Message: Tried to run command without establishing a connection

2025-07-29 22:18:08,543 - ERROR - An error occurred while fetching listing 3767208: Message: Tried to run command without establishing a connection

2025-07-29 22:18:08,544 - ERROR - An error occurred while fetching listing 3762892: Message: Tried to run command without establishing a connection

2025-07-29 22:18:08,545 - ERROR - An error occurred while fetching listing 3745313: Message: Tried to run command without establishing a connection

2025-07-29 22:18:08,546 - ERROR - An error occurred while fetching listing 3745434: Message: Tried to run command without establishing a connection

2025-07-29 22:18:08,547 - ERROR - An error occurred while fetching listing 3751236: Message: Tried to run command without establishing a connection

2025-07-29 22:18:08,548 - ERROR - An error occurred while fetching listing 3767266: Message: Tried to run command without establishing a connection

2025-07-29 22:18:08,549 - ERROR - An error occurred while fetching listing 3745208: Message: Tried to run command without establishing a connection

2025-07-29 22:18:08,550 - ERROR - An error occurred while fetching listing 3761995: Message: Tried to run command without establishing a connection

2025-07-29 22:18:08,550 - ERROR - An error occurred while fetching listing 3765412: Message: Tried to run command without establishing a connection

2025-07-29 22:18:08,551 - ERROR - An error occurred while fetching listing 3447874: Message: Tried to run command without establishing a connection

2025-07-29 22:18:08,552 - ERROR - An error occurred while fetching listing 3757925: Message: Tried to run command without establishing a connection

2025-07-29 22:18:08,552 - ERROR - An error occurred while fetching listing 3749506: Message: Tried to run command without establishing a connection

2025-07-29 22:18:08,553 - ERROR - An error occurred while fetching listing 3739448: Message: Tried to run command without establishing a connection

2025-07-29 22:18:08,554 - ERROR - An error occurred while fetching listing 3748920: Message: Tried to run command without establishing a connection

2025-07-29 22:18:08,555 - ERROR - An error occurred while fetching listing 3755335: Message: Tried to run command without establishing a connection

2025-07-29 22:18:08,556 - ERROR - An error occurred while fetching listing 3767244: Message: Tried to run command without establishing a connection

2025-07-29 22:18:08,557 - ERROR - An error occurred while fetching listing 3766376: Message: Tried to run command without establishing a connection

2025-07-29 22:18:08,557 - ERROR - An error occurred while fetching listing 3752149: Message: Tried to run command without establishing a connection

2025-07-29 22:18:08,558 - ERROR - An error occurred while fetching listing 3762391: Message: Tried to run command without establishing a connection

2025-07-29 22:18:08,559 - ERROR - An error occurred while fetching listing 3728028: Message: Tried to run command without establishing a connection

2025-07-29 22:18:08,560 - ERROR - An error occurred while fetching listing 3766067: Message: Tried to run command without establishing a connection

2025-07-29 22:18:08,561 - ERROR - An error occurred while fetching listing 3748394: Message: Tried to run command without establishing a connection

2025-07-29 22:18:08,561 - ERROR - An error occurred while fetching listing 3766721: Message: Tried to run command without establishing a connection

2025-07-29 22:18:08,562 - ERROR - An error occurred while fetching listing 3731770: Message: Tried to run command without establishing a connection

2025-07-29 22:18:08,563 - ERROR - An error occurred while fetching listing 3763914: Message: Tried to run command without establishing a connection

2025-07-29 22:18:08,564 - ERROR - An error occurred while fetching listing 3755052: Message: Tried to run command without establishing a connection

2025-07-29 22:18:08,565 - ERROR - An error occurred while fetching listing 3501776: Message: Tried to run command without establishing a connection

2025-07-29 22:18:08,565 - ERROR - An error occurred while fetching listing 3766064: Message: Tried to run command without establishing a connection

2025-07-29 22:18:08,566 - ERROR - An error occurred while fetching listing 3749296: Message: Tried to run command without establishing a connection

2025-07-29 22:18:08,567 - ERROR - An error occurred while fetching listing 3759670: Message: Tried to run command without establishing a connection

2025-07-29 22:18:08,568 - ERROR - An error occurred while fetching listing 3725747: Message: Tried to run command without establishing a connection

2025-07-29 22:18:08,569 - ERROR - An error occurred while fetching listing 3762370: Message: Tried to run command without establishing a connection

2025-07-29 22:18:08,571 - ERROR - An error occurred while fetching listing 3750278: Message: Tried to run command without establishing a connection

2025-07-29 22:18:08,572 - ERROR - An error occurred while fetching listing 3724105: Message: Tried to run command without establishing a connection

2025-07-29 22:18:08,573 - ERROR - An error occurred while fetching listing 3724616: Message: Tried to run command without establishing a connection

2025-07-29 22:18:08,574 - ERROR - An error occurred while fetching listing 3756301: Message: Tried to run command without establishing a connection

2025-07-29 22:18:08,575 - ERROR - An error occurred while fetching listing 3758131: Message: Tried to run command without establishing a connection

2025-07-29 22:18:08,576 - ERROR - An error occurred while fetching listing 3760200: Message: Tried to run command without establishing a connection

2025-07-29 22:18:08,576 - ERROR - An error occurred while fetching listing 3749060: Message: Tried to run command without establishing a connection

2025-07-29 22:18:08,577 - ERROR - An error occurred while fetching listing 3764619: Message: Tried to run command without establishing a connection

2025-07-29 22:18:08,578 - ERROR - An error occurred while fetching listing 3763021: Message: Tried to run command without establishing a connection

2025-07-29 22:18:08,578 - ERROR - An error occurred while fetching listing 3758710: Message: Tried to run command without establishing a connection

2025-07-29 22:18:08,579 - ERROR - An error occurred while fetching listing 3764602: Message: Tried to run command without establishing a connection

2025-07-29 22:18:08,580 - ERROR - An error occurred while fetching listing 3750417: Message: Tried to run command without establishing a connection

2025-07-29 22:18:08,581 - ERROR - An error occurred while fetching listing 3735787: Message: Tried to run command without establishing a connection

2025-07-29 22:18:08,582 - ERROR - An error occurred while fetching listing 3755354: Message: Tried to run command without establishing a connection

2025-07-29 22:18:08,582 - ERROR - An error occurred while fetching listing 3763234: Message: Tried to run command without establishing a connection

2025-07-29 22:18:08,583 - ERROR - An error occurred while fetching listing 3750952: Message: Tried to run command without establishing a connection

2025-07-29 22:18:08,584 - ERROR - An error occurred while fetching listing 3760422: Message: Tried to run command without establishing a connection

2025-07-29 22:18:08,585 - ERROR - An error occurred while fetching listing 3747961: Message: Tried to run command without establishing a connection

2025-07-29 22:18:08,585 - ERROR - An error occurred while fetching listing 3732432: Message: Tried to run command without establishing a connection

2025-07-29 22:18:08,586 - ERROR - An error occurred while fetching listing 3730335: Message: Tried to run command without establishing a connection

2025-07-29 22:18:08,587 - ERROR - An error occurred while fetching listing 3750630: Message: Tried to run command without establishing a connection

2025-07-29 22:18:08,588 - ERROR - An error occurred while fetching listing 3753831: Message: Tried to run command without establishing a connection

2025-07-29 22:18:08,589 - ERROR - An error occurred while fetching listing 3756263: Message: Tried to run command without establishing a connection

2025-07-29 22:18:08,590 - ERROR - An error occurred while fetching listing 3761609: Message: Tried to run command without establishing a connection

2025-07-29 22:18:08,591 - ERROR - An error occurred while fetching listing 3764947: Message: Tried to run command without establishing a connection

2025-07-29 22:18:08,592 - ERROR - An error occurred while fetching listing 3762872: Message: Tried to run command without establishing a connection

2025-07-29 22:18:08,592 - ERROR - An error occurred while fetching listing 3753507: Message: Tried to run command without establishing a connection

2025-07-29 22:18:08,593 - ERROR - An error occurred while fetching listing 3748722: Message: Tried to run command without establishing a connection

2025-07-29 22:18:08,594 - ERROR - An error occurred while fetching listing 3766199: Message: Tried to run command without establishing a connection

2025-07-29 22:18:08,595 - ERROR - An error occurred while fetching listing 3761123: Message: Tried to run command without establishing a connection

2025-07-29 22:18:08,596 - ERROR - An error occurred while fetching listing 3762525: Message: Tried to run command without establishing a connection

2025-07-29 22:18:08,597 - ERROR - An error occurred while fetching listing 3729588: Message: Tried to run command without establishing a connection

2025-07-29 22:18:08,598 - ERROR - An error occurred while fetching listing 3742463: Message: Tried to run command without establishing a connection

2025-07-29 22:18:08,599 - ERROR - An error occurred while fetching listing 3765095: Message: Tried to run command without establishing a connection

2025-07-29 22:18:08,599 - ERROR - An error occurred while fetching listing 3757280: Message: Tried to run command without establishing a connection

2025-07-29 22:18:08,601 - ERROR - An error occurred while fetching listing 3751050: Message: Tried to run command without establishing a connection

2025-07-29 22:18:08,602 - ERROR - An error occurred while fetching listing 3764664: Message: Tried to run command without establishing a connection

2025-07-29 22:18:08,603 - ERROR - An error occurred while fetching listing 3758247: Message: Tried to run command without establishing a connection

2025-07-29 22:18:08,604 - ERROR - An error occurred while fetching listing 3755697: Message: Tried to run command without establishing a connection

2025-07-29 22:18:08,605 - ERROR - An error occurred while fetching listing 3741691: Message: Tried to run command without establishing a connection

2025-07-29 22:18:08,606 - ERROR - An error occurred while fetching listing 3729915: Message: Tried to run command without establishing a connection

2025-07-29 22:18:08,606 - ERROR - An error occurred while fetching listing 3733020: Message: Tried to run command without establishing a connection

2025-07-29 22:18:08,607 - ERROR - An error occurred while fetching listing 3734735: Message: Tried to run command without establishing a connection

2025-07-29 22:18:08,608 - ERROR - An error occurred while fetching listing 3766748: Message: Tried to run command without establishing a connection

2025-07-29 22:18:08,609 - ERROR - An error occurred while fetching listing 3767190: Message: Tried to run command without establishing a connection

2025-07-29 22:18:08,610 - ERROR - An error occurred while fetching listing 3764033: Message: Tried to run command without establishing a connection

2025-07-29 22:18:08,611 - ERROR - An error occurred while fetching listing 3752296: Message: Tried to run command without establishing a connection

2025-07-29 22:18:08,611 - ERROR - An error occurred while fetching listing 3756082: Message: Tried to run command without establishing a connection

2025-07-29 22:18:08,612 - ERROR - An error occurred while fetching listing 3757425: Message: Tried to run command without establishing a connection

2025-07-29 22:18:08,613 - ERROR - An error occurred while fetching listing 3756524: Message: Tried to run command without establishing a connection

2025-07-29 22:18:08,614 - ERROR - An error occurred while fetching listing 3761513: Message: Tried to run command without establishing a connection

2025-07-29 22:18:08,615 - ERROR - An error occurred while fetching listing 3747369: Message: Tried to run command without establishing a connection

2025-07-29 22:18:08,615 - ERROR - An error occurred while fetching listing 3729429: Message: Tried to run command without establishing a connection

2025-07-29 22:18:08,616 - ERROR - An error occurred while fetching listing 3754190: Message: Tried to run command without establishing a connection

2025-07-29 22:18:08,617 - ERROR - An error occurred while fetching listing 3729501: Message: Tried to run command without establishing a connection

2025-07-29 22:18:08,618 - ERROR - An error occurred while fetching listing 3751316: Message: Tried to run command without establishing a connection

2025-07-29 22:18:08,618 - ERROR - An error occurred while fetching listing 3757331: Message: Tried to run command without establishing a connection

2025-07-29 22:18:08,619 - ERROR - An error occurred while fetching listing 3750050: Message: Tried to run command without establishing a connection

2025-07-29 22:18:08,620 - ERROR - An error occurred while fetching listing 3758529: Message: Tried to run command without establishing a connection

2025-07-29 22:18:08,621 - ERROR - An error occurred while fetching listing 3730406: Message: Tried to run command without establishing a connection

2025-07-29 22:18:08,622 - ERROR - An error occurred while fetching listing 3755445: Message: Tried to run command without establishing a connection

2025-07-29 22:18:08,623 - ERROR - An error occurred while fetching listing 3765019: Message: Tried to run command without establishing a connection

2025-07-29 22:18:08,624 - ERROR - An error occurred while fetching listing 3760814: Message: Tried to run command without establishing a connection

2025-07-29 22:18:08,625 - ERROR - An error occurred while fetching listing 3762190: Message: Tried to run command without establishing a connection

2025-07-29 22:18:08,626 - ERROR - An error occurred while fetching listing 3768047: Message: Tried to run command without establishing a connection

2025-07-29 22:18:08,627 - ERROR - An error occurred while fetching listing 3731089: Message: Tried to run command without establishing a connection

2025-07-29 22:18:08,628 - ERROR - An error occurred while fetching listing 3754677: Message: Tried to run command without establishing a connection

2025-07-29 22:18:08,629 - ERROR - An error occurred while fetching listing 3767505: Message: Tried to run command without establishing a connection

2025-07-29 22:18:08,630 - ERROR - An error occurred while fetching listing 3768462: Message: Tried to run command without establishing a connection

2025-07-29 22:18:08,631 - ERROR - An error occurred while fetching listing 3753281: Message: Tried to run command without establishing a connection

2025-07-29 22:18:08,632 - ERROR - An error occurred while fetching listing 3762918: Message: Tried to run command without establishing a connection

2025-07-29 22:18:08,633 - ERROR - An error occurred while fetching listing 3755815: Message: Tried to run command without establishing a connection

2025-07-29 22:18:08,634 - ERROR - An error occurred while fetching listing 3766722: Message: Tried to run command without establishing a connection

2025-07-29 22:18:08,635 - ERROR - An error occurred while fetching listing 3732570: Message: Tried to run command without establishing a connection

2025-07-29 22:18:08,636 - ERROR - An error occurred while fetching listing 3757258: Message: Tried to run command without establishing a connection

2025-07-29 22:18:08,637 - ERROR - An error occurred while fetching listing 3766690: Message: Tried to run command without establishing a connection

2025-07-29 22:18:08,638 - ERROR - An error occurred while fetching listing 3743256: Message: Tried to run command without establishing a connection

2025-07-29 22:18:08,639 - ERROR - An error occurred while fetching listing 3751940: Message: Tried to run command without establishing a connection

2025-07-29 22:18:08,640 - ERROR - An error occurred while fetching listing 3762251: Message: Tried to run command without establishing a connection

2025-07-29 22:18:08,641 - ERROR - An error occurred while fetching listing 3739934: Message: Tried to run command without establishing a connection

2025-07-29 22:18:08,642 - ERROR - An error occurred while fetching listing 3551202: Message: Tried to run command without establishing a connection

2025-07-29 22:18:08,642 - ERROR - An error occurred while fetching listing 3768317: Message: Tried to run command without establishing a connection

2025-07-29 22:18:08,643 - ERROR - An error occurred while fetching listing 3754111: Message: Tried to run command without establishing a connection

2025-07-29 22:18:08,644 - ERROR - An error occurred while fetching listing 3733368: Message: Tried to run command without establishing a connection

2025-07-29 22:18:08,645 - ERROR - An error occurred while fetching listing 3755267: Message: Tried to run command without establishing a connection

2025-07-29 22:18:08,645 - ERROR - An error occurred while fetching listing 3758815: Message: Tried to run command without establishing a connection

2025-07-29 22:18:08,646 - ERROR - An error occurred while fetching listing 3765967: Message: Tried to run command without establishing a connection

2025-07-29 22:18:08,647 - ERROR - An error occurred while fetching listing 3727822: Message: Tried to run command without establishing a connection

2025-07-29 22:18:08,648 - ERROR - An error occurred while fetching listing 3761329: Message: Tried to run command without establishing a connection

2025-07-29 22:18:08,649 - ERROR - An error occurred while fetching listing 3762488: Message: Tried to run command without establishing a connection

2025-07-29 22:18:08,650 - ERROR - An error occurred while fetching listing 3738384: Message: Tried to run command without establishing a connection

2025-07-29 22:18:08,651 - ERROR - An error occurred while fetching listing 3756173: Message: Tried to run command without establishing a connection

2025-07-29 22:18:08,652 - ERROR - An error occurred while fetching listing 3749764: Message: Tried to run command without establishing a connection

2025-07-29 22:18:08,653 - ERROR - An error occurred while fetching listing 3757804: Message: Tried to run command without establishing a connection

2025-07-29 22:18:08,654 - ERROR - An error occurred while fetching listing 3749920: Message: Tried to run command without establishing a connection

2025-07-29 22:18:08,655 - ERROR - An error occurred while fetching listing 3762102: Message: Tried to run command without establishing a connection

2025-07-29 22:18:08,656 - ERROR - An error occurred while fetching listing 3754158: Message: Tried to run command without establishing a connection

2025-07-29 22:18:08,657 - ERROR - An error occurred while fetching listing 3768205: Message: Tried to run command without establishing a connection

2025-07-29 22:18:08,658 - ERROR - An error occurred while fetching listing 3729504: Message: Tried to run command without establishing a connection

2025-07-29 22:18:08,659 - ERROR - An error occurred while fetching listing 3732313: Message: Tried to run command without establishing a connection

2025-07-29 22:18:08,660 - ERROR - An error occurred while fetching listing 3737547: Message: Tried to run command without establishing a connection

2025-07-29 22:18:08,661 - ERROR - An error occurred while fetching listing 3749704: Message: Tried to run command without establishing a connection

2025-07-29 22:18:08,662 - ERROR - An error occurred while fetching listing 3761685: Message: Tried to run command without establishing a connection

2025-07-29 22:18:08,662 - ERROR - An error occurred while fetching listing 3760980: Message: Tried to run command without establishing a connection

2025-07-29 22:18:08,663 - ERROR - An error occurred while fetching listing 3759278: Message: Tried to run command without establishing a connection

2025-07-29 22:18:08,664 - ERROR - An error occurred while fetching listing 3763950: Message: Tried to run command without establishing a connection

2025-07-29 22:18:08,665 - ERROR - An error occurred while fetching listing 3768477: Message: Tried to run command without establishing a connection

2025-07-29 22:18:08,666 - ERROR - An error occurred while fetching listing 3758431: Message: Tried to run command without establishing a connection

2025-07-29 22:18:08,666 - ERROR - An error occurred while fetching listing 3736297: Message: Tried to run command without establishing a connection

2025-07-29 22:18:08,667 - ERROR - An error occurred while fetching listing 3754780: Message: Tried to run command without establishing a connection

2025-07-29 22:18:08,668 - ERROR - An error occurred while fetching listing 3749637: Message: Tried to run command without establishing a connection

2025-07-29 22:18:08,669 - ERROR - An error occurred while fetching listing 3766979: Message: Tried to run command without establishing a connection

2025-07-29 22:18:08,670 - ERROR - An error occurred while fetching listing 3746791: Message: Tried to run command without establishing a connection

2025-07-29 22:18:08,671 - ERROR - An error occurred while fetching listing 3729638: Message: Tried to run command without establishing a connection

2025-07-29 22:18:08,671 - ERROR - An error occurred while fetching listing 3758255: Message: Tried to run command without establishing a connection

2025-07-29 22:18:08,672 - ERROR - An error occurred while fetching listing 3617380: Message: Tried to run command without establishing a connection

2025-07-29 22:18:08,673 - ERROR - An error occurred while fetching listing 3755428: Message: Tried to run command without establishing a connection

2025-07-29 22:18:08,674 - ERROR - An error occurred while fetching listing 3745978: Message: Tried to run command without establishing a connection

2025-07-29 22:18:08,675 - ERROR - An error occurred while fetching listing 3741547: Message: Tried to run command without establishing a connection

2025-07-29 22:18:08,675 - ERROR - An error occurred while fetching listing 3755184: Message: Tried to run command without establishing a connection

2025-07-29 22:18:08,676 - ERROR - An error occurred while fetching listing 3734396: Message: Tried to run command without establishing a connection

2025-07-29 22:18:08,677 - ERROR - An error occurred while fetching listing 3754962: Message: Tried to run command without establishing a connection

2025-07-29 22:18:08,678 - ERROR - An error occurred while fetching listing 3724627: Message: Tried to run command without establishing a connection

2025-07-29 22:18:08,678 - ERROR - An error occurred while fetching listing 3748462: Message: Tried to run command without establishing a connection

2025-07-29 22:18:08,679 - ERROR - An error occurred while fetching listing 3752314: Message: Tried to run command without establishing a connection

2025-07-29 22:18:08,680 - ERROR - An error occurred while fetching listing 3748992: Message: Tried to run command without establishing a connection

2025-07-29 22:18:08,681 - ERROR - An error occurred while fetching listing 3764211: Message: Tried to run command without establishing a connection

2025-07-29 22:18:08,682 - ERROR - An error occurred while fetching listing 3766637: Message: Tried to run command without establishing a connection

2025-07-29 22:18:08,682 - ERROR - An error occurred while fetching listing 3759668: Message: Tried to run command without establishing a connection

2025-07-29 22:18:08,683 - ERROR - An error occurred while fetching listing 3753003: Message: Tried to run command without establishing a connection

2025-07-29 22:18:08,684 - ERROR - An error occurred while fetching listing 3739789: Message: Tried to run command without establishing a connection

2025-07-29 22:18:08,685 - ERROR - An error occurred while fetching listing 3749999: Message: Tried to run command without establishing a connection

2025-07-29 22:18:08,685 - ERROR - An error occurred while fetching listing 3744307: Message: Tried to run command without establishing a connection

2025-07-29 22:18:08,686 - ERROR - An error occurred while fetching listing 3767531: Message: Tried to run command without establishing a connection

2025-07-29 22:18:08,687 - ERROR - An error occurred while fetching listing 3758408: Message: Tried to run command without establishing a connection

2025-07-29 22:18:08,688 - ERROR - An error occurred while fetching listing 3729514: Message: Tried to run command without establishing a connection

2025-07-29 22:18:08,689 - ERROR - An error occurred while fetching listing 3764240: Message: Tried to run command without establishing a connection

2025-07-29 22:18:08,690 - ERROR - An error occurred while fetching listing 3762544: Message: Tried to run command without establishing a connection

2025-07-29 22:18:08,691 - ERROR - An error occurred while fetching listing 3768473: Message: Tried to run command without establishing a connection

2025-07-29 22:18:08,692 - ERROR - An error occurred while fetching listing 3737603: Message: Tried to run command without establishing a connection

2025-07-29 22:18:08,693 - ERROR - An error occurred while fetching listing 3330107: Message: Tried to run command without establishing a connection

2025-07-29 22:18:08,694 - ERROR - An error occurred while fetching listing 3748499: Message: Tried to run command without establishing a connection

2025-07-29 22:18:08,694 - ERROR - An error occurred while fetching listing 3762721: Message: Tried to run command without establishing a connection

2025-07-29 22:18:08,695 - ERROR - An error occurred while fetching listing 3748076: Message: Tried to run command without establishing a connection

2025-07-29 22:18:08,696 - ERROR - An error occurred while fetching listing 3754497: Message: Tried to run command without establishing a connection

2025-07-29 22:18:08,697 - ERROR - An error occurred while fetching listing 3764040: Message: Tried to run command without establishing a connection

2025-07-29 22:18:08,698 - ERROR - An error occurred while fetching listing 3756724: Message: Tried to run command without establishing a connection

2025-07-29 22:18:08,699 - ERROR - An error occurred while fetching listing 3732249: Message: Tried to run command without establishing a connection

2025-07-29 22:18:08,700 - ERROR - An error occurred while fetching listing 3753879: Message: Tried to run command without establishing a connection

2025-07-29 22:18:08,701 - ERROR - An error occurred while fetching listing 3736907: Message: Tried to run command without establishing a connection

2025-07-29 22:18:08,702 - ERROR - An error occurred while fetching listing 3725494: Message: Tried to run command without establishing a connection

2025-07-29 22:18:08,703 - ERROR - An error occurred while fetching listing 3753270: Message: Tried to run command without establishing a connection

2025-07-29 22:18:08,704 - ERROR - An error occurred while fetching listing 3679103: Message: Tried to run command without establishing a connection

2025-07-29 22:18:08,704 - ERROR - An error occurred while fetching listing 3738218: Message: Tried to run command without establishing a connection

2025-07-29 22:18:08,705 - ERROR - An error occurred while fetching listing 3753877: Message: Tried to run command without establishing a connection

2025-07-29 22:18:08,706 - ERROR - An error occurred while fetching listing 3754774: Message: Tried to run command without establishing a connection

2025-07-29 22:18:08,707 - ERROR - An error occurred while fetching listing 3740581: Message: Tried to run command without establishing a connection

2025-07-29 22:18:08,707 - ERROR - An error occurred while fetching listing 3763934: Message: Tried to run command without establishing a connection

2025-07-29 22:18:08,708 - ERROR - An error occurred while fetching listing 3739694: Message: Tried to run command without establishing a connection

2025-07-29 22:18:08,709 - ERROR - An error occurred while fetching listing 3768013: Message: Tried to run command without establishing a connection

2025-07-29 22:18:08,710 - ERROR - An error occurred while fetching listing 3761217: Message: Tried to run command without establishing a connection

2025-07-29 22:18:08,710 - ERROR - An error occurred while fetching listing 3761227: Message: Tried to run command without establishing a connection

2025-07-29 22:18:08,711 - ERROR - An error occurred while fetching listing 3761946: Message: Tried to run command without establishing a connection

2025-07-29 22:18:08,712 - ERROR - An error occurred while fetching listing 3762268: Message: Tried to run command without establishing a connection

2025-07-29 22:18:08,713 - ERROR - An error occurred while fetching listing 3759482: Message: Tried to run command without establishing a connection

2025-07-29 22:18:08,713 - ERROR - An error occurred while fetching listing 3767757: Message: Tried to run command without establishing a connection

2025-07-29 22:18:08,714 - ERROR - An error occurred while fetching listing 3742868: Message: Tried to run command without establishing a connection

2025-07-29 22:18:08,715 - ERROR - An error occurred while fetching listing 3729618: Message: Tried to run command without establishing a connection

2025-07-29 22:18:08,716 - ERROR - An error occurred while fetching listing 3754795: Message: Tried to run command without establishing a connection

2025-07-29 22:18:08,716 - ERROR - An error occurred while fetching listing 3759829: Message: Tried to run command without establishing a connection

2025-07-29 22:18:08,717 - ERROR - An error occurred while fetching listing 3757710: Message: Tried to run command without establishing a connection

2025-07-29 22:18:08,718 - ERROR - An error occurred while fetching listing 3742807: Message: Tried to run command without establishing a connection

2025-07-29 22:18:08,719 - ERROR - An error occurred while fetching listing 3733282: Message: Tried to run command without establishing a connection

2025-07-29 22:18:08,719 - ERROR - An error occurred while fetching listing 3766733: Message: Tried to run command without establishing a connection

2025-07-29 22:18:08,720 - ERROR - An error occurred while fetching listing 3763853: Message: Tried to run command without establishing a connection

2025-07-29 22:18:08,721 - ERROR - An error occurred while fetching listing 3758670: Message: Tried to run command without establishing a connection

2025-07-29 22:18:08,722 - ERROR - An error occurred while fetching listing 3762382: Message: Tried to run command without establishing a connection

2025-07-29 22:18:08,723 - ERROR - An error occurred while fetching listing 3741301: Message: Tried to run command without establishing a connection

2025-07-29 22:18:08,723 - ERROR - An error occurred while fetching listing 3760698: Message: Tried to run command without establishing a connection

2025-07-29 22:18:08,724 - ERROR - An error occurred while fetching listing 3765227: Message: Tried to run command without establishing a connection

2025-07-29 22:18:08,725 - ERROR - An error occurred while fetching listing 3767091: Message: Tried to run command without establishing a connection

2025-07-29 22:18:08,726 - ERROR - An error occurred while fetching listing 3764635: Message: Tried to run command without establishing a connection

2025-07-29 22:18:08,726 - ERROR - An error occurred while fetching listing 3739403: Message: Tried to run command without establishing a connection

2025-07-29 22:18:08,727 - ERROR - An error occurred while fetching listing 3724265: Message: Tried to run command without establishing a connection

2025-07-29 22:18:08,728 - ERROR - An error occurred while fetching listing 3744651: Message: Tried to run command without establishing a connection

2025-07-29 22:18:08,729 - ERROR - An error occurred while fetching listing 3767157: Message: Tried to run command without establishing a connection

2025-07-29 22:18:08,729 - ERROR - An error occurred while fetching listing 3716135: Message: Tried to run command without establishing a connection

2025-07-29 22:18:08,730 - ERROR - An error occurred while fetching listing 3761455: Message: Tried to run command without establishing a connection

2025-07-29 22:18:08,731 - ERROR - An error occurred while fetching listing 3741171: Message: Tried to run command without establishing a connection

2025-07-29 22:18:08,732 - ERROR - An error occurred while fetching listing 3750485: Message: Tried to run command without establishing a connection

2025-07-29 22:18:08,733 - ERROR - An error occurred while fetching listing 3757451: Message: Tried to run command without establishing a connection

2025-07-29 22:18:08,733 - ERROR - An error occurred while fetching listing 3768158: Message: Tried to run command without establishing a connection

2025-07-29 22:18:08,734 - ERROR - An error occurred while fetching listing 3763633: Message: Tried to run command without establishing a connection

2025-07-29 22:18:08,735 - ERROR - An error occurred while fetching listing 3739392: Message: Tried to run command without establishing a connection

2025-07-29 22:18:08,735 - ERROR - An error occurred while fetching listing 3766302: Message: Tried to run command without establishing a connection

2025-07-29 22:18:08,736 - ERROR - An error occurred while fetching listing 3731365: Message: Tried to run command without establishing a connection

2025-07-29 22:18:08,737 - ERROR - An error occurred while fetching listing 3754659: Message: Tried to run command without establishing a connection

2025-07-29 22:18:08,738 - ERROR - An error occurred while fetching listing 3624959: Message: Tried to run command without establishing a connection

2025-07-29 22:18:08,738 - ERROR - An error occurred while fetching listing 3767666: Message: Tried to run command without establishing a connection

2025-07-29 22:18:08,739 - ERROR - An error occurred while fetching listing 3757665: Message: Tried to run command without establishing a connection

2025-07-29 22:18:08,740 - ERROR - An error occurred while fetching listing 3739398: Message: Tried to run command without establishing a connection

2025-07-29 22:18:08,741 - ERROR - An error occurred while fetching listing 3756543: Message: Tried to run command without establishing a connection

2025-07-29 22:18:08,741 - ERROR - An error occurred while fetching listing 3766633: Message: Tried to run command without establishing a connection

2025-07-29 22:18:08,742 - ERROR - An error occurred while fetching listing 3725837: Message: Tried to run command without establishing a connection

2025-07-29 22:18:08,743 - ERROR - An error occurred while fetching listing 3743876: Message: Tried to run command without establishing a connection

2025-07-29 22:18:08,744 - ERROR - An error occurred while fetching listing 3735767: Message: Tried to run command without establishing a connection

2025-07-29 22:18:08,745 - ERROR - An error occurred while fetching listing 3759400: Message: Tried to run command without establishing a connection

2025-07-29 22:18:08,746 - ERROR - An error occurred while fetching listing 3750299: Message: Tried to run command without establishing a connection

2025-07-29 22:18:08,746 - ERROR - An error occurred while fetching listing 3766205: Message: Tried to run command without establishing a connection

2025-07-29 22:18:08,747 - ERROR - An error occurred while fetching listing 3642552: Message: Tried to run command without establishing a connection

2025-07-29 22:18:08,748 - ERROR - An error occurred while fetching listing 3755696: Message: Tried to run command without establishing a connection

2025-07-29 22:18:08,749 - ERROR - An error occurred while fetching listing 3732111: Message: Tried to run command without establishing a connection

2025-07-29 22:18:08,750 - ERROR - An error occurred while fetching listing 3736691: Message: Tried to run command without establishing a connection

2025-07-29 22:18:08,751 - ERROR - An error occurred while fetching listing 3737804: Message: Tried to run command without establishing a connection

2025-07-29 22:18:08,752 - ERROR - An error occurred while fetching listing 3758649: Message: Tried to run command without establishing a connection

2025-07-29 22:18:08,753 - ERROR - An error occurred while fetching listing 3745692: Message: Tried to run command without establishing a connection

2025-07-29 22:18:08,754 - ERROR - An error occurred while fetching listing 3752691: Message: Tried to run command without establishing a connection

2025-07-29 22:18:08,755 - ERROR - An error occurred while fetching listing 3757271: Message: Tried to run command without establishing a connection

2025-07-29 22:18:08,755 - ERROR - An error occurred while fetching listing 3765503: Message: Tried to run command without establishing a connection

2025-07-29 22:18:08,756 - ERROR - An error occurred while fetching listing 3758295: Message: Tried to run command without establishing a connection

2025-07-29 22:18:08,757 - ERROR - An error occurred while fetching listing 3768051: Message: Tried to run command without establishing a connection

2025-07-29 22:18:08,758 - ERROR - An error occurred while fetching listing 3757911: Message: Tried to run command without establishing a connection

2025-07-29 22:18:08,759 - ERROR - An error occurred while fetching listing 3768069: Message: Tried to run command without establishing a connection

2025-07-29 22:18:08,760 - ERROR - An error occurred while fetching listing 3764774: Message: Tried to run command without establishing a connection

2025-07-29 22:18:08,760 - ERROR - An error occurred while fetching listing 3744655: Message: Tried to run command without establishing a connection

2025-07-29 22:18:08,761 - ERROR - An error occurred while fetching listing 3766862: Message: Tried to run command without establishing a connection

2025-07-29 22:18:08,762 - ERROR - An error occurred while fetching listing 3763526: Message: Tried to run command without establishing a connection

2025-07-29 22:18:08,763 - ERROR - An error occurred while fetching listing 3756810: Message: Tried to run command without establishing a connection

2025-07-29 22:18:08,764 - ERROR - An error occurred while fetching listing 3761584: Message: Tried to run command without establishing a connection

2025-07-29 22:18:08,765 - ERROR - An error occurred while fetching listing 3742913: Message: Tried to run command without establishing a connection

2025-07-29 22:18:08,765 - ERROR - An error occurred while fetching listing 3755308: Message: Tried to run command without establishing a connection

2025-07-29 22:18:08,766 - ERROR - An error occurred while fetching listing 3767733: Message: Tried to run command without establishing a connection

2025-07-29 22:18:08,767 - ERROR - An error occurred while fetching listing 3761078: Message: Tried to run command without establishing a connection

2025-07-29 22:18:08,768 - ERROR - An error occurred while fetching listing 3763940: Message: Tried to run command without establishing a connection

2025-07-29 22:18:08,769 - ERROR - An error occurred while fetching listing 3739165: Message: Tried to run command without establishing a connection

2025-07-29 22:18:08,769 - ERROR - An error occurred while fetching listing 3763564: Message: Tried to run command without establishing a connection

2025-07-29 22:18:08,770 - ERROR - An error occurred while fetching listing 3763087: Message: Tried to run command without establishing a connection

2025-07-29 22:18:08,771 - ERROR - An error occurred while fetching listing 3758023: Message: Tried to run command without establishing a connection

2025-07-29 22:18:08,772 - ERROR - An error occurred while fetching listing 3762492: Message: Tried to run command without establishing a connection

2025-07-29 22:18:08,773 - ERROR - An error occurred while fetching listing 3764563: Message: Tried to run command without establishing a connection

2025-07-29 22:18:08,773 - ERROR - An error occurred while fetching listing 3755316: Message: Tried to run command without establishing a connection

2025-07-29 22:18:08,774 - ERROR - An error occurred while fetching listing 3767740: Message: Tried to run command without establishing a connection

2025-07-29 22:18:08,775 - ERROR - An error occurred while fetching listing 3747016: Message: Tried to run command without establishing a connection

2025-07-29 22:18:08,776 - ERROR - An error occurred while fetching listing 3765658: Message: Tried to run command without establishing a connection

2025-07-29 22:18:08,777 - ERROR - An error occurred while fetching listing 3764514: Message: Tried to run command without establishing a connection

2025-07-29 22:18:08,778 - ERROR - An error occurred while fetching listing 3761717: Message: Tried to run command without establishing a connection

2025-07-29 22:18:08,778 - ERROR - An error occurred while fetching listing 3730198: Message: Tried to run command without establishing a connection

2025-07-29 22:18:08,779 - ERROR - An error occurred while fetching listing 3459447: Message: Tried to run command without establishing a connection

2025-07-29 22:18:08,780 - ERROR - An error occurred while fetching listing 3750641: Message: Tried to run command without establishing a connection

2025-07-29 22:18:08,781 - ERROR - An error occurred while fetching listing 3744924: Message: Tried to run command without establishing a connection

2025-07-29 22:18:08,781 - ERROR - An error occurred while fetching listing 3743708: Message: Tried to run command without establishing a connection

2025-07-29 22:18:08,782 - ERROR - An error occurred while fetching listing 3764038: Message: Tried to run command without establishing a connection

2025-07-29 22:18:08,783 - ERROR - An error occurred while fetching listing 3739122: Message: Tried to run command without establishing a connection

2025-07-29 22:18:08,784 - ERROR - An error occurred while fetching listing 3732397: Message: Tried to run command without establishing a connection

2025-07-29 22:18:08,785 - ERROR - An error occurred while fetching listing 3762501: Message: Tried to run command without establishing a connection

2025-07-29 22:18:08,785 - ERROR - An error occurred while fetching listing 3767735: Message: Tried to run command without establishing a connection

2025-07-29 22:18:08,786 - ERROR - An error occurred while fetching listing 3761991: Message: Tried to run command without establishing a connection

2025-07-29 22:18:08,787 - ERROR - An error occurred while fetching listing 3728405: Message: Tried to run command without establishing a connection

2025-07-29 22:18:08,788 - ERROR - An error occurred while fetching listing 3755075: Message: Tried to run command without establishing a connection

2025-07-29 22:18:08,789 - ERROR - An error occurred while fetching listing 3742699: Message: Tried to run command without establishing a connection

2025-07-29 22:18:08,789 - ERROR - An error occurred while fetching listing 3722715: Message: Tried to run command without establishing a connection

2025-07-29 22:18:08,790 - ERROR - An error occurred while fetching listing 3738349: Message: Tried to run command without establishing a connection

2025-07-29 22:18:08,791 - ERROR - An error occurred while fetching listing 3754531: Message: Tried to run command without establishing a connection

2025-07-29 22:18:08,792 - ERROR - An error occurred while fetching listing 3761587: Message: Tried to run command without establishing a connection

2025-07-29 22:18:08,793 - ERROR - An error occurred while fetching listing 3760559: Message: Tried to run command without establishing a connection

2025-07-29 22:18:08,793 - ERROR - An error occurred while fetching listing 3756529: Message: Tried to run command without establishing a connection

2025-07-29 22:18:08,794 - ERROR - An error occurred while fetching listing 3640085: Message: Tried to run command without establishing a connection

2025-07-29 22:18:08,795 - ERROR - An error occurred while fetching listing 3754873: Message: Tried to run command without establishing a connection

2025-07-29 22:18:08,796 - ERROR - An error occurred while fetching listing 3762953: Message: Tried to run command without establishing a connection

2025-07-29 22:18:08,796 - ERROR - An error occurred while fetching listing 3625827: Message: Tried to run command without establishing a connection

2025-07-29 22:18:08,797 - ERROR - An error occurred while fetching listing 3764152: Message: Tried to run command without establishing a connection

2025-07-29 22:18:08,798 - ERROR - An error occurred while fetching listing 3755263: Message: Tried to run command without establishing a connection

2025-07-29 22:18:08,799 - ERROR - An error occurred while fetching listing 3756954: Message: Tried to run command without establishing a connection

2025-07-29 22:18:08,800 - ERROR - An error occurred while fetching listing 3758441: Message: Tried to run command without establishing a connection

2025-07-29 22:18:08,801 - ERROR - An error occurred while fetching listing 3739229: Message: Tried to run command without establishing a connection

2025-07-29 22:18:08,801 - ERROR - An error occurred while fetching listing 3760563: Message: Tried to run command without establishing a connection

2025-07-29 22:18:08,802 - ERROR - An error occurred while fetching listing 3652795: Message: Tried to run command without establishing a connection

2025-07-29 22:18:08,803 - ERROR - An error occurred while fetching listing 3744520: Message: Tried to run command without establishing a connection

2025-07-29 22:18:08,804 - ERROR - An error occurred while fetching listing 3752417: Message: Tried to run command without establishing a connection

2025-07-29 22:18:08,805 - ERROR - An error occurred while fetching listing 3753606: Message: Tried to run command without establishing a connection

2025-07-29 22:18:08,806 - ERROR - An error occurred while fetching listing 3755371: Message: Tried to run command without establishing a connection

2025-07-29 22:18:08,806 - ERROR - An error occurred while fetching listing 3764227: Message: Tried to run command without establishing a connection

2025-07-29 22:18:08,807 - ERROR - An error occurred while fetching listing 3733523: Message: Tried to run command without establishing a connection

2025-07-29 22:18:08,808 - ERROR - An error occurred while fetching listing 3730560: Message: Tried to run command without establishing a connection

2025-07-29 22:18:08,809 - ERROR - An error occurred while fetching listing 3743144: Message: Tried to run command without establishing a connection

2025-07-29 22:18:08,809 - ERROR - An error occurred while fetching listing 3765576: Message: Tried to run command without establishing a connection

2025-07-29 22:18:08,810 - ERROR - An error occurred while fetching listing 3750705: Message: Tried to run command without establishing a connection

2025-07-29 22:18:08,811 - ERROR - An error occurred while fetching listing 3767072: Message: Tried to run command without establishing a connection

2025-07-29 22:18:08,812 - ERROR - An error occurred while fetching listing 3751261: Message: Tried to run command without establishing a connection

2025-07-29 22:18:08,813 - ERROR - An error occurred while fetching listing 3728644: Message: Tried to run command without establishing a connection

2025-07-29 22:18:08,813 - ERROR - An error occurred while fetching listing 3762457: Message: Tried to run command without establishing a connection

2025-07-29 22:18:08,814 - ERROR - An error occurred while fetching listing 3760082: Message: Tried to run command without establishing a connection

2025-07-29 22:18:08,815 - ERROR - An error occurred while fetching listing 3763923: Message: Tried to run command without establishing a connection

2025-07-29 22:18:08,816 - ERROR - An error occurred while fetching listing 3747745: Message: Tried to run command without establishing a connection

2025-07-29 22:18:08,817 - ERROR - An error occurred while fetching listing 3752220: Message: Tried to run command without establishing a connection

2025-07-29 22:18:08,818 - ERROR - An error occurred while fetching listing 3738608: Message: Tried to run command without establishing a connection

2025-07-29 22:18:08,819 - ERROR - An error occurred while fetching listing 3740130: Message: Tried to run command without establishing a connection

2025-07-29 22:18:08,820 - ERROR - An error occurred while fetching listing 3729261: Message: Tried to run command without establishing a connection

2025-07-29 22:18:08,820 - ERROR - An error occurred while fetching listing 3749332: Message: Tried to run command without establishing a connection

2025-07-29 22:18:08,821 - ERROR - An error occurred while fetching listing 3730472: Message: Tried to run command without establishing a connection

2025-07-29 22:18:08,822 - ERROR - An error occurred while fetching listing 3761588: Message: Tried to run command without establishing a connection

2025-07-29 22:18:08,823 - ERROR - An error occurred while fetching listing 3764758: Message: Tried to run command without establishing a connection

2025-07-29 22:18:08,823 - ERROR - An error occurred while fetching listing 3748710: Message: Tried to run command without establishing a connection

2025-07-29 22:18:08,824 - ERROR - An error occurred while fetching listing 3767325: Message: Tried to run command without establishing a connection

2025-07-29 22:18:08,825 - ERROR - An error occurred while fetching listing 3628997: Message: Tried to run command without establishing a connection

2025-07-29 22:18:08,826 - ERROR - An error occurred while fetching listing 3760975: Message: Tried to run command without establishing a connection

2025-07-29 22:18:08,827 - ERROR - An error occurred while fetching listing 3345648: Message: Tried to run command without establishing a connection

2025-07-29 22:18:08,828 - ERROR - An error occurred while fetching listing 3732630: Message: Tried to run command without establishing a connection

2025-07-29 22:18:08,829 - ERROR - An error occurred while fetching listing 3747426: Message: Tried to run command without establishing a connection

2025-07-29 22:18:08,830 - ERROR - An error occurred while fetching listing 3749710: Message: Tried to run command without establishing a connection

2025-07-29 22:18:08,831 - ERROR - An error occurred while fetching listing 3756437: Message: Tried to run command without establishing a connection

2025-07-29 22:18:08,831 - ERROR - An error occurred while fetching listing 3739585: Message: Tried to run command without establishing a connection

2025-07-29 22:18:08,832 - ERROR - An error occurred while fetching listing 3735622: Message: Tried to run command without establishing a connection

2025-07-29 22:18:08,833 - ERROR - An error occurred while fetching listing 3766206: Message: Tried to run command without establishing a connection

2025-07-29 22:18:08,834 - ERROR - An error occurred while fetching listing 3760075: Message: Tried to run command without establishing a connection

2025-07-29 22:18:08,835 - ERROR - An error occurred while fetching listing 3757828: Message: Tried to run command without establishing a connection

2025-07-29 22:18:08,836 - ERROR - An error occurred while fetching listing 3746812: Message: Tried to run command without establishing a connection

2025-07-29 22:18:08,837 - ERROR - An error occurred while fetching listing 3754274: Message: Tried to run command without establishing a connection

2025-07-29 22:18:08,838 - ERROR - An error occurred while fetching listing 3725223: Message: Tried to run command without establishing a connection

2025-07-29 22:18:08,839 - ERROR - An error occurred while fetching listing 3749153: Message: Tried to run command without establishing a connection

2025-07-29 22:18:08,840 - ERROR - An error occurred while fetching listing 3768189: Message: Tried to run command without establishing a connection

2025-07-29 22:18:08,841 - ERROR - An error occurred while fetching listing 3736115: Message: Tried to run command without establishing a connection

2025-07-29 22:18:08,841 - ERROR - An error occurred while fetching listing 3764846: Message: Tried to run command without establishing a connection

2025-07-29 22:18:08,842 - ERROR - An error occurred while fetching listing 3754826: Message: Tried to run command without establishing a connection

2025-07-29 22:18:08,843 - ERROR - An error occurred while fetching listing 3756723: Message: Tried to run command without establishing a connection

2025-07-29 22:18:08,844 - ERROR - An error occurred while fetching listing 3728706: Message: Tried to run command without establishing a connection

2025-07-29 22:18:08,845 - ERROR - An error occurred while fetching listing 3763983: Message: Tried to run command without establishing a connection

2025-07-29 22:18:08,846 - ERROR - An error occurred while fetching listing 3514218: Message: Tried to run command without establishing a connection

2025-07-29 22:18:08,846 - ERROR - An error occurred while fetching listing 3744744: Message: Tried to run command without establishing a connection

2025-07-29 22:18:08,847 - ERROR - An error occurred while fetching listing 3709636: Message: Tried to run command without establishing a connection

2025-07-29 22:18:08,848 - ERROR - An error occurred while fetching listing 3762331: Message: Tried to run command without establishing a connection

2025-07-29 22:18:08,849 - ERROR - An error occurred while fetching listing 3737532: Message: Tried to run command without establishing a connection

2025-07-29 22:18:08,850 - ERROR - An error occurred while fetching listing 3744169: Message: Tried to run command without establishing a connection

2025-07-29 22:18:08,851 - ERROR - An error occurred while fetching listing 3748521: Message: Tried to run command without establishing a connection

2025-07-29 22:18:08,852 - ERROR - An error occurred while fetching listing 3748724: Message: Tried to run command without establishing a connection

2025-07-29 22:18:08,853 - ERROR - An error occurred while fetching listing 3764281: Message: Tried to run command without establishing a connection

2025-07-29 22:18:08,854 - ERROR - An error occurred while fetching listing 3764778: Message: Tried to run command without establishing a connection

2025-07-29 22:18:08,855 - ERROR - An error occurred while fetching listing 3746207: Message: Tried to run command without establishing a connection

2025-07-29 22:18:08,856 - ERROR - An error occurred while fetching listing 3749482: Message: Tried to run command without establishing a connection

2025-07-29 22:18:08,856 - ERROR - An error occurred while fetching listing 3767518: Message: Tried to run command without establishing a connection

2025-07-29 22:18:08,857 - ERROR - An error occurred while fetching listing 3733535: Message: Tried to run command without establishing a connection

2025-07-29 22:18:08,858 - ERROR - An error occurred while fetching listing 3733462: Message: Tried to run command without establishing a connection

2025-07-29 22:18:08,858 - ERROR - An error occurred while fetching listing 3755285: Message: Tried to run command without establishing a connection

2025-07-29 22:18:08,859 - ERROR - An error occurred while fetching listing 3749202: Message: Tried to run command without establishing a connection

2025-07-29 22:18:08,860 - ERROR - An error occurred while fetching listing 3734796: Message: Tried to run command without establishing a connection

2025-07-29 22:18:08,861 - ERROR - An error occurred while fetching listing 3768589: Message: Tried to run command without establishing a connection

2025-07-29 22:18:08,862 - ERROR - An error occurred while fetching listing 3729082: Message: Tried to run command without establishing a connection

2025-07-29 22:18:08,862 - ERROR - An error occurred while fetching listing 3760396: Message: Tried to run command without establishing a connection

2025-07-29 22:18:08,863 - ERROR - An error occurred while fetching listing 3743474: Message: Tried to run command without establishing a connection

2025-07-29 22:18:08,864 - ERROR - An error occurred while fetching listing 3751267: Message: Tried to run command without establishing a connection

2025-07-29 22:18:08,864 - ERROR - An error occurred while fetching listing 3753211: Message: Tried to run command without establishing a connection

2025-07-29 22:18:08,865 - ERROR - An error occurred while fetching listing 3754545: Message: Tried to run command without establishing a connection

2025-07-29 22:18:08,866 - ERROR - An error occurred while fetching listing 3765409: Message: Tried to run command without establishing a connection

2025-07-29 22:18:08,867 - ERROR - An error occurred while fetching listing 3761949: Message: Tried to run command without establishing a connection

2025-07-29 22:18:08,868 - ERROR - An error occurred while fetching listing 3762660: Message: Tried to run command without establishing a connection

2025-07-29 22:18:08,868 - ERROR - An error occurred while fetching listing 3733573: Message: Tried to run command without establishing a connection

2025-07-29 22:18:08,869 - ERROR - An error occurred while fetching listing 3740422: Message: Tried to run command without establishing a connection

2025-07-29 22:18:08,870 - ERROR - An error occurred while fetching listing 3743659: Message: Tried to run command without establishing a connection

2025-07-29 22:18:08,871 - ERROR - An error occurred while fetching listing 3734114: Message: Tried to run command without establishing a connection

2025-07-29 22:18:08,871 - ERROR - An error occurred while fetching listing 3729509: Message: Tried to run command without establishing a connection

2025-07-29 22:18:08,872 - ERROR - An error occurred while fetching listing 3762499: Message: Tried to run command without establishing a connection

2025-07-29 22:18:08,873 - ERROR - An error occurred while fetching listing 3761342: Message: Tried to run command without establishing a connection

2025-07-29 22:18:08,874 - ERROR - An error occurred while fetching listing 3682736: Message: Tried to run command without establishing a connection

2025-07-29 22:18:08,875 - ERROR - An error occurred while fetching listing 3760564: Message: Tried to run command without establishing a connection

2025-07-29 22:18:08,875 - ERROR - An error occurred while fetching listing 3748291: Message: Tried to run command without establishing a connection

2025-07-29 22:18:08,876 - ERROR - An error occurred while fetching listing 3768585: Message: Tried to run command without establishing a connection

2025-07-29 22:18:08,877 - ERROR - An error occurred while fetching listing 3759793: Message: Tried to run command without establishing a connection

2025-07-29 22:18:08,878 - ERROR - An error occurred while fetching listing 3764032: Message: Tried to run command without establishing a connection

2025-07-29 22:18:08,879 - ERROR - An error occurred while fetching listing 3724807: Message: Tried to run command without establishing a connection

2025-07-29 22:18:08,880 - ERROR - An error occurred while fetching listing 3759293: Message: Tried to run command without establishing a connection

2025-07-29 22:18:08,881 - ERROR - An error occurred while fetching listing 3760059: Message: Tried to run command without establishing a connection

2025-07-29 22:18:08,882 - ERROR - An error occurred while fetching listing 3741413: Message: Tried to run command without establishing a connection

2025-07-29 22:18:08,883 - ERROR - An error occurred while fetching listing 3735035: Message: Tried to run command without establishing a connection

2025-07-29 22:18:08,884 - ERROR - An error occurred while fetching listing 3763995: Message: Tried to run command without establishing a connection

2025-07-29 22:18:08,884 - ERROR - An error occurred while fetching listing 3758813: Message: Tried to run command without establishing a connection

2025-07-29 22:18:08,885 - ERROR - An error occurred while fetching listing 3600290: Message: Tried to run command without establishing a connection

2025-07-29 22:18:08,886 - ERROR - An error occurred while fetching listing 3748415: Message: Tried to run command without establishing a connection

2025-07-29 22:18:08,887 - ERROR - An error occurred while fetching listing 3749147: Message: Tried to run command without establishing a connection

2025-07-29 22:18:08,888 - ERROR - An error occurred while fetching listing 3624654: Message: Tried to run command without establishing a connection

2025-07-29 22:18:08,889 - ERROR - An error occurred while fetching listing 3766810: Message: Tried to run command without establishing a connection

2025-07-29 22:18:08,890 - ERROR - An error occurred while fetching listing 3765660: Message: Tried to run command without establishing a connection

2025-07-29 22:18:08,891 - ERROR - An error occurred while fetching listing 3767962: Message: Tried to run command without establishing a connection

2025-07-29 22:18:08,892 - ERROR - An error occurred while fetching listing 3749782: Message: Tried to run command without establishing a connection

2025-07-29 22:18:08,893 - ERROR - An error occurred while fetching listing 3744276: Message: Tried to run command without establishing a connection

2025-07-29 22:18:08,894 - ERROR - An error occurred while fetching listing 3761465: Message: Tried to run command without establishing a connection

2025-07-29 22:18:08,895 - ERROR - An error occurred while fetching listing 3583220: Message: Tried to run command without establishing a connection

2025-07-29 22:18:08,896 - ERROR - An error occurred while fetching listing 3758728: Message: Tried to run command without establishing a connection

2025-07-29 22:18:08,896 - ERROR - An error occurred while fetching listing 3737735: Message: Tried to run command without establishing a connection

2025-07-29 22:18:08,897 - ERROR - An error occurred while fetching listing 3752043: Message: Tried to run command without establishing a connection

2025-07-29 22:18:08,898 - ERROR - An error occurred while fetching listing 3749348: Message: Tried to run command without establishing a connection

2025-07-29 22:18:08,899 - ERROR - An error occurred while fetching listing 3758998: Message: Tried to run command without establishing a connection

2025-07-29 22:18:08,900 - ERROR - An error occurred while fetching listing 3757263: Message: Tried to run command without establishing a connection

2025-07-29 22:18:08,901 - ERROR - An error occurred while fetching listing 3762827: Message: Tried to run command without establishing a connection

2025-07-29 22:18:08,902 - ERROR - An error occurred while fetching listing 3726926: Message: Tried to run command without establishing a connection

2025-07-29 22:18:08,903 - ERROR - An error occurred while fetching listing 3745168: Message: Tried to run command without establishing a connection

2025-07-29 22:18:08,904 - ERROR - An error occurred while fetching listing 3754081: Message: Tried to run command without establishing a connection

2025-07-29 22:18:08,905 - ERROR - An error occurred while fetching listing 3744509: Message: Tried to run command without establishing a connection

2025-07-29 22:18:08,906 - ERROR - An error occurred while fetching listing 3762135: Message: Tried to run command without establishing a connection

2025-07-29 22:18:08,907 - ERROR - An error occurred while fetching listing 3759470: Message: Tried to run command without establishing a connection

2025-07-29 22:18:08,908 - ERROR - An error occurred while fetching listing 3744097: Message: Tried to run command without establishing a connection

2025-07-29 22:18:08,909 - ERROR - An error occurred while fetching listing 3742387: Message: Tried to run command without establishing a connection

2025-07-29 22:18:08,910 - ERROR - An error occurred while fetching listing 3739872: Message: Tried to run command without establishing a connection

2025-07-29 22:18:08,911 - ERROR - An error occurred while fetching listing 3753851: Message: Tried to run command without establishing a connection

2025-07-29 22:18:08,911 - ERROR - An error occurred while fetching listing 3758028: Message: Tried to run command without establishing a connection

2025-07-29 22:18:08,912 - ERROR - An error occurred while fetching listing 3526551: Message: Tried to run command without establishing a connection

2025-07-29 22:18:08,913 - ERROR - An error occurred while fetching listing 3763687: Message: Tried to run command without establishing a connection

2025-07-29 22:18:08,914 - ERROR - An error occurred while fetching listing 3750629: Message: Tried to run command without establishing a connection

2025-07-29 22:18:08,915 - ERROR - An error occurred while fetching listing 3760669: Message: Tried to run command without establishing a connection

2025-07-29 22:18:08,916 - ERROR - An error occurred while fetching listing 3724911: Message: Tried to run command without establishing a connection

2025-07-29 22:18:08,917 - ERROR - An error occurred while fetching listing 3739458: Message: Tried to run command without establishing a connection

2025-07-29 22:18:08,918 - ERROR - An error occurred while fetching listing 3730312: Message: Tried to run command without establishing a connection

2025-07-29 22:18:08,919 - ERROR - An error occurred while fetching listing 3758750: Message: Tried to run command without establishing a connection

2025-07-29 22:18:08,920 - ERROR - An error occurred while fetching listing 3761686: Message: Tried to run command without establishing a connection

2025-07-29 22:18:08,920 - ERROR - An error occurred while fetching listing 3745259: Message: Tried to run command without establishing a connection

2025-07-29 22:18:08,921 - ERROR - An error occurred while fetching listing 3738528: Message: Tried to run command without establishing a connection

2025-07-29 22:18:08,922 - ERROR - An error occurred while fetching listing 3732798: Message: Tried to run command without establishing a connection

2025-07-29 22:18:08,923 - ERROR - An error occurred while fetching listing 3762249: Message: Tried to run command without establishing a connection

2025-07-29 22:18:08,924 - ERROR - An error occurred while fetching listing 3750027: Message: Tried to run command without establishing a connection

2025-07-29 22:18:08,925 - ERROR - An error occurred while fetching listing 3768475: Message: Tried to run command without establishing a connection

2025-07-29 22:18:08,925 - ERROR - An error occurred while fetching listing 3759729: Message: Tried to run command without establishing a connection

2025-07-29 22:18:08,926 - ERROR - An error occurred while fetching listing 3764556: Message: Tried to run command without establishing a connection

2025-07-29 22:18:08,927 - ERROR - An error occurred while fetching listing 3724350: Message: Tried to run command without establishing a connection

2025-07-29 22:18:08,928 - ERROR - An error occurred while fetching listing 3764085: Message: Tried to run command without establishing a connection

2025-07-29 22:18:08,929 - ERROR - An error occurred while fetching listing 3753803: Message: Tried to run command without establishing a connection

2025-07-29 22:18:08,930 - ERROR - An error occurred while fetching listing 3746795: Message: Tried to run command without establishing a connection

2025-07-29 22:18:08,930 - ERROR - An error occurred while fetching listing 3749529: Message: Tried to run command without establishing a connection

2025-07-29 22:18:08,931 - ERROR - An error occurred while fetching listing 3761380: Message: Tried to run command without establishing a connection

2025-07-29 22:18:08,932 - ERROR - An error occurred while fetching listing 3754457: Message: Tried to run command without establishing a connection

2025-07-29 22:18:08,932 - ERROR - An error occurred while fetching listing 3725282: Message: Tried to run command without establishing a connection

2025-07-29 22:18:08,933 - ERROR - An error occurred while fetching listing 3735612: Message: Tried to run command without establishing a connection

2025-07-29 22:18:08,934 - ERROR - An error occurred while fetching listing 3765027: Message: Tried to run command without establishing a connection

2025-07-29 22:18:08,935 - ERROR - An error occurred while fetching listing 3761919: Message: Tried to run command without establishing a connection

2025-07-29 22:18:08,935 - ERROR - An error occurred while fetching listing 3743312: Message: Tried to run command without establishing a connection

2025-07-29 22:18:08,936 - ERROR - An error occurred while fetching listing 3728667: Message: Tried to run command without establishing a connection

2025-07-29 22:18:08,937 - ERROR - An error occurred while fetching listing 3755629: Message: Tried to run command without establishing a connection

2025-07-29 22:18:08,938 - ERROR - An error occurred while fetching listing 3753413: Message: Tried to run command without establishing a connection

2025-07-29 22:18:08,938 - ERROR - An error occurred while fetching listing 3760055: Message: Tried to run command without establishing a connection

2025-07-29 22:18:08,939 - ERROR - An error occurred while fetching listing 3699023: Message: Tried to run command without establishing a connection

2025-07-29 22:18:08,940 - ERROR - An error occurred while fetching listing 3400519: Message: Tried to run command without establishing a connection

2025-07-29 22:18:08,940 - ERROR - An error occurred while fetching listing 3735173: Message: Tried to run command without establishing a connection

2025-07-29 22:18:08,941 - ERROR - An error occurred while fetching listing 3766734: Message: Tried to run command without establishing a connection

2025-07-29 22:18:08,942 - ERROR - An error occurred while fetching listing 3728655: Message: Tried to run command without establishing a connection

2025-07-29 22:18:08,943 - ERROR - An error occurred while fetching listing 3739262: Message: Tried to run command without establishing a connection

2025-07-29 22:18:08,944 - ERROR - An error occurred while fetching listing 3763472: Message: Tried to run command without establishing a connection

2025-07-29 22:18:08,944 - ERROR - An error occurred while fetching listing 3765378: Message: Tried to run command without establishing a connection

2025-07-29 22:18:08,945 - ERROR - An error occurred while fetching listing 3755303: Message: Tried to run command without establishing a connection

2025-07-29 22:18:08,946 - ERROR - An error occurred while fetching listing 3766736: Message: Tried to run command without establishing a connection

2025-07-29 22:18:08,946 - ERROR - An error occurred while fetching listing 3767724: Message: Tried to run command without establishing a connection

2025-07-29 22:18:08,947 - ERROR - An error occurred while fetching listing 3735987: Message: Tried to run command without establishing a connection

2025-07-29 22:18:08,948 - ERROR - An error occurred while fetching listing 3755249: Message: Tried to run command without establishing a connection

2025-07-29 22:18:08,949 - ERROR - An error occurred while fetching listing 3754670: Message: Tried to run command without establishing a connection

2025-07-29 22:18:08,950 - ERROR - An error occurred while fetching listing 3730489: Message: Tried to run command without establishing a connection

2025-07-29 22:18:08,951 - ERROR - An error occurred while fetching listing 3744905: Message: Tried to run command without establishing a connection

2025-07-29 22:18:08,951 - ERROR - An error occurred while fetching listing 3758795: Message: Tried to run command without establishing a connection

2025-07-29 22:18:08,952 - ERROR - An error occurred while fetching listing 3742082: Message: Tried to run command without establishing a connection

2025-07-29 22:18:08,953 - ERROR - An error occurred while fetching listing 3759973: Message: Tried to run command without establishing a connection

2025-07-29 22:18:08,954 - ERROR - An error occurred while fetching listing 3764713: Message: Tried to run command without establishing a connection

2025-07-29 22:18:08,955 - ERROR - An error occurred while fetching listing 3760394: Message: Tried to run command without establishing a connection

2025-07-29 22:18:08,956 - ERROR - An error occurred while fetching listing 3748034: Message: Tried to run command without establishing a connection

2025-07-29 22:18:08,957 - ERROR - An error occurred while fetching listing 3447744: Message: Tried to run command without establishing a connection

2025-07-29 22:18:08,957 - ERROR - An error occurred while fetching listing 3766187: Message: Tried to run command without establishing a connection

2025-07-29 22:18:08,958 - ERROR - An error occurred while fetching listing 3746310: Message: Tried to run command without establishing a connection

2025-07-29 22:18:08,959 - ERROR - An error occurred while fetching listing 3738645: Message: Tried to run command without establishing a connection

2025-07-29 22:18:08,960 - ERROR - An error occurred while fetching listing 3765125: Message: Tried to run command without establishing a connection

2025-07-29 22:18:08,961 - ERROR - An error occurred while fetching listing 3746088: Message: Tried to run command without establishing a connection

2025-07-29 22:18:08,962 - ERROR - An error occurred while fetching listing 3751483: Message: Tried to run command without establishing a connection

2025-07-29 22:18:08,963 - ERROR - An error occurred while fetching listing 3748055: Message: Tried to run command without establishing a connection

2025-07-29 22:18:08,964 - ERROR - An error occurred while fetching listing 3739202: Message: Tried to run command without establishing a connection

2025-07-29 22:18:08,964 - ERROR - An error occurred while fetching listing 3756950: Message: Tried to run command without establishing a connection

2025-07-29 22:18:08,965 - ERROR - An error occurred while fetching listing 3744111: Message: Tried to run command without establishing a connection

2025-07-29 22:18:08,966 - ERROR - An error occurred while fetching listing 3753193: Message: Tried to run command without establishing a connection

2025-07-29 22:18:08,967 - ERROR - An error occurred while fetching listing 3726499: Message: Tried to run command without establishing a connection

2025-07-29 22:18:08,967 - ERROR - An error occurred while fetching listing 3749089: Message: Tried to run command without establishing a connection

2025-07-29 22:18:08,968 - ERROR - An error occurred while fetching listing 3760657: Message: Tried to run command without establishing a connection

2025-07-29 22:18:08,969 - ERROR - An error occurred while fetching listing 3757456: Message: Tried to run command without establishing a connection

2025-07-29 22:18:08,969 - ERROR - An error occurred while fetching listing 3750263: Message: Tried to run command without establishing a connection

2025-07-29 22:18:08,970 - ERROR - An error occurred while fetching listing 3727901: Message: Tried to run command without establishing a connection

2025-07-29 22:18:08,971 - ERROR - An error occurred while fetching listing 3750019: Message: Tried to run command without establishing a connection

2025-07-29 22:18:08,972 - ERROR - An error occurred while fetching listing 3742087: Message: Tried to run command without establishing a connection

2025-07-29 22:18:08,973 - ERROR - An error occurred while fetching listing 3764561: Message: Tried to run command without establishing a connection

2025-07-29 22:18:08,973 - ERROR - An error occurred while fetching listing 3743100: Message: Tried to run command without establishing a connection

2025-07-29 22:18:08,974 - ERROR - An error occurred while fetching listing 3559570: Message: Tried to run command without establishing a connection

2025-07-29 22:18:08,975 - ERROR - An error occurred while fetching listing 3759339: Message: Tried to run command without establishing a connection

2025-07-29 22:18:08,975 - ERROR - An error occurred while fetching listing 3762363: Message: Tried to run command without establishing a connection

2025-07-29 22:18:08,976 - ERROR - An error occurred while fetching listing 3706325: Message: Tried to run command without establishing a connection

2025-07-29 22:18:08,977 - ERROR - An error occurred while fetching listing 3761883: Message: Tried to run command without establishing a connection

2025-07-29 22:18:08,977 - ERROR - An error occurred while fetching listing 3657869: Message: Tried to run command without establishing a connection

2025-07-29 22:18:08,978 - ERROR - An error occurred while fetching listing 3766112: Message: Tried to run command without establishing a connection

2025-07-29 22:18:08,979 - ERROR - An error occurred while fetching listing 3755062: Message: Tried to run command without establishing a connection

2025-07-29 22:18:08,980 - ERROR - An error occurred while fetching listing 3738933: Message: Tried to run command without establishing a connection

2025-07-29 22:18:08,981 - ERROR - An error occurred while fetching listing 3762957: Message: Tried to run command without establishing a connection

2025-07-29 22:18:08,982 - ERROR - An error occurred while fetching listing 3745398: Message: Tried to run command without establishing a connection

2025-07-29 22:18:08,982 - ERROR - An error occurred while fetching listing 3730636: Message: Tried to run command without establishing a connection

2025-07-29 22:18:08,983 - ERROR - An error occurred while fetching listing 3748212: Message: Tried to run command without establishing a connection

2025-07-29 22:18:08,984 - ERROR - An error occurred while fetching listing 3764837: Message: Tried to run command without establishing a connection

2025-07-29 22:18:08,985 - ERROR - An error occurred while fetching listing 3763061: Message: Tried to run command without establishing a connection

2025-07-29 22:18:08,986 - ERROR - An error occurred while fetching listing 3747727: Message: Tried to run command without establishing a connection

2025-07-29 22:18:08,987 - ERROR - An error occurred while fetching listing 3738658: Message: Tried to run command without establishing a connection

2025-07-29 22:18:08,988 - ERROR - An error occurred while fetching listing 3746665: Message: Tried to run command without establishing a connection

2025-07-29 22:18:08,989 - ERROR - An error occurred while fetching listing 3762829: Message: Tried to run command without establishing a connection

2025-07-29 22:18:08,990 - ERROR - An error occurred while fetching listing 3730532: Message: Tried to run command without establishing a connection

2025-07-29 22:18:08,991 - ERROR - An error occurred while fetching listing 3765473: Message: Tried to run command without establishing a connection

2025-07-29 22:18:08,991 - ERROR - An error occurred while fetching listing 3757010: Message: Tried to run command without establishing a connection

2025-07-29 22:18:08,992 - ERROR - An error occurred while fetching listing 3768307: Message: Tried to run command without establishing a connection

2025-07-29 22:18:08,993 - ERROR - An error occurred while fetching listing 3757907: Message: Tried to run command without establishing a connection

2025-07-29 22:18:08,994 - ERROR - An error occurred while fetching listing 3763805: Message: Tried to run command without establishing a connection

2025-07-29 22:18:08,995 - ERROR - An error occurred while fetching listing 3747375: Message: Tried to run command without establishing a connection

2025-07-29 22:18:08,995 - ERROR - An error occurred while fetching listing 3730209: Message: Tried to run command without establishing a connection

2025-07-29 22:18:08,996 - ERROR - An error occurred while fetching listing 3735540: Message: Tried to run command without establishing a connection

2025-07-29 22:18:08,997 - ERROR - An error occurred while fetching listing 3765597: Message: Tried to run command without establishing a connection

2025-07-29 22:18:08,998 - ERROR - An error occurred while fetching listing 3768463: Message: Tried to run command without establishing a connection

2025-07-29 22:18:08,999 - ERROR - An error occurred while fetching listing 3755442: Message: Tried to run command without establishing a connection

2025-07-29 22:18:08,999 - ERROR - An error occurred while fetching listing 3764250: Message: Tried to run command without establishing a connection

2025-07-29 22:18:09,000 - ERROR - An error occurred while fetching listing 3763293: Message: Tried to run command without establishing a connection

2025-07-29 22:18:09,001 - ERROR - An error occurred while fetching listing 3734968: Message: Tried to run command without establishing a connection

2025-07-29 22:18:09,001 - ERROR - An error occurred while fetching listing 3468014: Message: Tried to run command without establishing a connection

2025-07-29 22:18:09,002 - ERROR - An error occurred while fetching listing 3743033: Message: Tried to run command without establishing a connection

2025-07-29 22:18:09,003 - ERROR - An error occurred while fetching listing 3755780: Message: Tried to run command without establishing a connection

2025-07-29 22:18:09,004 - ERROR - An error occurred while fetching listing 3754034: Message: Tried to run command without establishing a connection

2025-07-29 22:18:09,004 - ERROR - An error occurred while fetching listing 3599347: Message: Tried to run command without establishing a connection

2025-07-29 22:18:09,005 - ERROR - An error occurred while fetching listing 3768622: Message: Tried to run command without establishing a connection

2025-07-29 22:18:09,006 - ERROR - An error occurred while fetching listing 3764801: Message: Tried to run command without establishing a connection

2025-07-29 22:18:09,007 - ERROR - An error occurred while fetching listing 3743881: Message: Tried to run command without establishing a connection

2025-07-29 22:18:09,007 - ERROR - An error occurred while fetching listing 3605013: Message: Tried to run command without establishing a connection

2025-07-29 22:18:09,008 - ERROR - An error occurred while fetching listing 3731123: Message: Tried to run command without establishing a connection

2025-07-29 22:18:09,009 - ERROR - An error occurred while fetching listing 3742736: Message: Tried to run command without establishing a connection

2025-07-29 22:18:09,010 - ERROR - An error occurred while fetching listing 3746261: Message: Tried to run command without establishing a connection

2025-07-29 22:18:09,011 - ERROR - An error occurred while fetching listing 3747787: Message: Tried to run command without establishing a connection

2025-07-29 22:18:09,011 - ERROR - An error occurred while fetching listing 3743602: Message: Tried to run command without establishing a connection

2025-07-29 22:18:09,012 - ERROR - An error occurred while fetching listing 3748947: Message: Tried to run command without establishing a connection

2025-07-29 22:18:09,013 - ERROR - An error occurred while fetching listing 3761334: Message: Tried to run command without establishing a connection

2025-07-29 22:18:09,014 - ERROR - An error occurred while fetching listing 3761759: Message: Tried to run command without establishing a connection

2025-07-29 22:18:09,014 - ERROR - An error occurred while fetching listing 3748984: Message: Tried to run command without establishing a connection

2025-07-29 22:18:09,015 - ERROR - An error occurred while fetching listing 3756091: Message: Tried to run command without establishing a connection

2025-07-29 22:18:09,016 - ERROR - An error occurred while fetching listing 3762327: Message: Tried to run command without establishing a connection

2025-07-29 22:18:09,017 - ERROR - An error occurred while fetching listing 3759046: Message: Tried to run command without establishing a connection

2025-07-29 22:18:09,018 - ERROR - An error occurred while fetching listing 3744152: Message: Tried to run command without establishing a connection

2025-07-29 22:18:09,019 - ERROR - An error occurred while fetching listing 3746127: Message: Tried to run command without establishing a connection

2025-07-29 22:18:09,019 - ERROR - An error occurred while fetching listing 3758941: Message: Tried to run command without establishing a connection

2025-07-29 22:18:09,020 - ERROR - An error occurred while fetching listing 3741785: Message: Tried to run command without establishing a connection

2025-07-29 22:18:09,021 - ERROR - An error occurred while fetching listing 3767771: Message: Tried to run command without establishing a connection

2025-07-29 22:18:09,022 - ERROR - An error occurred while fetching listing 3767257: Message: Tried to run command without establishing a connection

2025-07-29 22:18:09,023 - ERROR - An error occurred while fetching listing 3758242: Message: Tried to run command without establishing a connection

2025-07-29 22:18:09,023 - ERROR - An error occurred while fetching listing 3756639: Message: Tried to run command without establishing a connection

2025-07-29 22:18:09,024 - ERROR - An error occurred while fetching listing 3765790: Message: Tried to run command without establishing a connection

2025-07-29 22:18:09,025 - ERROR - An error occurred while fetching listing 3754737: Message: Tried to run command without establishing a connection

2025-07-29 22:18:09,026 - ERROR - An error occurred while fetching listing 3747916: Message: Tried to run command without establishing a connection

2025-07-29 22:18:09,027 - ERROR - An error occurred while fetching listing 3757797: Message: Tried to run command without establishing a connection

2025-07-29 22:18:09,027 - ERROR - An error occurred while fetching listing 3740823: Message: Tried to run command without establishing a connection

2025-07-29 22:18:09,028 - ERROR - An error occurred while fetching listing 3755370: Message: Tried to run command without establishing a connection

2025-07-29 22:18:09,029 - ERROR - An error occurred while fetching listing 3757466: Message: Tried to run command without establishing a connection

2025-07-29 22:18:09,030 - ERROR - An error occurred while fetching listing 3767736: Message: Tried to run command without establishing a connection

2025-07-29 22:18:09,031 - ERROR - An error occurred while fetching listing 3760024: Message: Tried to run command without establishing a connection

2025-07-29 22:18:09,032 - ERROR - An error occurred while fetching listing 3705203: Message: Tried to run command without establishing a connection

2025-07-29 22:18:09,033 - ERROR - An error occurred while fetching listing 3744681: Message: Tried to run command without establishing a connection

2025-07-29 22:18:09,034 - ERROR - An error occurred while fetching listing 3746813: Message: Tried to run command without establishing a connection

2025-07-29 22:18:09,035 - ERROR - An error occurred while fetching listing 3740043: Message: Tried to run command without establishing a connection

2025-07-29 22:18:09,036 - ERROR - An error occurred while fetching listing 3673105: Message: Tried to run command without establishing a connection

2025-07-29 22:18:09,036 - ERROR - An error occurred while fetching listing 3739623: Message: Tried to run command without establishing a connection

2025-07-29 22:18:09,037 - ERROR - An error occurred while fetching listing 3737879: Message: Tried to run command without establishing a connection

2025-07-29 22:18:09,038 - ERROR - An error occurred while fetching listing 3761199: Message: Tried to run command without establishing a connection

2025-07-29 22:18:09,039 - ERROR - An error occurred while fetching listing 3729555: Message: Tried to run command without establishing a connection

2025-07-29 22:18:09,040 - ERROR - An error occurred while fetching listing 3766563: Message: Tried to run command without establishing a connection

2025-07-29 22:18:09,041 - ERROR - An error occurred while fetching listing 3762643: Message: Tried to run command without establishing a connection

2025-07-29 22:18:09,041 - ERROR - An error occurred while fetching listing 3448409: Message: Tried to run command without establishing a connection

2025-07-29 22:18:09,042 - ERROR - An error occurred while fetching listing 3743170: Message: Tried to run command without establishing a connection

2025-07-29 22:18:09,043 - ERROR - An error occurred while fetching listing 3762005: Message: Tried to run command without establishing a connection

2025-07-29 22:18:09,044 - ERROR - An error occurred while fetching listing 3744692: Message: Tried to run command without establishing a connection

2025-07-29 22:18:09,044 - ERROR - An error occurred while fetching listing 3736215: Message: Tried to run command without establishing a connection

2025-07-29 22:18:09,045 - ERROR - An error occurred while fetching listing 3748261: Message: Tried to run command without establishing a connection

2025-07-29 22:18:09,046 - ERROR - An error occurred while fetching listing 3753563: Message: Tried to run command without establishing a connection

2025-07-29 22:18:09,046 - ERROR - An error occurred while fetching listing 3214157: Message: Tried to run command without establishing a connection

2025-07-29 22:18:09,047 - ERROR - An error occurred while fetching listing 3750393: Message: Tried to run command without establishing a connection

2025-07-29 22:18:09,048 - ERROR - An error occurred while fetching listing 3746363: Message: Tried to run command without establishing a connection

2025-07-29 22:18:09,049 - ERROR - An error occurred while fetching listing 3764915: Message: Tried to run command without establishing a connection

2025-07-29 22:18:09,049 - ERROR - An error occurred while fetching listing 3743297: Message: Tried to run command without establishing a connection

2025-07-29 22:18:09,050 - ERROR - An error occurred while fetching listing 3766032: Message: Tried to run command without establishing a connection

2025-07-29 22:18:09,051 - ERROR - An error occurred while fetching listing 3748465: Message: Tried to run command without establishing a connection

2025-07-29 22:18:09,052 - ERROR - An error occurred while fetching listing 3448408: Message: Tried to run command without establishing a connection

2025-07-29 22:18:09,052 - ERROR - An error occurred while fetching listing 3756187: Message: Tried to run command without establishing a connection

2025-07-29 22:18:09,053 - ERROR - An error occurred while fetching listing 3736692: Message: Tried to run command without establishing a connection

2025-07-29 22:18:09,054 - ERROR - An error occurred while fetching listing 3746870: Message: Tried to run command without establishing a connection

2025-07-29 22:18:09,055 - ERROR - An error occurred while fetching listing 3766152: Message: Tried to run command without establishing a connection

2025-07-29 22:18:09,056 - ERROR - An error occurred while fetching listing 3755693: Message: Tried to run command without establishing a connection

2025-07-29 22:18:09,056 - ERROR - An error occurred while fetching listing 3758212: Message: Tried to run command without establishing a connection

2025-07-29 22:18:09,057 - ERROR - An error occurred while fetching listing 3748187: Message: Tried to run command without establishing a connection

2025-07-29 22:18:09,058 - ERROR - An error occurred while fetching listing 3758846: Message: Tried to run command without establishing a connection

2025-07-29 22:18:09,059 - ERROR - An error occurred while fetching listing 3764859: Message: Tried to run command without establishing a connection

2025-07-29 22:18:09,059 - ERROR - An error occurred while fetching listing 3740037: Message: Tried to run command without establishing a connection

2025-07-29 22:18:09,060 - ERROR - An error occurred while fetching listing 3243436: Message: Tried to run command without establishing a connection

2025-07-29 22:18:09,061 - ERROR - An error occurred while fetching listing 3747312: Message: Tried to run command without establishing a connection

2025-07-29 22:18:09,062 - ERROR - An error occurred while fetching listing 3755692: Message: Tried to run command without establishing a connection

2025-07-29 22:18:09,063 - ERROR - An error occurred while fetching listing 3749547: Message: Tried to run command without establishing a connection

2025-07-29 22:18:09,063 - ERROR - An error occurred while fetching listing 3757549: Message: Tried to run command without establishing a connection

2025-07-29 22:18:09,064 - ERROR - An error occurred while fetching listing 3733680: Message: Tried to run command without establishing a connection

2025-07-29 22:18:09,065 - ERROR - An error occurred while fetching listing 3732229: Message: Tried to run command without establishing a connection

2025-07-29 22:18:09,065 - ERROR - An error occurred while fetching listing 3738905: Message: Tried to run command without establishing a connection

2025-07-29 22:18:09,066 - ERROR - An error occurred while fetching listing 3748024: Message: Tried to run command without establishing a connection

2025-07-29 22:18:09,067 - ERROR - An error occurred while fetching listing 3758767: Message: Tried to run command without establishing a connection

2025-07-29 22:18:09,068 - ERROR - An error occurred while fetching listing 3762035: Message: Tried to run command without establishing a connection

2025-07-29 22:18:09,068 - ERROR - An error occurred while fetching listing 3762493: Message: Tried to run command without establishing a connection

2025-07-29 22:18:09,069 - ERROR - An error occurred while fetching listing 3742933: Message: Tried to run command without establishing a connection

2025-07-29 22:18:09,070 - ERROR - An error occurred while fetching listing 3757259: Message: Tried to run command without establishing a connection

2025-07-29 22:18:09,071 - ERROR - An error occurred while fetching listing 3708619: Message: Tried to run command without establishing a connection

2025-07-29 22:18:09,071 - ERROR - An error occurred while fetching listing 3757443: Message: Tried to run command without establishing a connection

2025-07-29 22:18:09,072 - ERROR - An error occurred while fetching listing 3751560: Message: Tried to run command without establishing a connection

2025-07-29 22:18:09,073 - ERROR - An error occurred while fetching listing 3734204: Message: Tried to run command without establishing a connection

2025-07-29 22:18:09,073 - ERROR - An error occurred while fetching listing 3758191: Message: Tried to run command without establishing a connection

2025-07-29 22:18:09,074 - ERROR - An error occurred while fetching listing 3756255: Message: Tried to run command without establishing a connection

2025-07-29 22:18:09,075 - ERROR - An error occurred while fetching listing 3751894: Message: Tried to run command without establishing a connection

2025-07-29 22:18:09,076 - ERROR - An error occurred while fetching listing 3729360: Message: Tried to run command without establishing a connection

2025-07-29 22:18:09,077 - ERROR - An error occurred while fetching listing 3741396: Message: Tried to run command without establishing a connection

2025-07-29 22:18:09,077 - ERROR - An error occurred while fetching listing 3758657: Message: Tried to run command without establishing a connection

2025-07-29 22:18:09,078 - ERROR - An error occurred while fetching listing 3768468: Message: Tried to run command without establishing a connection

2025-07-29 22:18:09,079 - ERROR - An error occurred while fetching listing 3751257: Message: Tried to run command without establishing a connection

2025-07-29 22:18:09,079 - ERROR - An error occurred while fetching listing 3729722: Message: Tried to run command without establishing a connection

2025-07-29 22:18:09,080 - ERROR - An error occurred while fetching listing 3762094: Message: Tried to run command without establishing a connection

2025-07-29 22:18:09,081 - ERROR - An error occurred while fetching listing 3761793: Message: Tried to run command without establishing a connection

2025-07-29 22:18:09,082 - ERROR - An error occurred while fetching listing 3729028: Message: Tried to run command without establishing a connection

2025-07-29 22:18:09,082 - ERROR - An error occurred while fetching listing 3749935: Message: Tried to run command without establishing a connection

2025-07-29 22:18:09,083 - ERROR - An error occurred while fetching listing 3763009: Message: Tried to run command without establishing a connection

2025-07-29 22:18:09,084 - ERROR - An error occurred while fetching listing 3732576: Message: Tried to run command without establishing a connection

2025-07-29 22:18:09,085 - ERROR - An error occurred while fetching listing 3734615: Message: Tried to run command without establishing a connection

2025-07-29 22:18:09,086 - ERROR - An error occurred while fetching listing 3764516: Message: Tried to run command without establishing a connection

2025-07-29 22:18:09,086 - ERROR - An error occurred while fetching listing 3760037: Message: Tried to run command without establishing a connection

2025-07-29 22:18:09,087 - ERROR - An error occurred while fetching listing 3765209: Message: Tried to run command without establishing a connection

2025-07-29 22:18:09,088 - ERROR - An error occurred while fetching listing 3755137: Message: Tried to run command without establishing a connection

2025-07-29 22:18:09,088 - ERROR - An error occurred while fetching listing 3767247: Message: Tried to run command without establishing a connection

2025-07-29 22:18:09,089 - ERROR - An error occurred while fetching listing 3760203: Message: Tried to run command without establishing a connection

2025-07-29 22:18:09,090 - ERROR - An error occurred while fetching listing 3727523: Message: Tried to run command without establishing a connection

2025-07-29 22:18:09,091 - ERROR - An error occurred while fetching listing 3765105: Message: Tried to run command without establishing a connection

2025-07-29 22:18:09,092 - ERROR - An error occurred while fetching listing 3767245: Message: Tried to run command without establishing a connection

2025-07-29 22:18:09,092 - ERROR - An error occurred while fetching listing 3759811: Message: Tried to run command without establishing a connection

2025-07-29 22:18:09,093 - ERROR - An error occurred while fetching listing 3766840: Message: Tried to run command without establishing a connection

2025-07-29 22:18:09,094 - ERROR - An error occurred while fetching listing 3763683: Message: Tried to run command without establishing a connection

2025-07-29 22:18:09,095 - ERROR - An error occurred while fetching listing 3757919: Message: Tried to run command without establishing a connection

2025-07-29 22:18:09,095 - ERROR - An error occurred while fetching listing 3735862: Message: Tried to run command without establishing a connection

2025-07-29 22:18:09,096 - ERROR - An error occurred while fetching listing 3744496: Message: Tried to run command without establishing a connection

2025-07-29 22:18:09,097 - ERROR - An error occurred while fetching listing 3768068: Message: Tried to run command without establishing a connection

2025-07-29 22:18:09,097 - ERROR - An error occurred while fetching listing 3742567: Message: Tried to run command without establishing a connection

2025-07-29 22:18:09,098 - ERROR - An error occurred while fetching listing 3747231: Message: Tried to run command without establishing a connection

2025-07-29 22:18:09,099 - ERROR - An error occurred while fetching listing 3731614: Message: Tried to run command without establishing a connection

2025-07-29 22:18:09,100 - ERROR - An error occurred while fetching listing 3766408: Message: Tried to run command without establishing a connection

2025-07-29 22:18:09,101 - ERROR - An error occurred while fetching listing 3739313: Message: Tried to run command without establishing a connection

2025-07-29 22:18:09,101 - ERROR - An error occurred while fetching listing 3457715: Message: Tried to run command without establishing a connection

2025-07-29 22:18:09,102 - ERROR - An error occurred while fetching listing 3740707: Message: Tried to run command without establishing a connection

2025-07-29 22:18:09,103 - ERROR - An error occurred while fetching listing 3605935: Message: Tried to run command without establishing a connection

2025-07-29 22:18:09,103 - ERROR - An error occurred while fetching listing 3761924: Message: Tried to run command without establishing a connection

2025-07-29 22:18:09,104 - ERROR - An error occurred while fetching listing 3729617: Message: Tried to run command without establishing a connection

2025-07-29 22:18:09,105 - ERROR - An error occurred while fetching listing 3728455: Message: Tried to run command without establishing a connection

2025-07-29 22:18:09,106 - ERROR - An error occurred while fetching listing 3748673: Message: Tried to run command without establishing a connection

2025-07-29 22:18:09,107 - ERROR - An error occurred while fetching listing 3760427: Message: Tried to run command without establishing a connection

2025-07-29 22:18:09,107 - ERROR - An error occurred while fetching listing 3750526: Message: Tried to run command without establishing a connection

2025-07-29 22:18:09,108 - ERROR - An error occurred while fetching listing 3765640: Message: Tried to run command without establishing a connection

2025-07-29 22:18:09,109 - ERROR - An error occurred while fetching listing 3743875: Message: Tried to run command without establishing a connection

2025-07-29 22:18:09,109 - ERROR - An error occurred while fetching listing 3749375: Message: Tried to run command without establishing a connection

2025-07-29 22:18:09,110 - ERROR - An error occurred while fetching listing 3768253: Message: Tried to run command without establishing a connection

2025-07-29 22:18:09,111 - ERROR - An error occurred while fetching listing 3747243: Message: Tried to run command without establishing a connection

2025-07-29 22:18:09,112 - ERROR - An error occurred while fetching listing 3756839: Message: Tried to run command without establishing a connection

2025-07-29 22:18:09,112 - ERROR - An error occurred while fetching listing 3744680: Message: Tried to run command without establishing a connection

2025-07-29 22:18:09,113 - ERROR - An error occurred while fetching listing 3747329: Message: Tried to run command without establishing a connection

2025-07-29 22:18:09,114 - ERROR - An error occurred while fetching listing 3761144: Message: Tried to run command without establishing a connection

2025-07-29 22:18:09,115 - ERROR - An error occurred while fetching listing 3754152: Message: Tried to run command without establishing a connection

2025-07-29 22:18:09,115 - ERROR - An error occurred while fetching listing 3726075: Message: Tried to run command without establishing a connection

2025-07-29 22:18:09,116 - ERROR - An error occurred while fetching listing 3742473: Message: Tried to run command without establishing a connection

2025-07-29 22:18:09,117 - ERROR - An error occurred while fetching listing 3738735: Message: Tried to run command without establishing a connection

2025-07-29 22:18:09,118 - ERROR - An error occurred while fetching listing 3764392: Message: Tried to run command without establishing a connection

2025-07-29 22:18:09,118 - ERROR - An error occurred while fetching listing 3762191: Message: Tried to run command without establishing a connection

2025-07-29 22:18:09,119 - ERROR - An error occurred while fetching listing 3757408: Message: Tried to run command without establishing a connection

2025-07-29 22:18:09,120 - ERROR - An error occurred while fetching listing 3734729: Message: Tried to run command without establishing a connection

2025-07-29 22:18:09,121 - ERROR - An error occurred while fetching listing 3765930: Message: Tried to run command without establishing a connection

2025-07-29 22:18:09,121 - ERROR - An error occurred while fetching listing 3763921: Message: Tried to run command without establishing a connection

2025-07-29 22:18:09,122 - ERROR - An error occurred while fetching listing 3751134: Message: Tried to run command without establishing a connection

2025-07-29 22:18:09,123 - ERROR - An error occurred while fetching listing 3753913: Message: Tried to run command without establishing a connection

2025-07-29 22:18:09,124 - ERROR - An error occurred while fetching listing 3757396: Message: Tried to run command without establishing a connection

2025-07-29 22:18:09,124 - ERROR - An error occurred while fetching listing 3732053: Message: Tried to run command without establishing a connection

2025-07-29 22:18:09,125 - ERROR - An error occurred while fetching listing 3564202: Message: Tried to run command without establishing a connection

2025-07-29 22:18:09,126 - ERROR - An error occurred while fetching listing 3719252: Message: Tried to run command without establishing a connection

2025-07-29 22:18:09,126 - ERROR - An error occurred while fetching listing 3768634: Message: Tried to run command without establishing a connection

2025-07-29 22:18:09,127 - ERROR - An error occurred while fetching listing 3739957: Message: Tried to run command without establishing a connection

2025-07-29 22:18:09,128 - ERROR - An error occurred while fetching listing 3729584: Message: Tried to run command without establishing a connection

2025-07-29 22:18:09,129 - ERROR - An error occurred while fetching listing 3762351: Message: Tried to run command without establishing a connection

2025-07-29 22:18:09,129 - ERROR - An error occurred while fetching listing 3758708: Message: Tried to run command without establishing a connection

2025-07-29 22:18:09,130 - ERROR - An error occurred while fetching listing 3760896: Message: Tried to run command without establishing a connection

2025-07-29 22:18:09,131 - ERROR - An error occurred while fetching listing 3758130: Message: Tried to run command without establishing a connection

2025-07-29 22:18:09,132 - ERROR - An error occurred while fetching listing 3768340: Message: Tried to run command without establishing a connection

2025-07-29 22:18:09,132 - ERROR - An error occurred while fetching listing 3751960: Message: Tried to run command without establishing a connection

2025-07-29 22:18:09,133 - ERROR - An error occurred while fetching listing 3754372: Message: Tried to run command without establishing a connection

2025-07-29 22:18:09,134 - ERROR - An error occurred while fetching listing 3759612: Message: Tried to run command without establishing a connection

2025-07-29 22:18:09,135 - ERROR - An error occurred while fetching listing 3724816: Message: Tried to run command without establishing a connection

2025-07-29 22:18:09,136 - ERROR - An error occurred while fetching listing 3759882: Message: Tried to run command without establishing a connection

2025-07-29 22:18:09,136 - ERROR - An error occurred while fetching listing 3749981: Message: Tried to run command without establishing a connection

2025-07-29 22:18:09,137 - ERROR - An error occurred while fetching listing 3766075: Message: Tried to run command without establishing a connection

2025-07-29 22:18:09,138 - ERROR - An error occurred while fetching listing 3728968: Message: Tried to run command without establishing a connection

2025-07-29 22:18:09,138 - ERROR - An error occurred while fetching listing 3753986: Message: Tried to run command without establishing a connection

2025-07-29 22:18:09,139 - ERROR - An error occurred while fetching listing 3753033: Message: Tried to run command without establishing a connection

2025-07-29 22:18:09,140 - ERROR - An error occurred while fetching listing 3730958: Message: Tried to run command without establishing a connection

2025-07-29 22:18:09,141 - ERROR - An error occurred while fetching listing 3762056: Message: Tried to run command without establishing a connection

2025-07-29 22:18:09,141 - ERROR - An error occurred while fetching listing 3745367: Message: Tried to run command without establishing a connection

2025-07-29 22:18:09,142 - ERROR - An error occurred while fetching listing 3657763: Message: Tried to run command without establishing a connection

2025-07-29 22:18:09,143 - ERROR - An error occurred while fetching listing 3738714: Message: Tried to run command without establishing a connection

2025-07-29 22:18:09,144 - ERROR - An error occurred while fetching listing 3725045: Message: Tried to run command without establishing a connection

2025-07-29 22:18:09,144 - ERROR - An error occurred while fetching listing 3764488: Message: Tried to run command without establishing a connection

2025-07-29 22:18:09,145 - ERROR - An error occurred while fetching listing 3751021: Message: Tried to run command without establishing a connection

2025-07-29 22:18:09,146 - ERROR - An error occurred while fetching listing 3762865: Message: Tried to run command without establishing a connection

2025-07-29 22:18:09,147 - ERROR - An error occurred while fetching listing 3746860: Message: Tried to run command without establishing a connection

2025-07-29 22:18:09,148 - ERROR - An error occurred while fetching listing 3729172: Message: Tried to run command without establishing a connection

2025-07-29 22:18:09,148 - ERROR - An error occurred while fetching listing 3735539: Message: Tried to run command without establishing a connection

2025-07-29 22:18:09,149 - ERROR - An error occurred while fetching listing 3754685: Message: Tried to run command without establishing a connection

2025-07-29 22:18:09,150 - ERROR - An error occurred while fetching listing 3744672: Message: Tried to run command without establishing a connection

2025-07-29 22:18:09,151 - ERROR - An error occurred while fetching listing 3726860: Message: Tried to run command without establishing a connection

2025-07-29 22:18:09,152 - ERROR - An error occurred while fetching listing 3766716: Message: Tried to run command without establishing a connection

2025-07-29 22:18:09,153 - ERROR - An error occurred while fetching listing 3732435: Message: Tried to run command without establishing a connection

2025-07-29 22:18:09,153 - ERROR - An error occurred while fetching listing 3738439: Message: Tried to run command without establishing a connection

2025-07-29 22:18:09,154 - ERROR - An error occurred while fetching listing 3753513: Message: Tried to run command without establishing a connection

2025-07-29 22:18:09,155 - ERROR - An error occurred while fetching listing 3647979: Message: Tried to run command without establishing a connection

2025-07-29 22:18:09,156 - ERROR - An error occurred while fetching listing 3448415: Message: Tried to run command without establishing a connection

2025-07-29 22:18:09,157 - ERROR - An error occurred while fetching listing 3725284: Message: Tried to run command without establishing a connection

2025-07-29 22:18:09,158 - ERROR - An error occurred while fetching listing 3766719: Message: Tried to run command without establishing a connection

2025-07-29 22:18:09,159 - ERROR - An error occurred while fetching listing 3737671: Message: Tried to run command without establishing a connection

2025-07-29 22:18:09,160 - ERROR - An error occurred while fetching listing 3722965: Message: Tried to run command without establishing a connection

2025-07-29 22:18:09,161 - ERROR - An error occurred while fetching listing 3726295: Message: Tried to run command without establishing a connection

2025-07-29 22:18:09,161 - ERROR - An error occurred while fetching listing 3736662: Message: Tried to run command without establishing a connection

2025-07-29 22:18:09,162 - ERROR - An error occurred while fetching listing 3753367: Message: Tried to run command without establishing a connection

2025-07-29 22:18:09,163 - ERROR - An error occurred while fetching listing 3749536: Message: Tried to run command without establishing a connection

2025-07-29 22:18:09,163 - ERROR - An error occurred while fetching listing 3748925: Message: Tried to run command without establishing a connection

2025-07-29 22:18:09,164 - ERROR - An error occurred while fetching listing 3729945: Message: Tried to run command without establishing a connection

2025-07-29 22:18:09,165 - ERROR - An error occurred while fetching listing 3765258: Message: Tried to run command without establishing a connection

2025-07-29 22:18:09,166 - ERROR - An error occurred while fetching listing 3761959: Message: Tried to run command without establishing a connection

2025-07-29 22:18:09,167 - ERROR - An error occurred while fetching listing 3727747: Message: Tried to run command without establishing a connection

2025-07-29 22:18:09,167 - ERROR - An error occurred while fetching listing 3756936: Message: Tried to run command without establishing a connection

2025-07-29 22:18:09,168 - ERROR - An error occurred while fetching listing 3762222: Message: Tried to run command without establishing a connection

2025-07-29 22:18:09,169 - ERROR - An error occurred while fetching listing 3730413: Message: Tried to run command without establishing a connection

2025-07-29 22:18:09,170 - ERROR - An error occurred while fetching listing 3753980: Message: Tried to run command without establishing a connection

2025-07-29 22:18:09,170 - ERROR - An error occurred while fetching listing 3749955: Message: Tried to run command without establishing a connection

2025-07-29 22:18:09,171 - ERROR - An error occurred while fetching listing 3764274: Message: Tried to run command without establishing a connection

2025-07-29 22:18:09,172 - ERROR - An error occurred while fetching listing 3756984: Message: Tried to run command without establishing a connection

2025-07-29 22:18:09,172 - ERROR - An error occurred while fetching listing 3755974: Message: Tried to run command without establishing a connection

2025-07-29 22:18:09,173 - ERROR - An error occurred while fetching listing 3747165: Message: Tried to run command without establishing a connection

2025-07-29 22:18:09,174 - ERROR - An error occurred while fetching listing 3747466: Message: Tried to run command without establishing a connection

2025-07-29 22:18:09,175 - ERROR - An error occurred while fetching listing 3744116: Message: Tried to run command without establishing a connection

2025-07-29 22:18:09,176 - ERROR - An error occurred while fetching listing 3762244: Message: Tried to run command without establishing a connection

2025-07-29 22:18:09,177 - ERROR - An error occurred while fetching listing 3749157: Message: Tried to run command without establishing a connection

2025-07-29 22:18:09,178 - ERROR - An error occurred while fetching listing 3751638: Message: Tried to run command without establishing a connection

2025-07-29 22:18:09,179 - ERROR - An error occurred while fetching listing 3756802: Message: Tried to run command without establishing a connection

2025-07-29 22:18:09,180 - ERROR - An error occurred while fetching listing 3750855: Message: Tried to run command without establishing a connection

2025-07-29 22:18:09,181 - ERROR - An error occurred while fetching listing 3768199: Message: Tried to run command without establishing a connection

2025-07-29 22:18:09,181 - ERROR - An error occurred while fetching listing 3764417: Message: Tried to run command without establishing a connection

2025-07-29 22:18:09,182 - ERROR - An error occurred while fetching listing 3667560: Message: Tried to run command without establishing a connection

2025-07-29 22:18:09,183 - ERROR - An error occurred while fetching listing 3757090: Message: Tried to run command without establishing a connection

2025-07-29 22:18:09,184 - ERROR - An error occurred while fetching listing 3744776: Message: Tried to run command without establishing a connection

2025-07-29 22:18:09,184 - ERROR - An error occurred while fetching listing 3740961: Message: Tried to run command without establishing a connection

2025-07-29 22:18:09,185 - ERROR - An error occurred while fetching listing 3761056: Message: Tried to run command without establishing a connection

2025-07-29 22:18:09,186 - ERROR - An error occurred while fetching listing 3748361: Message: Tried to run command without establishing a connection

2025-07-29 22:18:09,187 - ERROR - An error occurred while fetching listing 3740327: Message: Tried to run command without establishing a connection

2025-07-29 22:18:09,187 - ERROR - An error occurred while fetching listing 3741563: Message: Tried to run command without establishing a connection

2025-07-29 22:18:09,188 - ERROR - An error occurred while fetching listing 3763019: Message: Tried to run command without establishing a connection

2025-07-29 22:18:09,189 - ERROR - An error occurred while fetching listing 3733618: Message: Tried to run command without establishing a connection

2025-07-29 22:18:09,190 - ERROR - An error occurred while fetching listing 3754786: Message: Tried to run command without establishing a connection

2025-07-29 22:18:09,190 - ERROR - An error occurred while fetching listing 3755459: Message: Tried to run command without establishing a connection

2025-07-29 22:18:09,191 - ERROR - An error occurred while fetching listing 3725368: Message: Tried to run command without establishing a connection

2025-07-29 22:18:09,192 - ERROR - An error occurred while fetching listing 3747599: Message: Tried to run command without establishing a connection

2025-07-29 22:18:09,193 - ERROR - An error occurred while fetching listing 3765740: Message: Tried to run command without establishing a connection

2025-07-29 22:18:09,193 - ERROR - An error occurred while fetching listing 3761449: Message: Tried to run command without establishing a connection

2025-07-29 22:18:09,194 - ERROR - An error occurred while fetching listing 3745127: Message: Tried to run command without establishing a connection

2025-07-29 22:18:09,195 - ERROR - An error occurred while fetching listing 3745706: Message: Tried to run command without establishing a connection

2025-07-29 22:18:09,196 - ERROR - An error occurred while fetching listing 3752345: Message: Tried to run command without establishing a connection

2025-07-29 22:18:09,196 - ERROR - An error occurred while fetching listing 2702222: Message: Tried to run command without establishing a connection

2025-07-29 22:18:09,197 - ERROR - An error occurred while fetching listing 3758396: Message: Tried to run command without establishing a connection

2025-07-29 22:18:09,198 - ERROR - An error occurred while fetching listing 3738500: Message: Tried to run command without establishing a connection

2025-07-29 22:18:09,199 - ERROR - An error occurred while fetching listing 3763059: Message: Tried to run command without establishing a connection

2025-07-29 22:18:09,200 - ERROR - An error occurred while fetching listing 3753043: Message: Tried to run command without establishing a connection

2025-07-29 22:18:09,200 - ERROR - An error occurred while fetching listing 3746561: Message: Tried to run command without establishing a connection

2025-07-29 22:18:09,201 - ERROR - An error occurred while fetching listing 3756510: Message: Tried to run command without establishing a connection

2025-07-29 22:18:09,202 - ERROR - An error occurred while fetching listing 3763946: Message: Tried to run command without establishing a connection

2025-07-29 22:18:09,203 - ERROR - An error occurred while fetching listing 3729793: Message: Tried to run command without establishing a connection

2025-07-29 22:18:09,204 - ERROR - An error occurred while fetching listing 3758461: Message: Tried to run command without establishing a connection

2025-07-29 22:18:09,204 - ERROR - An error occurred while fetching listing 3766276: Message: Tried to run command without establishing a connection

2025-07-29 22:18:09,205 - ERROR - An error occurred while fetching listing 3748959: Message: Tried to run command without establishing a connection

2025-07-29 22:18:09,206 - ERROR - An error occurred while fetching listing 3731855: Message: Tried to run command without establishing a connection

2025-07-29 22:18:09,207 - ERROR - An error occurred while fetching listing 3749760: Message: Tried to run command without establishing a connection

2025-07-29 22:18:09,208 - ERROR - An error occurred while fetching listing 3726203: Message: Tried to run command without establishing a connection

2025-07-29 22:18:09,209 - ERROR - An error occurred while fetching listing 3755703: Message: Tried to run command without establishing a connection

2025-07-29 22:18:09,209 - ERROR - An error occurred while fetching listing 3765429: Message: Tried to run command without establishing a connection

2025-07-29 22:18:09,210 - ERROR - An error occurred while fetching listing 3495653: Message: Tried to run command without establishing a connection

2025-07-29 22:18:09,211 - ERROR - An error occurred while fetching listing 3767304: Message: Tried to run command without establishing a connection

2025-07-29 22:18:09,212 - ERROR - An error occurred while fetching listing 3740552: Message: Tried to run command without establishing a connection

2025-07-29 22:18:09,213 - ERROR - An error occurred while fetching listing 3736025: Message: Tried to run command without establishing a connection

2025-07-29 22:18:09,213 - ERROR - An error occurred while fetching listing 3754695: Message: Tried to run command without establishing a connection

2025-07-29 22:18:09,214 - ERROR - An error occurred while fetching listing 3764376: Message: Tried to run command without establishing a connection

2025-07-29 22:18:09,215 - ERROR - An error occurred while fetching listing 3726600: Message: Tried to run command without establishing a connection

2025-07-29 22:18:09,216 - ERROR - An error occurred while fetching listing 3766726: Message: Tried to run command without establishing a connection

2025-07-29 22:18:09,217 - ERROR - An error occurred while fetching listing 3767136: Message: Tried to run command without establishing a connection

2025-07-29 22:18:09,217 - ERROR - An error occurred while fetching listing 3756924: Message: Tried to run command without establishing a connection

2025-07-29 22:18:09,218 - ERROR - An error occurred while fetching listing 3767246: Message: Tried to run command without establishing a connection

2025-07-29 22:18:09,219 - ERROR - An error occurred while fetching listing 3763235: Message: Tried to run command without establishing a connection

2025-07-29 22:18:09,220 - ERROR - An error occurred while fetching listing 3587648: Message: Tried to run command without establishing a connection

2025-07-29 22:18:09,220 - ERROR - An error occurred while fetching listing 3764548: Message: Tried to run command without establishing a connection

2025-07-29 22:18:09,221 - ERROR - An error occurred while fetching listing 3724887: Message: Tried to run command without establishing a connection

2025-07-29 22:18:09,222 - ERROR - An error occurred while fetching listing 3727211: Message: Tried to run command without establishing a connection

2025-07-29 22:18:09,223 - ERROR - An error occurred while fetching listing 3758822: Message: Tried to run command without establishing a connection

2025-07-29 22:18:09,223 - ERROR - An error occurred while fetching listing 3768182: Message: Tried to run command without establishing a connection

2025-07-29 22:18:09,224 - ERROR - An error occurred while fetching listing 3761418: Message: Tried to run command without establishing a connection

2025-07-29 22:18:09,225 - ERROR - An error occurred while fetching listing 3761794: Message: Tried to run command without establishing a connection

2025-07-29 22:18:09,226 - ERROR - An error occurred while fetching listing 3741775: Message: Tried to run command without establishing a connection

2025-07-29 22:18:09,226 - ERROR - An error occurred while fetching listing 3738044: Message: Tried to run command without establishing a connection

2025-07-29 22:18:09,227 - ERROR - An error occurred while fetching listing 3745788: Message: Tried to run command without establishing a connection

2025-07-29 22:18:09,228 - ERROR - An error occurred while fetching listing 3743095: Message: Tried to run command without establishing a connection

2025-07-29 22:18:09,228 - ERROR - An error occurred while fetching listing 3767533: Message: Tried to run command without establishing a connection

2025-07-29 22:18:09,229 - ERROR - An error occurred while fetching listing 3735856: Message: Tried to run command without establishing a connection

2025-07-29 22:18:09,230 - ERROR - An error occurred while fetching listing 3759027: Message: Tried to run command without establishing a connection

2025-07-29 22:18:09,231 - ERROR - An error occurred while fetching listing 3723540: Message: Tried to run command without establishing a connection

2025-07-29 22:18:09,232 - ERROR - An error occurred while fetching listing 3763780: Message: Tried to run command without establishing a connection

2025-07-29 22:18:09,232 - ERROR - An error occurred while fetching listing 3761155: Message: Tried to run command without establishing a connection

2025-07-29 22:18:09,233 - ERROR - An error occurred while fetching listing 3736526: Message: Tried to run command without establishing a connection

2025-07-29 22:18:09,234 - ERROR - An error occurred while fetching listing 3758793: Message: Tried to run command without establishing a connection

2025-07-29 22:18:09,235 - ERROR - An error occurred while fetching listing 3762355: Message: Tried to run command without establishing a connection

2025-07-29 22:18:09,236 - ERROR - An error occurred while fetching listing 3743090: Message: Tried to run command without establishing a connection

2025-07-29 22:18:09,236 - ERROR - An error occurred while fetching listing 3755812: Message: Tried to run command without establishing a connection

2025-07-29 22:18:09,237 - ERROR - An error occurred while fetching listing 3759706: Message: Tried to run command without establishing a connection

2025-07-29 22:18:09,238 - ERROR - An error occurred while fetching listing 3768486: Message: Tried to run command without establishing a connection

2025-07-29 22:18:09,239 - ERROR - An error occurred while fetching listing 3740391: Message: Tried to run command without establishing a connection

2025-07-29 22:18:09,239 - ERROR - An error occurred while fetching listing 3418645: Message: Tried to run command without establishing a connection

2025-07-29 22:18:09,240 - ERROR - An error occurred while fetching listing 3752306: Message: Tried to run command without establishing a connection

2025-07-29 22:18:09,241 - ERROR - An error occurred while fetching listing 3759407: Message: Tried to run command without establishing a connection

2025-07-29 22:18:09,242 - ERROR - An error occurred while fetching listing 3688798: Message: Tried to run command without establishing a connection

2025-07-29 22:18:09,242 - ERROR - An error occurred while fetching listing 3766380: Message: Tried to run command without establishing a connection

2025-07-29 22:18:09,243 - ERROR - An error occurred while fetching listing 3742059: Message: Tried to run command without establishing a connection

2025-07-29 22:18:09,244 - ERROR - An error occurred while fetching listing 3759638: Message: Tried to run command without establishing a connection

2025-07-29 22:18:09,245 - ERROR - An error occurred while fetching listing 3745686: Message: Tried to run command without establishing a connection

2025-07-29 22:18:09,246 - ERROR - An error occurred while fetching listing 3728591: Message: Tried to run command without establishing a connection

2025-07-29 22:18:09,247 - ERROR - An error occurred while fetching listing 3748889: Message: Tried to run command without establishing a connection

2025-07-29 22:18:09,247 - ERROR - An error occurred while fetching listing 3749493: Message: Tried to run command without establishing a connection

2025-07-29 22:18:09,248 - ERROR - An error occurred while fetching listing 3767538: Message: Tried to run command without establishing a connection

2025-07-29 22:18:09,249 - ERROR - An error occurred while fetching listing 3764314: Message: Tried to run command without establishing a connection

2025-07-29 22:18:09,250 - ERROR - An error occurred while fetching listing 3759975: Message: Tried to run command without establishing a connection

2025-07-29 22:18:09,250 - ERROR - An error occurred while fetching listing 3762096: Message: Tried to run command without establishing a connection

2025-07-29 22:18:09,251 - ERROR - An error occurred while fetching listing 3762211: Message: Tried to run command without establishing a connection

2025-07-29 22:18:09,252 - ERROR - An error occurred while fetching listing 3750408: Message: Tried to run command without establishing a connection

2025-07-29 22:18:09,253 - ERROR - An error occurred while fetching listing 3764157: Message: Tried to run command without establishing a connection

2025-07-29 22:18:09,253 - ERROR - An error occurred while fetching listing 3739405: Message: Tried to run command without establishing a connection

2025-07-29 22:18:09,254 - ERROR - An error occurred while fetching listing 3752095: Message: Tried to run command without establishing a connection

2025-07-29 22:18:09,255 - ERROR - An error occurred while fetching listing 3732509: Message: Tried to run command without establishing a connection

2025-07-29 22:18:09,256 - ERROR - An error occurred while fetching listing 3731289: Message: Tried to run command without establishing a connection

2025-07-29 22:18:09,256 - ERROR - An error occurred while fetching listing 3746464: Message: Tried to run command without establishing a connection

2025-07-29 22:18:09,257 - ERROR - An error occurred while fetching listing 3737533: Message: Tried to run command without establishing a connection

2025-07-29 22:18:09,258 - ERROR - An error occurred while fetching listing 3731194: Message: Tried to run command without establishing a connection

2025-07-29 22:18:09,259 - ERROR - An error occurred while fetching listing 3762555: Message: Tried to run command without establishing a connection

2025-07-29 22:18:09,259 - ERROR - An error occurred while fetching listing 3745988: Message: Tried to run command without establishing a connection

2025-07-29 22:18:09,260 - ERROR - An error occurred while fetching listing 3734025: Message: Tried to run command without establishing a connection

2025-07-29 22:18:09,261 - ERROR - An error occurred while fetching listing 3756372: Message: Tried to run command without establishing a connection

2025-07-29 22:18:09,262 - ERROR - An error occurred while fetching listing 3758284: Message: Tried to run command without establishing a connection

2025-07-29 22:18:09,262 - ERROR - An error occurred while fetching listing 3725971: Message: Tried to run command without establishing a connection

2025-07-29 22:18:09,263 - ERROR - An error occurred while fetching listing 3743342: Message: Tried to run command without establishing a connection

2025-07-29 22:18:09,264 - ERROR - An error occurred while fetching listing 3762182: Message: Tried to run command without establishing a connection

2025-07-29 22:18:09,265 - ERROR - An error occurred while fetching listing 3754139: Message: Tried to run command without establishing a connection

2025-07-29 22:18:09,265 - ERROR - An error occurred while fetching listing 3743719: Message: Tried to run command without establishing a connection

2025-07-29 22:18:09,266 - ERROR - An error occurred while fetching listing 3746306: Message: Tried to run command without establishing a connection

2025-07-29 22:18:09,267 - ERROR - An error occurred while fetching listing 3739836: Message: Tried to run command without establishing a connection

2025-07-29 22:18:09,268 - ERROR - An error occurred while fetching listing 3751053: Message: Tried to run command without establishing a connection

2025-07-29 22:18:09,269 - ERROR - An error occurred while fetching listing 3745204: Message: Tried to run command without establishing a connection

2025-07-29 22:18:09,269 - ERROR - An error occurred while fetching listing 3765795: Message: Tried to run command without establishing a connection

2025-07-29 22:18:09,270 - ERROR - An error occurred while fetching listing 3750040: Message: Tried to run command without establishing a connection

2025-07-29 22:18:09,271 - ERROR - An error occurred while fetching listing 3730279: Message: Tried to run command without establishing a connection

2025-07-29 22:18:09,272 - ERROR - An error occurred while fetching listing 3766115: Message: Tried to run command without establishing a connection

2025-07-29 22:18:09,272 - ERROR - An error occurred while fetching listing 3768648: Message: Tried to run command without establishing a connection

2025-07-29 22:18:09,273 - ERROR - An error occurred while fetching listing 3748715: Message: Tried to run command without establishing a connection

2025-07-29 22:18:09,274 - ERROR - An error occurred while fetching listing 3742324: Message: Tried to run command without establishing a connection

2025-07-29 22:18:09,275 - ERROR - An error occurred while fetching listing 3750703: Message: Tried to run command without establishing a connection

2025-07-29 22:18:09,275 - ERROR - An error occurred while fetching listing 3768620: Message: Tried to run command without establishing a connection

2025-07-29 22:18:09,276 - ERROR - An error occurred while fetching listing 3754266: Message: Tried to run command without establishing a connection

2025-07-29 22:18:09,277 - ERROR - An error occurred while fetching listing 3761066: Message: Tried to run command without establishing a connection

2025-07-29 22:18:09,277 - ERROR - An error occurred while fetching listing 3733682: Message: Tried to run command without establishing a connection

2025-07-29 22:18:09,278 - ERROR - An error occurred while fetching listing 3754910: Message: Tried to run command without establishing a connection

2025-07-29 22:18:09,279 - ERROR - An error occurred while fetching listing 3728842: Message: Tried to run command without establishing a connection

2025-07-29 22:18:09,280 - ERROR - An error occurred while fetching listing 3766906: Message: Tried to run command without establishing a connection

2025-07-29 22:18:09,281 - ERROR - An error occurred while fetching listing 3761010: Message: Tried to run command without establishing a connection

2025-07-29 22:18:09,281 - ERROR - An error occurred while fetching listing 3760558: Message: Tried to run command without establishing a connection

2025-07-29 22:18:09,282 - ERROR - An error occurred while fetching listing 3764655: Message: Tried to run command without establishing a connection

2025-07-29 22:18:09,283 - ERROR - An error occurred while fetching listing 3766415: Message: Tried to run command without establishing a connection

2025-07-29 22:18:09,283 - ERROR - An error occurred while fetching listing 3760298: Message: Tried to run command without establishing a connection

2025-07-29 22:18:09,284 - ERROR - An error occurred while fetching listing 3760640: Message: Tried to run command without establishing a connection

2025-07-29 22:18:09,285 - ERROR - An error occurred while fetching listing 3739901: Message: Tried to run command without establishing a connection

2025-07-29 22:18:09,286 - ERROR - An error occurred while fetching listing 3763422: Message: Tried to run command without establishing a connection

2025-07-29 22:18:09,286 - ERROR - An error occurred while fetching listing 3758942: Message: Tried to run command without establishing a connection

2025-07-29 22:18:09,287 - ERROR - An error occurred while fetching listing 3753213: Message: Tried to run command without establishing a connection

2025-07-29 22:18:09,288 - ERROR - An error occurred while fetching listing 3768641: Message: Tried to run command without establishing a connection

2025-07-29 22:18:09,288 - ERROR - An error occurred while fetching listing 3761700: Message: Tried to run command without establishing a connection

2025-07-29 22:18:09,289 - ERROR - An error occurred while fetching listing 3739893: Message: Tried to run command without establishing a connection

2025-07-29 22:18:09,290 - ERROR - An error occurred while fetching listing 3737756: Message: Tried to run command without establishing a connection

2025-07-29 22:18:09,291 - ERROR - An error occurred while fetching listing 3737328: Message: Tried to run command without establishing a connection

2025-07-29 22:18:09,291 - ERROR - An error occurred while fetching listing 3741624: Message: Tried to run command without establishing a connection

2025-07-29 22:18:09,292 - ERROR - An error occurred while fetching listing 3754100: Message: Tried to run command without establishing a connection

2025-07-29 22:18:09,293 - ERROR - An error occurred while fetching listing 3737103: Message: Tried to run command without establishing a connection

2025-07-29 22:18:09,294 - ERROR - An error occurred while fetching listing 3757436: Message: Tried to run command without establishing a connection

2025-07-29 22:18:09,294 - ERROR - An error occurred while fetching listing 3747658: Message: Tried to run command without establishing a connection

2025-07-29 22:18:09,295 - ERROR - An error occurred while fetching listing 3759939: Message: Tried to run command without establishing a connection

2025-07-29 22:18:09,296 - ERROR - An error occurred while fetching listing 3765275: Message: Tried to run command without establishing a connection

2025-07-29 22:18:09,296 - ERROR - An error occurred while fetching listing 3729551: Message: Tried to run command without establishing a connection

2025-07-29 22:18:09,297 - ERROR - An error occurred while fetching listing 3752601: Message: Tried to run command without establishing a connection

2025-07-29 22:18:09,298 - ERROR - An error occurred while fetching listing 3762311: Message: Tried to run command without establishing a connection

2025-07-29 22:18:09,299 - ERROR - An error occurred while fetching listing 3752251: Message: Tried to run command without establishing a connection

2025-07-29 22:18:09,299 - ERROR - An error occurred while fetching listing 3571401: Message: Tried to run command without establishing a connection

2025-07-29 22:18:09,300 - ERROR - An error occurred while fetching listing 3748586: Message: Tried to run command without establishing a connection

2025-07-29 22:18:09,301 - ERROR - An error occurred while fetching listing 3742497: Message: Tried to run command without establishing a connection

2025-07-29 22:18:09,301 - ERROR - An error occurred while fetching listing 3731404: Message: Tried to run command without establishing a connection

2025-07-29 22:18:09,302 - ERROR - An error occurred while fetching listing 3748431: Message: Tried to run command without establishing a connection

2025-07-29 22:18:09,303 - ERROR - An error occurred while fetching listing 3744964: Message: Tried to run command without establishing a connection

2025-07-29 22:18:09,304 - ERROR - An error occurred while fetching listing 3761205: Message: Tried to run command without establishing a connection

2025-07-29 22:18:09,304 - ERROR - An error occurred while fetching listing 3756330: Message: Tried to run command without establishing a connection

2025-07-29 22:18:09,305 - ERROR - An error occurred while fetching listing 3749023: Message: Tried to run command without establishing a connection

2025-07-29 22:18:09,306 - ERROR - An error occurred while fetching listing 3744026: Message: Tried to run command without establishing a connection

2025-07-29 22:18:09,307 - ERROR - An error occurred while fetching listing 3760254: Message: Tried to run command without establishing a connection

2025-07-29 22:18:09,307 - ERROR - An error occurred while fetching listing 3743600: Message: Tried to run command without establishing a connection

2025-07-29 22:18:09,308 - ERROR - An error occurred while fetching listing 3754600: Message: Tried to run command without establishing a connection

2025-07-29 22:18:09,309 - ERROR - An error occurred while fetching listing 3763984: Message: Tried to run command without establishing a connection

2025-07-29 22:18:09,309 - ERROR - An error occurred while fetching listing 3740245: Message: Tried to run command without establishing a connection

2025-07-29 22:18:09,310 - ERROR - An error occurred while fetching listing 3754290: Message: Tried to run command without establishing a connection

2025-07-29 22:18:09,311 - ERROR - An error occurred while fetching listing 3729423: Message: Tried to run command without establishing a connection

2025-07-29 22:18:09,312 - ERROR - An error occurred while fetching listing 3732564: Message: Tried to run command without establishing a connection

2025-07-29 22:18:09,312 - ERROR - An error occurred while fetching listing 3761109: Message: Tried to run command without establishing a connection

2025-07-29 22:18:09,313 - ERROR - An error occurred while fetching listing 3745778: Message: Tried to run command without establishing a connection

2025-07-29 22:18:09,314 - ERROR - An error occurred while fetching listing 3765651: Message: Tried to run command without establishing a connection

2025-07-29 22:18:09,315 - ERROR - An error occurred while fetching listing 3745821: Message: Tried to run command without establishing a connection

2025-07-29 22:18:09,315 - ERROR - An error occurred while fetching listing 3591001: Message: Tried to run command without establishing a connection

2025-07-29 22:18:09,316 - ERROR - An error occurred while fetching listing 3745322: Message: Tried to run command without establishing a connection

2025-07-29 22:18:09,317 - ERROR - An error occurred while fetching listing 3736927: Message: Tried to run command without establishing a connection

2025-07-29 22:18:09,318 - ERROR - An error occurred while fetching listing 3737105: Message: Tried to run command without establishing a connection

2025-07-29 22:18:09,319 - ERROR - An error occurred while fetching listing 3761615: Message: Tried to run command without establishing a connection

2025-07-29 22:18:09,320 - ERROR - An error occurred while fetching listing 3729920: Message: Tried to run command without establishing a connection

2025-07-29 22:18:09,320 - ERROR - An error occurred while fetching listing 3761168: Message: Tried to run command without establishing a connection

2025-07-29 22:18:09,321 - ERROR - An error occurred while fetching listing 3739927: Message: Tried to run command without establishing a connection

2025-07-29 22:18:09,323 - ERROR - An error occurred while fetching listing 3741600: Message: Tried to run command without establishing a connection

2025-07-29 22:18:09,323 - ERROR - An error occurred while fetching listing 3764465: Message: Tried to run command without establishing a connection

2025-07-29 22:18:09,324 - ERROR - An error occurred while fetching listing 3754294: Message: Tried to run command without establishing a connection

2025-07-29 22:18:09,325 - ERROR - An error occurred while fetching listing 3746928: Message: Tried to run command without establishing a connection

2025-07-29 22:18:09,326 - ERROR - An error occurred while fetching listing 3671327: Message: Tried to run command without establishing a connection

2025-07-29 22:18:09,327 - ERROR - An error occurred while fetching listing 3745002: Message: Tried to run command without establishing a connection

2025-07-29 22:18:09,328 - ERROR - An error occurred while fetching listing 3756439: Message: Tried to run command without establishing a connection

2025-07-29 22:18:09,329 - ERROR - An error occurred while fetching listing 3739078: Message: Tried to run command without establishing a connection

2025-07-29 22:18:09,329 - ERROR - An error occurred while fetching listing 3758580: Message: Tried to run command without establishing a connection

2025-07-29 22:18:09,330 - ERROR - An error occurred while fetching listing 3754993: Message: Tried to run command without establishing a connection

2025-07-29 22:18:09,331 - ERROR - An error occurred while fetching listing 3729422: Message: Tried to run command without establishing a connection

2025-07-29 22:18:09,332 - ERROR - An error occurred while fetching listing 3763998: Message: Tried to run command without establishing a connection

2025-07-29 22:18:09,333 - ERROR - An error occurred while fetching listing 3741779: Message: Tried to run command without establishing a connection

2025-07-29 22:18:09,334 - ERROR - An error occurred while fetching listing 3765988: Message: Tried to run command without establishing a connection

2025-07-29 22:18:09,335 - ERROR - An error occurred while fetching listing 3757814: Message: Tried to run command without establishing a connection

2025-07-29 22:18:09,335 - ERROR - An error occurred while fetching listing 3756921: Message: Tried to run command without establishing a connection

2025-07-29 22:18:09,336 - ERROR - An error occurred while fetching listing 3749530: Message: Tried to run command without establishing a connection

2025-07-29 22:18:09,338 - ERROR - An error occurred while fetching listing 3764158: Message: Tried to run command without establishing a connection

2025-07-29 22:18:09,338 - ERROR - An error occurred while fetching listing 3747680: Message: Tried to run command without establishing a connection

2025-07-29 22:18:09,339 - ERROR - An error occurred while fetching listing 3732932: Message: Tried to run command without establishing a connection

2025-07-29 22:18:09,340 - ERROR - An error occurred while fetching listing 3751136: Message: Tried to run command without establishing a connection

2025-07-29 22:18:09,341 - ERROR - An error occurred while fetching listing 3733808: Message: Tried to run command without establishing a connection

2025-07-29 22:18:09,342 - ERROR - An error occurred while fetching listing 3745713: Message: Tried to run command without establishing a connection

2025-07-29 22:18:09,342 - ERROR - An error occurred while fetching listing 3404441: Message: Tried to run command without establishing a connection

2025-07-29 22:18:09,343 - ERROR - An error occurred while fetching listing 3766293: Message: Tried to run command without establishing a connection

2025-07-29 22:18:09,344 - ERROR - An error occurred while fetching listing 3756848: Message: Tried to run command without establishing a connection

2025-07-29 22:18:09,345 - ERROR - An error occurred while fetching listing 3750267: Message: Tried to run command without establishing a connection

2025-07-29 22:18:09,345 - ERROR - An error occurred while fetching listing 3727498: Message: Tried to run command without establishing a connection

2025-07-29 22:18:09,346 - ERROR - An error occurred while fetching listing 3727750: Message: Tried to run command without establishing a connection

2025-07-29 22:18:09,347 - ERROR - An error occurred while fetching listing 3767302: Message: Tried to run command without establishing a connection

2025-07-29 22:18:09,348 - ERROR - An error occurred while fetching listing 3762232: Message: Tried to run command without establishing a connection

2025-07-29 22:18:09,349 - ERROR - An error occurred while fetching listing 3734657: Message: Tried to run command without establishing a connection

2025-07-29 22:18:09,349 - ERROR - An error occurred while fetching listing 3736518: Message: Tried to run command without establishing a connection

2025-07-29 22:18:09,350 - ERROR - An error occurred while fetching listing 3763718: Message: Tried to run command without establishing a connection

2025-07-29 22:18:09,351 - ERROR - An error occurred while fetching listing 3753411: Message: Tried to run command without establishing a connection

2025-07-29 22:18:09,352 - ERROR - An error occurred while fetching listing 3762044: Message: Tried to run command without establishing a connection

2025-07-29 22:18:09,352 - ERROR - An error occurred while fetching listing 3748714: Message: Tried to run command without establishing a connection

2025-07-29 22:18:09,353 - ERROR - An error occurred while fetching listing 3761460: Message: Tried to run command without establishing a connection

2025-07-29 22:18:09,354 - ERROR - An error occurred while fetching listing 3755689: Message: Tried to run command without establishing a connection

2025-07-29 22:18:09,355 - ERROR - An error occurred while fetching listing 3740429: Message: Tried to run command without establishing a connection

2025-07-29 22:18:09,355 - ERROR - An error occurred while fetching listing 3766285: Message: Tried to run command without establishing a connection

2025-07-29 22:18:09,356 - ERROR - An error occurred while fetching listing 3742243: Message: Tried to run command without establishing a connection

2025-07-29 22:18:09,357 - ERROR - An error occurred while fetching listing 3759689: Message: Tried to run command without establishing a connection

2025-07-29 22:18:09,358 - ERROR - An error occurred while fetching listing 3745257: Message: Tried to run command without establishing a connection

2025-07-29 22:18:09,358 - ERROR - An error occurred while fetching listing 3761135: Message: Tried to run command without establishing a connection

2025-07-29 22:18:09,359 - ERROR - An error occurred while fetching listing 3754598: Message: Tried to run command without establishing a connection

2025-07-29 22:18:09,360 - ERROR - An error occurred while fetching listing 3739156: Message: Tried to run command without establishing a connection

2025-07-29 22:18:09,361 - ERROR - An error occurred while fetching listing 3747714: Message: Tried to run command without establishing a connection

2025-07-29 22:18:09,362 - ERROR - An error occurred while fetching listing 3750628: Message: Tried to run command without establishing a connection

2025-07-29 22:18:09,362 - ERROR - An error occurred while fetching listing 3747027: Message: Tried to run command without establishing a connection

2025-07-29 22:18:09,363 - ERROR - An error occurred while fetching listing 3761339: Message: Tried to run command without establishing a connection

2025-07-29 22:18:09,364 - ERROR - An error occurred while fetching listing 3765685: Message: Tried to run command without establishing a connection

2025-07-29 22:18:09,365 - ERROR - An error occurred while fetching listing 3758683: Message: Tried to run command without establishing a connection

2025-07-29 22:18:09,365 - ERROR - An error occurred while fetching listing 3734647: Message: Tried to run command without establishing a connection

2025-07-29 22:18:09,366 - ERROR - An error occurred while fetching listing 3745567: Message: Tried to run command without establishing a connection

2025-07-29 22:18:09,367 - ERROR - An error occurred while fetching listing 3754109: Message: Tried to run command without establishing a connection

2025-07-29 22:18:09,367 - ERROR - An error occurred while fetching listing 3762574: Message: Tried to run command without establishing a connection

2025-07-29 22:18:09,368 - ERROR - An error occurred while fetching listing 3715050: Message: Tried to run command without establishing a connection

2025-07-29 22:18:09,369 - ERROR - An error occurred while fetching listing 3762562: Message: Tried to run command without establishing a connection

2025-07-29 22:18:09,370 - ERROR - An error occurred while fetching listing 3764519: Message: Tried to run command without establishing a connection

2025-07-29 22:18:09,370 - ERROR - An error occurred while fetching listing 3768560: Message: Tried to run command without establishing a connection

2025-07-29 22:18:09,371 - ERROR - An error occurred while fetching listing 3757533: Message: Tried to run command without establishing a connection

2025-07-29 22:18:09,372 - ERROR - An error occurred while fetching listing 3729404: Message: Tried to run command without establishing a connection

2025-07-29 22:18:09,373 - ERROR - An error occurred while fetching listing 3767455: Message: Tried to run command without establishing a connection

2025-07-29 22:18:09,373 - ERROR - An error occurred while fetching listing 3763371: Message: Tried to run command without establishing a connection

2025-07-29 22:18:09,374 - ERROR - An error occurred while fetching listing 3730205: Message: Tried to run command without establishing a connection

2025-07-29 22:18:09,375 - ERROR - An error occurred while fetching listing 3537913: Message: Tried to run command without establishing a connection

2025-07-29 22:18:09,376 - ERROR - An error occurred while fetching listing 3727986: Message: Tried to run command without establishing a connection

2025-07-29 22:18:09,376 - ERROR - An error occurred while fetching listing 3766754: Message: Tried to run command without establishing a connection

2025-07-29 22:18:09,377 - ERROR - An error occurred while fetching listing 3742348: Message: Tried to run command without establishing a connection

2025-07-29 22:18:09,378 - ERROR - An error occurred while fetching listing 3757680: Message: Tried to run command without establishing a connection

2025-07-29 22:18:09,378 - ERROR - An error occurred while fetching listing 3767119: Message: Tried to run command without establishing a connection

2025-07-29 22:18:09,379 - ERROR - An error occurred while fetching listing 3730708: Message: Tried to run command without establishing a connection

2025-07-29 22:18:09,380 - ERROR - An error occurred while fetching listing 3746930: Message: Tried to run command without establishing a connection

2025-07-29 22:18:09,381 - ERROR - An error occurred while fetching listing 3733468: Message: Tried to run command without establishing a connection

2025-07-29 22:18:09,381 - ERROR - An error occurred while fetching listing 3728519: Message: Tried to run command without establishing a connection

2025-07-29 22:18:09,382 - ERROR - An error occurred while fetching listing 3746359: Message: Tried to run command without establishing a connection

2025-07-29 22:18:09,383 - ERROR - An error occurred while fetching listing 3744650: Message: Tried to run command without establishing a connection

2025-07-29 22:18:09,384 - ERROR - An error occurred while fetching listing 3757832: Message: Tried to run command without establishing a connection

2025-07-29 22:18:09,385 - ERROR - An error occurred while fetching listing 3677970: Message: Tried to run command without establishing a connection

2025-07-29 22:18:09,386 - ERROR - An error occurred while fetching listing 3758071: Message: Tried to run command without establishing a connection

2025-07-29 22:18:09,386 - ERROR - An error occurred while fetching listing 3761797: Message: Tried to run command without establishing a connection

2025-07-29 22:18:09,387 - ERROR - An error occurred while fetching listing 3759581: Message: Tried to run command without establishing a connection

2025-07-29 22:18:09,388 - ERROR - An error occurred while fetching listing 3741893: Message: Tried to run command without establishing a connection

2025-07-29 22:18:09,389 - ERROR - An error occurred while fetching listing 3735774: Message: Tried to run command without establishing a connection

2025-07-29 22:18:09,390 - ERROR - An error occurred while fetching listing 3734908: Message: Tried to run command without establishing a connection

2025-07-29 22:18:09,390 - ERROR - An error occurred while fetching listing 3758317: Message: Tried to run command without establishing a connection

2025-07-29 22:18:09,391 - ERROR - An error occurred while fetching listing 3739823: Message: Tried to run command without establishing a connection

2025-07-29 22:18:09,392 - ERROR - An error occurred while fetching listing 3746177: Message: Tried to run command without establishing a connection

2025-07-29 22:18:09,392 - ERROR - An error occurred while fetching listing 3760719: Message: Tried to run command without establishing a connection

2025-07-29 22:18:09,393 - ERROR - An error occurred while fetching listing 3736220: Message: Tried to run command without establishing a connection

2025-07-29 22:18:09,394 - ERROR - An error occurred while fetching listing 3676565: Message: Tried to run command without establishing a connection

2025-07-29 22:18:09,395 - ERROR - An error occurred while fetching listing 3754209: Message: Tried to run command without establishing a connection

2025-07-29 22:18:09,395 - ERROR - An error occurred while fetching listing 3740387: Message: Tried to run command without establishing a connection

2025-07-29 22:18:09,396 - ERROR - An error occurred while fetching listing 3767073: Message: Tried to run command without establishing a connection

2025-07-29 22:18:09,397 - ERROR - An error occurred while fetching listing 3753591: Message: Tried to run command without establishing a connection

2025-07-29 22:18:09,398 - ERROR - An error occurred while fetching listing 3740161: Message: Tried to run command without establishing a connection

2025-07-29 22:18:09,398 - ERROR - An error occurred while fetching listing 3755227: Message: Tried to run command without establishing a connection

2025-07-29 22:18:09,399 - ERROR - An error occurred while fetching listing 3764718: Message: Tried to run command without establishing a connection

2025-07-29 22:18:09,400 - ERROR - An error occurred while fetching listing 3760687: Message: Tried to run command without establishing a connection

2025-07-29 22:18:09,400 - ERROR - An error occurred while fetching listing 3763546: Message: Tried to run command without establishing a connection

2025-07-29 22:18:09,401 - ERROR - An error occurred while fetching listing 3744004: Message: Tried to run command without establishing a connection

2025-07-29 22:18:09,402 - ERROR - An error occurred while fetching listing 3739982: Message: Tried to run command without establishing a connection

2025-07-29 22:18:09,403 - ERROR - An error occurred while fetching listing 3767471: Message: Tried to run command without establishing a connection

2025-07-29 22:18:09,403 - ERROR - An error occurred while fetching listing 3708757: Message: Tried to run command without establishing a connection

2025-07-29 22:18:09,404 - ERROR - An error occurred while fetching listing 3753497: Message: Tried to run command without establishing a connection

2025-07-29 22:18:09,405 - ERROR - An error occurred while fetching listing 3746635: Message: Tried to run command without establishing a connection

2025-07-29 22:18:09,406 - ERROR - An error occurred while fetching listing 3742620: Message: Tried to run command without establishing a connection

2025-07-29 22:18:09,406 - ERROR - An error occurred while fetching listing 3762919: Message: Tried to run command without establishing a connection

2025-07-29 22:18:09,407 - ERROR - An error occurred while fetching listing 3743355: Message: Tried to run command without establishing a connection

2025-07-29 22:18:09,408 - ERROR - An error occurred while fetching listing 3744489: Message: Tried to run command without establishing a connection

2025-07-29 22:18:09,408 - ERROR - An error occurred while fetching listing 3752407: Message: Tried to run command without establishing a connection

2025-07-29 22:18:09,409 - ERROR - An error occurred while fetching listing 3733115: Message: Tried to run command without establishing a connection

2025-07-29 22:18:09,410 - ERROR - An error occurred while fetching listing 3765143: Message: Tried to run command without establishing a connection

2025-07-29 22:18:09,411 - ERROR - An error occurred while fetching listing 3751839: Message: Tried to run command without establishing a connection

2025-07-29 22:18:09,411 - ERROR - An error occurred while fetching listing 3739397: Message: Tried to run command without establishing a connection

2025-07-29 22:18:09,412 - ERROR - An error occurred while fetching listing 3534672: Message: Tried to run command without establishing a connection

2025-07-29 22:18:09,413 - ERROR - An error occurred while fetching listing 3143449: Message: Tried to run command without establishing a connection

2025-07-29 22:18:09,413 - ERROR - An error occurred while fetching listing 3764123: Message: Tried to run command without establishing a connection

2025-07-29 22:18:09,414 - ERROR - An error occurred while fetching listing 3754196: Message: Tried to run command without establishing a connection

2025-07-29 22:18:09,415 - ERROR - An error occurred while fetching listing 3744304: Message: Tried to run command without establishing a connection

2025-07-29 22:18:09,416 - ERROR - An error occurred while fetching listing 3760589: Message: Tried to run command without establishing a connection

2025-07-29 22:18:09,416 - ERROR - An error occurred while fetching listing 3754366: Message: Tried to run command without establishing a connection

2025-07-29 22:18:09,417 - ERROR - An error occurred while fetching listing 3754361: Message: Tried to run command without establishing a connection

2025-07-29 22:18:09,418 - ERROR - An error occurred while fetching listing 3753347: Message: Tried to run command without establishing a connection

2025-07-29 22:18:09,419 - ERROR - An error occurred while fetching listing 3767761: Message: Tried to run command without establishing a connection

2025-07-29 22:18:09,419 - ERROR - An error occurred while fetching listing 3747772: Message: Tried to run command without establishing a connection

2025-07-29 22:18:09,420 - ERROR - An error occurred while fetching listing 3757705: Message: Tried to run command without establishing a connection

2025-07-29 22:18:09,421 - ERROR - An error occurred while fetching listing 3726439: Message: Tried to run command without establishing a connection

2025-07-29 22:18:09,421 - ERROR - An error occurred while fetching listing 3751495: Message: Tried to run command without establishing a connection

2025-07-29 22:18:09,422 - ERROR - An error occurred while fetching listing 3739627: Message: Tried to run command without establishing a connection

2025-07-29 22:18:09,423 - ERROR - An error occurred while fetching listing 3760767: Message: Tried to run command without establishing a connection

2025-07-29 22:18:09,424 - ERROR - An error occurred while fetching listing 3751075: Message: Tried to run command without establishing a connection

2025-07-29 22:18:09,424 - ERROR - An error occurred while fetching listing 3746715: Message: Tried to run command without establishing a connection

2025-07-29 22:18:09,425 - ERROR - An error occurred while fetching listing 3756125: Message: Tried to run command without establishing a connection

2025-07-29 22:18:09,426 - ERROR - An error occurred while fetching listing 3766800: Message: Tried to run command without establishing a connection

2025-07-29 22:18:09,427 - ERROR - An error occurred while fetching listing 3748111: Message: Tried to run command without establishing a connection

2025-07-29 22:18:09,427 - ERROR - An error occurred while fetching listing 3767448: Message: Tried to run command without establishing a connection

2025-07-29 22:18:09,428 - ERROR - An error occurred while fetching listing 3753504: Message: Tried to run command without establishing a connection

2025-07-29 22:18:09,429 - ERROR - An error occurred while fetching listing 3759133: Message: Tried to run command without establishing a connection

2025-07-29 22:18:09,429 - ERROR - An error occurred while fetching listing 3761370: Message: Tried to run command without establishing a connection

2025-07-29 22:18:09,430 - ERROR - An error occurred while fetching listing 3738794: Message: Tried to run command without establishing a connection

2025-07-29 22:18:09,431 - ERROR - An error occurred while fetching listing 3740436: Message: Tried to run command without establishing a connection

2025-07-29 22:18:09,432 - ERROR - An error occurred while fetching listing 3760862: Message: Tried to run command without establishing a connection

2025-07-29 22:18:09,432 - ERROR - An error occurred while fetching listing 3745115: Message: Tried to run command without establishing a connection

2025-07-29 22:18:09,433 - ERROR - An error occurred while fetching listing 3750794: Message: Tried to run command without establishing a connection

2025-07-29 22:18:09,434 - ERROR - An error occurred while fetching listing 3447746: Message: Tried to run command without establishing a connection

2025-07-29 22:18:09,434 - ERROR - An error occurred while fetching listing 3761691: Message: Tried to run command without establishing a connection

2025-07-29 22:18:09,435 - ERROR - An error occurred while fetching listing 3763190: Message: Tried to run command without establishing a connection

2025-07-29 22:18:09,436 - ERROR - An error occurred while fetching listing 3752750: Message: Tried to run command without establishing a connection

2025-07-29 22:18:09,437 - ERROR - An error occurred while fetching listing 3732211: Message: Tried to run command without establishing a connection

2025-07-29 22:18:09,437 - ERROR - An error occurred while fetching listing 3754580: Message: Tried to run command without establishing a connection

2025-07-29 22:18:09,438 - ERROR - An error occurred while fetching listing 3746733: Message: Tried to run command without establishing a connection

2025-07-29 22:18:09,439 - ERROR - An error occurred while fetching listing 3749490: Message: Tried to run command without establishing a connection

2025-07-29 22:18:09,440 - ERROR - An error occurred while fetching listing 3734449: Message: Tried to run command without establishing a connection

2025-07-29 22:18:09,440 - ERROR - An error occurred while fetching listing 3730576: Message: Tried to run command without establishing a connection

2025-07-29 22:18:09,441 - ERROR - An error occurred while fetching listing 3761963: Message: Tried to run command without establishing a connection

2025-07-29 22:18:09,442 - ERROR - An error occurred while fetching listing 3693071: Message: Tried to run command without establishing a connection

2025-07-29 22:18:09,442 - ERROR - An error occurred while fetching listing 3762148: Message: Tried to run command without establishing a connection

2025-07-29 22:18:09,443 - ERROR - An error occurred while fetching listing 3727461: Message: Tried to run command without establishing a connection

2025-07-29 22:18:09,444 - ERROR - An error occurred while fetching listing 3750217: Message: Tried to run command without establishing a connection

2025-07-29 22:18:09,445 - ERROR - An error occurred while fetching listing 3729592: Message: Tried to run command without establishing a connection

2025-07-29 22:18:09,445 - ERROR - An error occurred while fetching listing 3742820: Message: Tried to run command without establishing a connection

2025-07-29 22:18:09,446 - ERROR - An error occurred while fetching listing 3749825: Message: Tried to run command without establishing a connection

2025-07-29 22:18:09,447 - ERROR - An error occurred while fetching listing 3721477: Message: Tried to run command without establishing a connection

2025-07-29 22:18:09,447 - ERROR - An error occurred while fetching listing 3762237: Message: Tried to run command without establishing a connection

2025-07-29 22:18:09,448 - ERROR - An error occurred while fetching listing 3750637: Message: Tried to run command without establishing a connection

2025-07-29 22:18:09,449 - ERROR - An error occurred while fetching listing 3767226: Message: Tried to run command without establishing a connection

2025-07-29 22:18:09,449 - ERROR - An error occurred while fetching listing 3764162: Message: Tried to run command without establishing a connection

2025-07-29 22:18:09,450 - ERROR - An error occurred while fetching listing 3755305: Message: Tried to run command without establishing a connection

2025-07-29 22:18:09,451 - ERROR - An error occurred while fetching listing 3733248: Message: Tried to run command without establishing a connection

2025-07-29 22:18:09,452 - ERROR - An error occurred while fetching listing 3314473: Message: Tried to run command without establishing a connection

2025-07-29 22:18:09,452 - ERROR - An error occurred while fetching listing 3744975: Message: Tried to run command without establishing a connection

2025-07-29 22:18:09,453 - ERROR - An error occurred while fetching listing 3729038: Message: Tried to run command without establishing a connection

2025-07-29 22:18:09,454 - ERROR - An error occurred while fetching listing 3746240: Message: Tried to run command without establishing a connection

2025-07-29 22:18:09,454 - ERROR - An error occurred while fetching listing 3761421: Message: Tried to run command without establishing a connection

2025-07-29 22:18:09,455 - ERROR - An error occurred while fetching listing 3739444: Message: Tried to run command without establishing a connection

2025-07-29 22:18:09,456 - ERROR - An error occurred while fetching listing 3742437: Message: Tried to run command without establishing a connection

2025-07-29 22:18:09,457 - ERROR - An error occurred while fetching listing 3756579: Message: Tried to run command without establishing a connection

2025-07-29 22:18:09,457 - ERROR - An error occurred while fetching listing 3748220: Message: Tried to run command without establishing a connection

2025-07-29 22:18:09,458 - ERROR - An error occurred while fetching listing 3753228: Message: Tried to run command without establishing a connection

2025-07-29 22:18:09,459 - ERROR - An error occurred while fetching listing 3765016: Message: Tried to run command without establishing a connection

2025-07-29 22:18:09,459 - ERROR - An error occurred while fetching listing 3765348: Message: Tried to run command without establishing a connection

2025-07-29 22:18:09,460 - ERROR - An error occurred while fetching listing 3756466: Message: Tried to run command without establishing a connection

2025-07-29 22:18:09,461 - ERROR - An error occurred while fetching listing 3758204: Message: Tried to run command without establishing a connection

2025-07-29 22:18:09,462 - ERROR - An error occurred while fetching listing 3741371: Message: Tried to run command without establishing a connection

2025-07-29 22:18:09,462 - ERROR - An error occurred while fetching listing 3729524: Message: Tried to run command without establishing a connection

2025-07-29 22:18:09,463 - ERROR - An error occurred while fetching listing 3750193: Message: Tried to run command without establishing a connection

2025-07-29 22:18:09,464 - ERROR - An error occurred while fetching listing 3732835: Message: Tried to run command without establishing a connection

2025-07-29 22:18:09,465 - ERROR - An error occurred while fetching listing 3734567: Message: Tried to run command without establishing a connection

2025-07-29 22:18:09,465 - ERROR - An error occurred while fetching listing 3761493: Message: Tried to run command without establishing a connection

2025-07-29 22:18:09,466 - ERROR - An error occurred while fetching listing 3750090: Message: Tried to run command without establishing a connection

2025-07-29 22:18:09,467 - ERROR - An error occurred while fetching listing 3740016: Message: Tried to run command without establishing a connection

2025-07-29 22:18:09,467 - ERROR - An error occurred while fetching listing 3752661: Message: Tried to run command without establishing a connection

2025-07-29 22:18:09,468 - ERROR - An error occurred while fetching listing 3756951: Message: Tried to run command without establishing a connection

2025-07-29 22:18:09,469 - ERROR - An error occurred while fetching listing 3765580: Message: Tried to run command without establishing a connection

2025-07-29 22:18:09,469 - ERROR - An error occurred while fetching listing 3765602: Message: Tried to run command without establishing a connection

2025-07-29 22:18:09,470 - ERROR - An error occurred while fetching listing 3750642: Message: Tried to run command without establishing a connection

2025-07-29 22:18:09,471 - ERROR - An error occurred while fetching listing 3758271: Message: Tried to run command without establishing a connection

2025-07-29 22:18:09,472 - ERROR - An error occurred while fetching listing 3768308: Message: Tried to run command without establishing a connection

2025-07-29 22:18:09,472 - ERROR - An error occurred while fetching listing 3739854: Message: Tried to run command without establishing a connection

2025-07-29 22:18:09,473 - ERROR - An error occurred while fetching listing 3541358: Message: Tried to run command without establishing a connection

2025-07-29 22:18:09,474 - ERROR - An error occurred while fetching listing 3765406: Message: Tried to run command without establishing a connection

2025-07-29 22:18:09,474 - ERROR - An error occurred while fetching listing 3761951: Message: Tried to run command without establishing a connection

2025-07-29 22:18:09,475 - ERROR - An error occurred while fetching listing 3768148: Message: Tried to run command without establishing a connection

2025-07-29 22:18:09,476 - ERROR - An error occurred while fetching listing 3762657: Message: Tried to run command without establishing a connection

2025-07-29 22:18:09,477 - ERROR - An error occurred while fetching listing 3758116: Message: Tried to run command without establishing a connection

2025-07-29 22:18:09,477 - ERROR - An error occurred while fetching listing 3760030: Message: Tried to run command without establishing a connection

2025-07-29 22:18:09,478 - ERROR - An error occurred while fetching listing 3763102: Message: Tried to run command without establishing a connection

2025-07-29 22:18:09,479 - ERROR - An error occurred while fetching listing 3763573: Message: Tried to run command without establishing a connection

2025-07-29 22:18:09,479 - ERROR - An error occurred while fetching listing 3763716: Message: Tried to run command without establishing a connection

2025-07-29 22:18:09,480 - ERROR - An error occurred while fetching listing 3732747: Message: Tried to run command without establishing a connection

2025-07-29 22:18:09,481 - ERROR - An error occurred while fetching listing 3728116: Message: Tried to run command without establishing a connection

2025-07-29 22:18:09,481 - ERROR - An error occurred while fetching listing 3765332: Message: Tried to run command without establishing a connection

2025-07-29 22:18:09,482 - ERROR - An error occurred while fetching listing 3767911: Message: Tried to run command without establishing a connection

2025-07-29 22:18:09,483 - ERROR - An error occurred while fetching listing 3728259: Message: Tried to run command without establishing a connection

2025-07-29 22:18:09,484 - ERROR - An error occurred while fetching listing 3750529: Message: Tried to run command without establishing a connection

2025-07-29 22:18:09,484 - ERROR - An error occurred while fetching listing 3766575: Message: Tried to run command without establishing a connection

2025-07-29 22:18:09,485 - ERROR - An error occurred while fetching listing 3760641: Message: Tried to run command without establishing a connection

2025-07-29 22:18:09,486 - ERROR - An error occurred while fetching listing 3757040: Message: Tried to run command without establishing a connection

2025-07-29 22:18:09,486 - ERROR - An error occurred while fetching listing 3759816: Message: Tried to run command without establishing a connection

2025-07-29 22:18:09,487 - ERROR - An error occurred while fetching listing 3751233: Message: Tried to run command without establishing a connection

2025-07-29 22:18:09,488 - ERROR - An error occurred while fetching listing 3758206: Message: Tried to run command without establishing a connection

2025-07-29 22:18:09,488 - ERROR - An error occurred while fetching listing 3764765: Message: Tried to run command without establishing a connection

2025-07-29 22:18:09,489 - ERROR - An error occurred while fetching listing 3750317: Message: Tried to run command without establishing a connection

2025-07-29 22:18:09,490 - ERROR - An error occurred while fetching listing 3744664: Message: Tried to run command without establishing a connection

2025-07-29 22:18:09,491 - ERROR - An error occurred while fetching listing 3741640: Message: Tried to run command without establishing a connection

2025-07-29 22:18:09,491 - ERROR - An error occurred while fetching listing 3753221: Message: Tried to run command without establishing a connection

2025-07-29 22:18:09,492 - ERROR - An error occurred while fetching listing 3767975: Message: Tried to run command without establishing a connection

2025-07-29 22:18:09,493 - ERROR - An error occurred while fetching listing 3753166: Message: Tried to run command without establishing a connection

2025-07-29 22:18:09,493 - ERROR - An error occurred while fetching listing 3733458: Message: Tried to run command without establishing a connection

2025-07-29 22:18:09,494 - ERROR - An error occurred while fetching listing 3765862: Message: Tried to run command without establishing a connection

2025-07-29 22:18:09,495 - ERROR - An error occurred while fetching listing 3768011: Message: Tried to run command without establishing a connection

2025-07-29 22:18:09,495 - ERROR - An error occurred while fetching listing 3754277: Message: Tried to run command without establishing a connection

2025-07-29 22:18:09,496 - ERROR - An error occurred while fetching listing 3751343: Message: Tried to run command without establishing a connection

2025-07-29 22:18:09,497 - ERROR - An error occurred while fetching listing 3749607: Message: Tried to run command without establishing a connection

2025-07-29 22:18:09,498 - ERROR - An error occurred while fetching listing 3767342: Message: Tried to run command without establishing a connection

2025-07-29 22:18:09,498 - ERROR - An error occurred while fetching listing 3748611: Message: Tried to run command without establishing a connection

2025-07-29 22:18:09,499 - ERROR - An error occurred while fetching listing 3757403: Message: Tried to run command without establishing a connection

2025-07-29 22:18:09,500 - ERROR - An error occurred while fetching listing 3755336: Message: Tried to run command without establishing a connection

2025-07-29 22:18:09,500 - ERROR - An error occurred while fetching listing 3751225: Message: Tried to run command without establishing a connection

2025-07-29 22:18:09,501 - ERROR - An error occurred while fetching listing 3734476: Message: Tried to run command without establishing a connection

2025-07-29 22:18:09,502 - ERROR - An error occurred while fetching listing 3745399: Message: Tried to run command without establishing a connection

2025-07-29 22:18:09,502 - ERROR - An error occurred while fetching listing 3764760: Message: Tried to run command without establishing a connection

2025-07-29 22:18:09,503 - ERROR - An error occurred while fetching listing 3752238: Message: Tried to run command without establishing a connection

2025-07-29 22:18:09,504 - ERROR - An error occurred while fetching listing 3760494: Message: Tried to run command without establishing a connection

2025-07-29 22:18:09,505 - ERROR - An error occurred while fetching listing 3748869: Message: Tried to run command without establishing a connection

2025-07-29 22:18:09,505 - ERROR - An error occurred while fetching listing 3749285: Message: Tried to run command without establishing a connection

2025-07-29 22:18:09,506 - ERROR - An error occurred while fetching listing 3765486: Message: Tried to run command without establishing a connection

2025-07-29 22:18:09,507 - ERROR - An error occurred while fetching listing 3731991: Message: Tried to run command without establishing a connection

2025-07-29 22:18:09,507 - ERROR - An error occurred while fetching listing 3761709: Message: Tried to run command without establishing a connection

2025-07-29 22:18:09,508 - ERROR - An error occurred while fetching listing 3738033: Message: Tried to run command without establishing a connection

2025-07-29 22:18:09,509 - ERROR - An error occurred while fetching listing 3765407: Message: Tried to run command without establishing a connection

2025-07-29 22:18:09,510 - ERROR - An error occurred while fetching listing 3748549: Message: Tried to run command without establishing a connection

2025-07-29 22:18:09,510 - ERROR - An error occurred while fetching listing 3745790: Message: Tried to run command without establishing a connection

2025-07-29 22:18:09,511 - ERROR - An error occurred while fetching listing 3756899: Message: Tried to run command without establishing a connection

2025-07-29 22:18:09,512 - ERROR - An error occurred while fetching listing 3735773: Message: Tried to run command without establishing a connection

2025-07-29 22:18:09,512 - ERROR - An error occurred while fetching listing 3755868: Message: Tried to run command without establishing a connection

2025-07-29 22:18:09,513 - ERROR - An error occurred while fetching listing 3739565: Message: Tried to run command without establishing a connection

2025-07-29 22:18:09,514 - ERROR - An error occurred while fetching listing 3763678: Message: Tried to run command without establishing a connection

2025-07-29 22:18:09,515 - ERROR - An error occurred while fetching listing 3763128: Message: Tried to run command without establishing a connection

2025-07-29 22:18:09,515 - ERROR - An error occurred while fetching listing 3667726: Message: Tried to run command without establishing a connection

2025-07-29 22:18:09,516 - ERROR - An error occurred while fetching listing 3741369: Message: Tried to run command without establishing a connection

2025-07-29 22:18:09,517 - ERROR - An error occurred while fetching listing 3750520: Message: Tried to run command without establishing a connection

2025-07-29 22:18:09,517 - ERROR - An error occurred while fetching listing 3764887: Message: Tried to run command without establishing a connection

2025-07-29 22:18:09,518 - ERROR - An error occurred while fetching listing 3737905: Message: Tried to run command without establishing a connection

2025-07-29 22:18:09,519 - ERROR - An error occurred while fetching listing 3760357: Message: Tried to run command without establishing a connection

2025-07-29 22:18:09,520 - ERROR - An error occurred while fetching listing 3764379: Message: Tried to run command without establishing a connection

2025-07-29 22:18:09,520 - ERROR - An error occurred while fetching listing 3763007: Message: Tried to run command without establishing a connection

2025-07-29 22:18:09,521 - ERROR - An error occurred while fetching listing 3736280: Message: Tried to run command without establishing a connection

2025-07-29 22:18:09,522 - ERROR - An error occurred while fetching listing 3763046: Message: Tried to run command without establishing a connection

2025-07-29 22:18:09,522 - ERROR - An error occurred while fetching listing 3767483: Message: Tried to run command without establishing a connection

2025-07-29 22:18:09,523 - ERROR - An error occurred while fetching listing 3725607: Message: Tried to run command without establishing a connection

2025-07-29 22:18:09,524 - ERROR - An error occurred while fetching listing 3749352: Message: Tried to run command without establishing a connection

2025-07-29 22:18:09,525 - ERROR - An error occurred while fetching listing 3735368: Message: Tried to run command without establishing a connection

2025-07-29 22:18:09,526 - ERROR - An error occurred while fetching listing 3747836: Message: Tried to run command without establishing a connection

2025-07-29 22:18:09,526 - ERROR - An error occurred while fetching listing 3767498: Message: Tried to run command without establishing a connection

2025-07-29 22:18:09,527 - ERROR - An error occurred while fetching listing 3756504: Message: Tried to run command without establishing a connection

2025-07-29 22:18:09,528 - ERROR - An error occurred while fetching listing 3755774: Message: Tried to run command without establishing a connection

2025-07-29 22:18:09,529 - ERROR - An error occurred while fetching listing 3732652: Message: Tried to run command without establishing a connection

2025-07-29 22:18:09,529 - ERROR - An error occurred while fetching listing 3760995: Message: Tried to run command without establishing a connection

2025-07-29 22:18:09,530 - ERROR - An error occurred while fetching listing 3747458: Message: Tried to run command without establishing a connection

2025-07-29 22:18:09,531 - ERROR - An error occurred while fetching listing 3744257: Message: Tried to run command without establishing a connection

2025-07-29 22:18:09,531 - ERROR - An error occurred while fetching listing 3749911: Message: Tried to run command without establishing a connection

2025-07-29 22:18:09,532 - ERROR - An error occurred while fetching listing 3742959: Message: Tried to run command without establishing a connection

2025-07-29 22:18:09,533 - ERROR - An error occurred while fetching listing 3762943: Message: Tried to run command without establishing a connection

2025-07-29 22:18:09,534 - ERROR - An error occurred while fetching listing 3768277: Message: Tried to run command without establishing a connection

2025-07-29 22:18:09,534 - ERROR - An error occurred while fetching listing 3759356: Message: Tried to run command without establishing a connection

2025-07-29 22:18:09,535 - ERROR - An error occurred while fetching listing 3585261: Message: Tried to run command without establishing a connection

2025-07-29 22:18:09,536 - ERROR - An error occurred while fetching listing 3760193: Message: Tried to run command without establishing a connection

2025-07-29 22:18:09,536 - ERROR - An error occurred while fetching listing 3738672: Message: Tried to run command without establishing a connection

2025-07-29 22:18:09,537 - ERROR - An error occurred while fetching listing 3734185: Message: Tried to run command without establishing a connection

2025-07-29 22:18:09,538 - ERROR - An error occurred while fetching listing 3746765: Message: Tried to run command without establishing a connection

2025-07-29 22:18:09,539 - ERROR - An error occurred while fetching listing 3731883: Message: Tried to run command without establishing a connection

2025-07-29 22:18:09,539 - ERROR - An error occurred while fetching listing 3748731: Message: Tried to run command without establishing a connection

2025-07-29 22:18:09,540 - ERROR - An error occurred while fetching listing 3748763: Message: Tried to run command without establishing a connection

2025-07-29 22:18:09,541 - ERROR - An error occurred while fetching listing 3763239: Message: Tried to run command without establishing a connection

2025-07-29 22:18:09,541 - ERROR - An error occurred while fetching listing 3768015: Message: Tried to run command without establishing a connection

2025-07-29 22:18:09,542 - ERROR - An error occurred while fetching listing 3761288: Message: Tried to run command without establishing a connection

2025-07-29 22:18:09,543 - ERROR - An error occurred while fetching listing 3756081: Message: Tried to run command without establishing a connection

2025-07-29 22:18:09,543 - ERROR - An error occurred while fetching listing 3744201: Message: Tried to run command without establishing a connection

2025-07-29 22:18:09,544 - ERROR - An error occurred while fetching listing 3761251: Message: Tried to run command without establishing a connection

2025-07-29 22:18:09,545 - ERROR - An error occurred while fetching listing 3755321: Message: Tried to run command without establishing a connection

2025-07-29 22:18:09,546 - ERROR - An error occurred while fetching listing 3748693: Message: Tried to run command without establishing a connection

2025-07-29 22:18:09,546 - ERROR - An error occurred while fetching listing 3748623: Message: Tried to run command without establishing a connection

2025-07-29 22:18:09,547 - ERROR - An error occurred while fetching listing 3734280: Message: Tried to run command without establishing a connection

2025-07-29 22:18:09,548 - ERROR - An error occurred while fetching listing 3748070: Message: Tried to run command without establishing a connection

2025-07-29 22:18:09,548 - ERROR - An error occurred while fetching listing 3727707: Message: Tried to run command without establishing a connection

2025-07-29 22:18:09,549 - ERROR - An error occurred while fetching listing 3765975: Message: Tried to run command without establishing a connection

2025-07-29 22:18:09,550 - ERROR - An error occurred while fetching listing 3755795: Message: Tried to run command without establishing a connection

2025-07-29 22:18:09,550 - ERROR - An error occurred while fetching listing 3768041: Message: Tried to run command without establishing a connection

2025-07-29 22:18:09,551 - ERROR - An error occurred while fetching listing 3765022: Message: Tried to run command without establishing a connection

2025-07-29 22:18:09,552 - ERROR - An error occurred while fetching listing 3754782: Message: Tried to run command without establishing a connection

2025-07-29 22:18:09,553 - ERROR - An error occurred while fetching listing 3754914: Message: Tried to run command without establishing a connection

2025-07-29 22:18:09,553 - ERROR - An error occurred while fetching listing 3728926: Message: Tried to run command without establishing a connection

2025-07-29 22:18:09,554 - ERROR - An error occurred while fetching listing 3766364: Message: Tried to run command without establishing a connection

2025-07-29 22:18:09,555 - ERROR - An error occurred while fetching listing 3515304: Message: Tried to run command without establishing a connection

2025-07-29 22:18:09,556 - ERROR - An error occurred while fetching listing 3733653: Message: Tried to run command without establishing a connection

2025-07-29 22:18:09,556 - ERROR - An error occurred while fetching listing 3767236: Message: Tried to run command without establishing a connection

2025-07-29 22:18:09,557 - ERROR - An error occurred while fetching listing 3767099: Message: Tried to run command without establishing a connection

2025-07-29 22:18:09,558 - ERROR - An error occurred while fetching listing 3767088: Message: Tried to run command without establishing a connection

2025-07-29 22:18:09,558 - ERROR - An error occurred while fetching listing 3756513: Message: Tried to run command without establishing a connection

2025-07-29 22:18:09,559 - ERROR - An error occurred while fetching listing 3704762: Message: Tried to run command without establishing a connection

2025-07-29 22:18:09,560 - ERROR - An error occurred while fetching listing 3748309: Message: Tried to run command without establishing a connection

2025-07-29 22:18:09,561 - ERROR - An error occurred while fetching listing 3601247: Message: Tried to run command without establishing a connection

2025-07-29 22:18:09,561 - ERROR - An error occurred while fetching listing 3767818: Message: Tried to run command without establishing a connection

2025-07-29 22:18:09,562 - ERROR - An error occurred while fetching listing 3763360: Message: Tried to run command without establishing a connection

2025-07-29 22:18:09,563 - ERROR - An error occurred while fetching listing 3756503: Message: Tried to run command without establishing a connection

2025-07-29 22:18:09,563 - ERROR - An error occurred while fetching listing 3742429: Message: Tried to run command without establishing a connection

2025-07-29 22:18:09,564 - ERROR - An error occurred while fetching listing 3744479: Message: Tried to run command without establishing a connection

2025-07-29 22:18:09,565 - ERROR - An error occurred while fetching listing 3747310: Message: Tried to run command without establishing a connection

2025-07-29 22:18:09,566 - ERROR - An error occurred while fetching listing 3617338: Message: Tried to run command without establishing a connection

2025-07-29 22:18:09,566 - ERROR - An error occurred while fetching listing 3724875: Message: Tried to run command without establishing a connection

2025-07-29 22:18:09,567 - ERROR - An error occurred while fetching listing 3747120: Message: Tried to run command without establishing a connection

2025-07-29 22:18:09,568 - ERROR - An error occurred while fetching listing 3766024: Message: Tried to run command without establishing a connection

2025-07-29 22:18:09,569 - ERROR - An error occurred while fetching listing 3767656: Message: Tried to run command without establishing a connection

2025-07-29 22:18:09,569 - ERROR - An error occurred while fetching listing 3744113: Message: Tried to run command without establishing a connection

2025-07-29 22:18:09,570 - ERROR - An error occurred while fetching listing 3651020: Message: Tried to run command without establishing a connection

2025-07-29 22:18:09,571 - ERROR - An error occurred while fetching listing 3753089: Message: Tried to run command without establishing a connection

2025-07-29 22:18:09,572 - ERROR - An error occurred while fetching listing 3734217: Message: Tried to run command without establishing a connection

2025-07-29 22:18:09,572 - ERROR - An error occurred while fetching listing 3757545: Message: Tried to run command without establishing a connection

2025-07-29 22:18:09,573 - ERROR - An error occurred while fetching listing 3752196: Message: Tried to run command without establishing a connection

2025-07-29 22:18:09,574 - ERROR - An error occurred while fetching listing 3758198: Message: Tried to run command without establishing a connection

2025-07-29 22:18:09,575 - ERROR - An error occurred while fetching listing 3744436: Message: Tried to run command without establishing a connection

2025-07-29 22:18:09,575 - ERROR - An error occurred while fetching listing 3756500: Message: Tried to run command without establishing a connection

2025-07-29 22:18:09,576 - ERROR - An error occurred while fetching listing 3761697: Message: Tried to run command without establishing a connection

2025-07-29 22:18:09,577 - ERROR - An error occurred while fetching listing 3743976: Message: Tried to run command without establishing a connection

2025-07-29 22:18:09,577 - ERROR - An error occurred while fetching listing 3735398: Message: Tried to run command without establishing a connection

2025-07-29 22:18:09,578 - ERROR - An error occurred while fetching listing 3763727: Message: Tried to run command without establishing a connection

2025-07-29 22:18:09,579 - ERROR - An error occurred while fetching listing 3748883: Message: Tried to run command without establishing a connection

2025-07-29 22:18:09,580 - ERROR - An error occurred while fetching listing 3762246: Message: Tried to run command without establishing a connection

2025-07-29 22:18:09,580 - ERROR - An error occurred while fetching listing 3758203: Message: Tried to run command without establishing a connection

2025-07-29 22:18:09,581 - ERROR - An error occurred while fetching listing 3707562: Message: Tried to run command without establishing a connection

2025-07-29 22:18:09,582 - ERROR - An error occurred while fetching listing 3765023: Message: Tried to run command without establishing a connection

2025-07-29 22:18:09,582 - ERROR - An error occurred while fetching listing 3755699: Message: Tried to run command without establishing a connection

2025-07-29 22:18:09,583 - ERROR - An error occurred while fetching listing 3765108: Message: Tried to run command without establishing a connection

2025-07-29 22:18:09,584 - ERROR - An error occurred while fetching listing 3763521: Message: Tried to run command without establishing a connection

2025-07-29 22:18:09,585 - ERROR - An error occurred while fetching listing 3746270: Message: Tried to run command without establishing a connection

2025-07-29 22:18:09,585 - ERROR - An error occurred while fetching listing 3766207: Message: Tried to run command without establishing a connection

2025-07-29 22:18:09,586 - ERROR - An error occurred while fetching listing 3737130: Message: Tried to run command without establishing a connection

2025-07-29 22:18:09,587 - ERROR - An error occurred while fetching listing 3767837: Message: Tried to run command without establishing a connection

2025-07-29 22:18:09,587 - ERROR - An error occurred while fetching listing 3767760: Message: Tried to run command without establishing a connection

2025-07-29 22:18:09,588 - ERROR - An error occurred while fetching listing 3753829: Message: Tried to run command without establishing a connection

2025-07-29 22:18:09,589 - ERROR - An error occurred while fetching listing 3765029: Message: Tried to run command without establishing a connection

2025-07-29 22:18:09,590 - ERROR - An error occurred while fetching listing 3738148: Message: Tried to run command without establishing a connection

2025-07-29 22:18:09,590 - ERROR - An error occurred while fetching listing 3760836: Message: Tried to run command without establishing a connection

2025-07-29 22:18:09,591 - ERROR - An error occurred while fetching listing 3767506: Message: Tried to run command without establishing a connection

2025-07-29 22:18:09,592 - ERROR - An error occurred while fetching listing 3757534: Message: Tried to run command without establishing a connection

2025-07-29 22:18:09,593 - ERROR - An error occurred while fetching listing 3448410: Message: Tried to run command without establishing a connection

2025-07-29 22:18:09,593 - ERROR - An error occurred while fetching listing 3754634: Message: Tried to run command without establishing a connection

2025-07-29 22:18:09,594 - ERROR - An error occurred while fetching listing 3747640: Message: Tried to run command without establishing a connection

2025-07-29 22:18:09,595 - ERROR - An error occurred while fetching listing 3757944: Message: Tried to run command without establishing a connection

2025-07-29 22:18:09,595 - ERROR - An error occurred while fetching listing 3735158: Message: Tried to run command without establishing a connection

2025-07-29 22:18:09,596 - ERROR - An error occurred while fetching listing 3762016: Message: Tried to run command without establishing a connection

2025-07-29 22:18:09,597 - ERROR - An error occurred while fetching listing 3759364: Message: Tried to run command without establishing a connection

2025-07-29 22:18:09,598 - ERROR - An error occurred while fetching listing 3761773: Message: Tried to run command without establishing a connection

2025-07-29 22:18:09,598 - ERROR - An error occurred while fetching listing 3767989: Message: Tried to run command without establishing a connection

2025-07-29 22:18:09,599 - ERROR - An error occurred while fetching listing 3760728: Message: Tried to run command without establishing a connection

2025-07-29 22:18:09,600 - ERROR - An error occurred while fetching listing 3739616: Message: Tried to run command without establishing a connection

2025-07-29 22:18:09,601 - ERROR - An error occurred while fetching listing 3741242: Message: Tried to run command without establishing a connection

2025-07-29 22:18:09,601 - ERROR - An error occurred while fetching listing 3758669: Message: Tried to run command without establishing a connection

2025-07-29 22:18:09,602 - ERROR - An error occurred while fetching listing 3761806: Message: Tried to run command without establishing a connection

2025-07-29 22:18:09,603 - ERROR - An error occurred while fetching listing 3739117: Message: Tried to run command without establishing a connection

2025-07-29 22:18:09,603 - ERROR - An error occurred while fetching listing 3753835: Message: Tried to run command without establishing a connection

2025-07-29 22:18:09,604 - ERROR - An error occurred while fetching listing 3733175: Message: Tried to run command without establishing a connection

2025-07-29 22:18:09,605 - ERROR - An error occurred while fetching listing 3756854: Message: Tried to run command without establishing a connection

2025-07-29 22:18:09,606 - ERROR - An error occurred while fetching listing 3764668: Message: Tried to run command without establishing a connection

2025-07-29 22:18:09,606 - ERROR - An error occurred while fetching listing 3764679: Message: Tried to run command without establishing a connection

2025-07-29 22:18:09,607 - ERROR - An error occurred while fetching listing 3742854: Message: Tried to run command without establishing a connection

2025-07-29 22:18:09,608 - ERROR - An error occurred while fetching listing 3764879: Message: Tried to run command without establishing a connection

2025-07-29 22:18:09,609 - ERROR - An error occurred while fetching listing 3756076: Message: Tried to run command without establishing a connection

2025-07-29 22:18:09,609 - ERROR - An error occurred while fetching listing 3733971: Message: Tried to run command without establishing a connection

2025-07-29 22:18:09,610 - ERROR - An error occurred while fetching listing 3728712: Message: Tried to run command without establishing a connection

2025-07-29 22:18:09,611 - ERROR - An error occurred while fetching listing 3755661: Message: Tried to run command without establishing a connection

2025-07-29 22:18:09,611 - ERROR - An error occurred while fetching listing 3753187: Message: Tried to run command without establishing a connection

2025-07-29 22:18:09,612 - ERROR - An error occurred while fetching listing 3760353: Message: Tried to run command without establishing a connection

2025-07-29 22:18:09,613 - ERROR - An error occurred while fetching listing 3767556: Message: Tried to run command without establishing a connection

2025-07-29 22:18:09,614 - ERROR - An error occurred while fetching listing 3725300: Message: Tried to run command without establishing a connection

2025-07-29 22:18:09,614 - ERROR - An error occurred while fetching listing 3768213: Message: Tried to run command without establishing a connection

2025-07-29 22:18:09,615 - ERROR - An error occurred while fetching listing 3764073: Message: Tried to run command without establishing a connection

2025-07-29 22:18:09,616 - ERROR - An error occurred while fetching listing 3766284: Message: Tried to run command without establishing a connection

2025-07-29 22:18:09,617 - ERROR - An error occurred while fetching listing 3730254: Message: Tried to run command without establishing a connection

2025-07-29 22:18:09,617 - ERROR - An error occurred while fetching listing 3759796: Message: Tried to run command without establishing a connection

2025-07-29 22:18:09,618 - ERROR - An error occurred while fetching listing 3760656: Message: Tried to run command without establishing a connection

2025-07-29 22:18:09,619 - ERROR - An error occurred while fetching listing 3754380: Message: Tried to run command without establishing a connection

2025-07-29 22:18:09,619 - ERROR - An error occurred while fetching listing 3760711: Message: Tried to run command without establishing a connection

2025-07-29 22:18:09,620 - ERROR - An error occurred while fetching listing 3765257: Message: Tried to run command without establishing a connection

2025-07-29 22:18:09,621 - ERROR - An error occurred while fetching listing 3746133: Message: Tried to run command without establishing a connection

2025-07-29 22:18:09,622 - ERROR - An error occurred while fetching listing 3767256: Message: Tried to run command without establishing a connection

2025-07-29 22:18:09,622 - ERROR - An error occurred while fetching listing 3741008: Message: Tried to run command without establishing a connection

2025-07-29 22:18:09,623 - ERROR - An error occurred while fetching listing 3741477: Message: Tried to run command without establishing a connection

2025-07-29 22:18:09,624 - ERROR - An error occurred while fetching listing 3740531: Message: Tried to run command without establishing a connection

2025-07-29 22:18:09,625 - ERROR - An error occurred while fetching listing 3767216: Message: Tried to run command without establishing a connection

2025-07-29 22:18:09,625 - ERROR - An error occurred while fetching listing 3756502: Message: Tried to run command without establishing a connection

2025-07-29 22:18:09,626 - ERROR - An error occurred while fetching listing 3552566: Message: Tried to run command without establishing a connection

2025-07-29 22:18:09,627 - ERROR - An error occurred while fetching listing 3733424: Message: Tried to run command without establishing a connection

2025-07-29 22:18:09,628 - ERROR - An error occurred while fetching listing 3634913: Message: Tried to run command without establishing a connection

2025-07-29 22:18:09,629 - ERROR - An error occurred while fetching listing 3762095: Message: Tried to run command without establishing a connection

2025-07-29 22:18:09,630 - ERROR - An error occurred while fetching listing 3767322: Message: Tried to run command without establishing a connection

2025-07-29 22:18:09,630 - ERROR - An error occurred while fetching listing 3762934: Message: Tried to run command without establishing a connection

2025-07-29 22:18:09,631 - ERROR - An error occurred while fetching listing 3766455: Message: Tried to run command without establishing a connection

2025-07-29 22:18:09,632 - ERROR - An error occurred while fetching listing 3728199: Message: Tried to run command without establishing a connection

2025-07-29 22:18:09,632 - ERROR - An error occurred while fetching listing 3729409: Message: Tried to run command without establishing a connection

2025-07-29 22:18:09,633 - ERROR - An error occurred while fetching listing 3751666: Message: Tried to run command without establishing a connection

2025-07-29 22:18:09,634 - ERROR - An error occurred while fetching listing 3750668: Message: Tried to run command without establishing a connection

2025-07-29 22:18:09,635 - ERROR - An error occurred while fetching listing 3749003: Message: Tried to run command without establishing a connection

2025-07-29 22:18:09,635 - ERROR - An error occurred while fetching listing 3767489: Message: Tried to run command without establishing a connection

2025-07-29 22:18:09,637 - ERROR - An error occurred while fetching listing 3752413: Message: Tried to run command without establishing a connection

2025-07-29 22:18:09,638 - ERROR - An error occurred while fetching listing 3759190: Message: Tried to run command without establishing a connection

2025-07-29 22:18:09,639 - ERROR - An error occurred while fetching listing 3729579: Message: Tried to run command without establishing a connection

2025-07-29 22:18:09,639 - ERROR - An error occurred while fetching listing 3765997: Message: Tried to run command without establishing a connection

2025-07-29 22:18:09,640 - ERROR - An error occurred while fetching listing 3645079: Message: Tried to run command without establishing a connection

2025-07-29 22:18:09,641 - ERROR - An error occurred while fetching listing 3758644: Message: Tried to run command without establishing a connection

2025-07-29 22:18:09,642 - ERROR - An error occurred while fetching listing 3741776: Message: Tried to run command without establishing a connection

2025-07-29 22:18:09,642 - ERROR - An error occurred while fetching listing 3765260: Message: Tried to run command without establishing a connection

2025-07-29 22:18:09,643 - ERROR - An error occurred while fetching listing 3760222: Message: Tried to run command without establishing a connection

2025-07-29 22:18:09,644 - ERROR - An error occurred while fetching listing 3754078: Message: Tried to run command without establishing a connection

2025-07-29 22:18:09,645 - ERROR - An error occurred while fetching listing 3733217: Message: Tried to run command without establishing a connection

2025-07-29 22:18:09,645 - ERROR - An error occurred while fetching listing 3757599: Message: Tried to run command without establishing a connection

2025-07-29 22:18:09,646 - ERROR - An error occurred while fetching listing 3727093: Message: Tried to run command without establishing a connection

2025-07-29 22:18:09,647 - ERROR - An error occurred while fetching listing 3762866: Message: Tried to run command without establishing a connection

2025-07-29 22:18:09,648 - ERROR - An error occurred while fetching listing 3758645: Message: Tried to run command without establishing a connection

2025-07-29 22:18:09,648 - ERROR - An error occurred while fetching listing 3765520: Message: Tried to run command without establishing a connection

2025-07-29 22:18:09,649 - ERROR - An error occurred while fetching listing 3753362: Message: Tried to run command without establishing a connection

2025-07-29 22:18:09,650 - ERROR - An error occurred while fetching listing 3762564: Message: Tried to run command without establishing a connection

2025-07-29 22:18:09,651 - ERROR - An error occurred while fetching listing 3755627: Message: Tried to run command without establishing a connection

2025-07-29 22:18:09,651 - ERROR - An error occurred while fetching listing 3727131: Message: Tried to run command without establishing a connection

2025-07-29 22:18:09,652 - ERROR - An error occurred while fetching listing 3767097: Message: Tried to run command without establishing a connection

2025-07-29 22:18:09,653 - ERROR - An error occurred while fetching listing 3754067: Message: Tried to run command without establishing a connection

2025-07-29 22:18:09,654 - ERROR - An error occurred while fetching listing 3757274: Message: Tried to run command without establishing a connection

2025-07-29 22:18:09,655 - ERROR - An error occurred while fetching listing 3767925: Message: Tried to run command without establishing a connection

2025-07-29 22:18:09,655 - ERROR - An error occurred while fetching listing 3753556: Message: Tried to run command without establishing a connection

2025-07-29 22:18:09,656 - ERROR - An error occurred while fetching listing 3758404: Message: Tried to run command without establishing a connection

2025-07-29 22:18:09,657 - ERROR - An error occurred while fetching listing 3750482: Message: Tried to run command without establishing a connection

2025-07-29 22:18:09,658 - ERROR - An error occurred while fetching listing 3755374: Message: Tried to run command without establishing a connection

2025-07-29 22:18:09,658 - ERROR - An error occurred while fetching listing 3757615: Message: Tried to run command without establishing a connection

2025-07-29 22:18:09,659 - ERROR - An error occurred while fetching listing 3761535: Message: Tried to run command without establishing a connection

2025-07-29 22:18:09,660 - ERROR - An error occurred while fetching listing 3441125: Message: Tried to run command without establishing a connection

2025-07-29 22:18:09,661 - ERROR - An error occurred while fetching listing 3732139: Message: Tried to run command without establishing a connection

2025-07-29 22:18:09,661 - ERROR - An error occurred while fetching listing 3761389: Message: Tried to run command without establishing a connection

2025-07-29 22:18:09,662 - ERROR - An error occurred while fetching listing 3734887: Message: Tried to run command without establishing a connection

2025-07-29 22:18:09,663 - ERROR - An error occurred while fetching listing 3749209: Message: Tried to run command without establishing a connection

2025-07-29 22:18:09,663 - ERROR - An error occurred while fetching listing 3726356: Message: Tried to run command without establishing a connection

2025-07-29 22:18:09,664 - ERROR - An error occurred while fetching listing 3758058: Message: Tried to run command without establishing a connection

2025-07-29 22:18:09,665 - ERROR - An error occurred while fetching listing 3757268: Message: Tried to run command without establishing a connection

2025-07-29 22:18:09,666 - ERROR - An error occurred while fetching listing 3732010: Message: Tried to run command without establishing a connection

2025-07-29 22:18:09,666 - ERROR - An error occurred while fetching listing 3759466: Message: Tried to run command without establishing a connection

2025-07-29 22:18:09,667 - ERROR - An error occurred while fetching listing 3728530: Message: Tried to run command without establishing a connection

2025-07-29 22:18:09,668 - ERROR - An error occurred while fetching listing 3765887: Message: Tried to run command without establishing a connection

2025-07-29 22:18:09,669 - ERROR - An error occurred while fetching listing 3767281: Message: Tried to run command without establishing a connection

2025-07-29 22:18:09,669 - ERROR - An error occurred while fetching listing 3756949: Message: Tried to run command without establishing a connection

2025-07-29 22:18:09,670 - ERROR - An error occurred while fetching listing 3010018: Message: Tried to run command without establishing a connection

2025-07-29 22:18:09,671 - ERROR - An error occurred while fetching listing 3762879: Message: Tried to run command without establishing a connection

2025-07-29 22:18:09,672 - ERROR - An error occurred while fetching listing 3765732: Message: Tried to run command without establishing a connection

2025-07-29 22:18:09,672 - ERROR - An error occurred while fetching listing 3732030: Message: Tried to run command without establishing a connection

2025-07-29 22:18:09,673 - ERROR - An error occurred while fetching listing 3718785: Message: Tried to run command without establishing a connection

2025-07-29 22:18:09,674 - ERROR - An error occurred while fetching listing 3766113: Message: Tried to run command without establishing a connection

2025-07-29 22:18:09,675 - ERROR - An error occurred while fetching listing 3761531: Message: Tried to run command without establishing a connection

2025-07-29 22:18:09,676 - ERROR - An error occurred while fetching listing 3748751: Message: Tried to run command without establishing a connection

2025-07-29 22:18:09,677 - ERROR - An error occurred while fetching listing 3749255: Message: Tried to run command without establishing a connection

2025-07-29 22:18:09,678 - ERROR - An error occurred while fetching listing 3730473: Message: Tried to run command without establishing a connection

2025-07-29 22:18:09,678 - ERROR - An error occurred while fetching listing 3440801: Message: Tried to run command without establishing a connection

2025-07-29 22:18:09,679 - ERROR - An error occurred while fetching listing 3729969: Message: Tried to run command without establishing a connection

2025-07-29 22:18:09,680 - ERROR - An error occurred while fetching listing 3763107: Message: Tried to run command without establishing a connection

2025-07-29 22:18:09,680 - ERROR - An error occurred while fetching listing 3741639: Message: Tried to run command without establishing a connection

2025-07-29 22:18:09,681 - ERROR - An error occurred while fetching listing 3758866: Message: Tried to run command without establishing a connection

2025-07-29 22:18:09,682 - ERROR - An error occurred while fetching listing 3765779: Message: Tried to run command without establishing a connection

2025-07-29 22:18:09,683 - ERROR - An error occurred while fetching listing 3754460: Message: Tried to run command without establishing a connection

2025-07-29 22:18:09,683 - ERROR - An error occurred while fetching listing 3760757: Message: Tried to run command without establishing a connection

2025-07-29 22:18:09,684 - ERROR - An error occurred while fetching listing 3733274: Message: Tried to run command without establishing a connection

2025-07-29 22:18:09,685 - ERROR - An error occurred while fetching listing 3768090: Message: Tried to run command without establishing a connection

2025-07-29 22:18:09,686 - ERROR - An error occurred while fetching listing 3763262: Message: Tried to run command without establishing a connection

2025-07-29 22:18:09,686 - ERROR - An error occurred while fetching listing 3765972: Message: Tried to run command without establishing a connection

2025-07-29 22:18:09,687 - ERROR - An error occurred while fetching listing 3755218: Message: Tried to run command without establishing a connection

2025-07-29 22:18:09,688 - ERROR - An error occurred while fetching listing 3730308: Message: Tried to run command without establishing a connection

2025-07-29 22:18:09,688 - ERROR - An error occurred while fetching listing 3732483: Message: Tried to run command without establishing a connection

2025-07-29 22:18:09,689 - ERROR - An error occurred while fetching listing 3767581: Message: Tried to run command without establishing a connection

2025-07-29 22:18:09,690 - ERROR - An error occurred while fetching listing 3733594: Message: Tried to run command without establishing a connection

2025-07-29 22:18:09,691 - ERROR - An error occurred while fetching listing 3736538: Message: Tried to run command without establishing a connection

2025-07-29 22:18:09,691 - ERROR - An error occurred while fetching listing 3757113: Message: Tried to run command without establishing a connection

2025-07-29 22:18:09,692 - ERROR - An error occurred while fetching listing 3757497: Message: Tried to run command without establishing a connection

2025-07-29 22:18:09,693 - ERROR - An error occurred while fetching listing 3766592: Message: Tried to run command without establishing a connection

2025-07-29 22:18:09,694 - ERROR - An error occurred while fetching listing 3724425: Message: Tried to run command without establishing a connection

2025-07-29 22:18:09,694 - ERROR - An error occurred while fetching listing 3754747: Message: Tried to run command without establishing a connection

2025-07-29 22:18:09,695 - ERROR - An error occurred while fetching listing 3743283: Message: Tried to run command without establishing a connection

2025-07-29 22:18:09,696 - ERROR - An error occurred while fetching listing 3767856: Message: Tried to run command without establishing a connection

2025-07-29 22:18:09,696 - ERROR - An error occurred while fetching listing 3762537: Message: Tried to run command without establishing a connection

2025-07-29 22:18:09,697 - ERROR - An error occurred while fetching listing 3753939: Message: Tried to run command without establishing a connection

2025-07-29 22:18:09,698 - ERROR - An error occurred while fetching listing 3743517: Message: Tried to run command without establishing a connection

2025-07-29 22:18:09,699 - ERROR - An error occurred while fetching listing 3763993: Message: Tried to run command without establishing a connection

2025-07-29 22:18:09,699 - ERROR - An error occurred while fetching listing 3740547: Message: Tried to run command without establishing a connection

2025-07-29 22:18:09,700 - ERROR - An error occurred while fetching listing 3760717: Message: Tried to run command without establishing a connection

2025-07-29 22:18:09,701 - ERROR - An error occurred while fetching listing 3735744: Message: Tried to run command without establishing a connection

2025-07-29 22:18:09,701 - ERROR - An error occurred while fetching listing 3762402: Message: Tried to run command without establishing a connection

2025-07-29 22:18:09,702 - ERROR - An error occurred while fetching listing 3725402: Message: Tried to run command without establishing a connection

2025-07-29 22:18:09,703 - ERROR - An error occurred while fetching listing 3748196: Message: Tried to run command without establishing a connection

2025-07-29 22:18:09,704 - ERROR - An error occurred while fetching listing 3753596: Message: Tried to run command without establishing a connection

2025-07-29 22:18:09,704 - ERROR - An error occurred while fetching listing 3730661: Message: Tried to run command without establishing a connection

2025-07-29 22:18:09,705 - ERROR - An error occurred while fetching listing 3760920: Message: Tried to run command without establishing a connection

2025-07-29 22:18:09,706 - ERROR - An error occurred while fetching listing 3761674: Message: Tried to run command without establishing a connection

2025-07-29 22:18:09,706 - ERROR - An error occurred while fetching listing 3739195: Message: Tried to run command without establishing a connection

2025-07-29 22:18:09,707 - ERROR - An error occurred while fetching listing 3761426: Message: Tried to run command without establishing a connection

2025-07-29 22:18:09,708 - ERROR - An error occurred while fetching listing 3748510: Message: Tried to run command without establishing a connection

2025-07-29 22:18:09,709 - ERROR - An error occurred while fetching listing 3748759: Message: Tried to run command without establishing a connection

2025-07-29 22:18:09,709 - ERROR - An error occurred while fetching listing 3755325: Message: Tried to run command without establishing a connection

2025-07-29 22:18:09,710 - ERROR - An error occurred while fetching listing 3756983: Message: Tried to run command without establishing a connection

2025-07-29 22:18:09,711 - ERROR - An error occurred while fetching listing 3766759: Message: Tried to run command without establishing a connection

2025-07-29 22:18:09,711 - ERROR - An error occurred while fetching listing 3739596: Message: Tried to run command without establishing a connection

2025-07-29 22:18:09,712 - ERROR - An error occurred while fetching listing 3761309: Message: Tried to run command without establishing a connection

2025-07-29 22:18:09,713 - ERROR - An error occurred while fetching listing 3758878: Message: Tried to run command without establishing a connection

2025-07-29 22:18:09,714 - ERROR - An error occurred while fetching listing 3744799: Message: Tried to run command without establishing a connection

2025-07-29 22:18:09,714 - ERROR - An error occurred while fetching listing 3732676: Message: Tried to run command without establishing a connection

2025-07-29 22:18:09,715 - ERROR - An error occurred while fetching listing 3761823: Message: Tried to run command without establishing a connection

2025-07-29 22:18:09,716 - ERROR - An error occurred while fetching listing 3737591: Message: Tried to run command without establishing a connection

2025-07-29 22:18:09,716 - ERROR - An error occurred while fetching listing 3736614: Message: Tried to run command without establishing a connection

2025-07-29 22:18:09,717 - ERROR - An error occurred while fetching listing 3739196: Message: Tried to run command without establishing a connection

2025-07-29 22:18:09,718 - ERROR - An error occurred while fetching listing 3754335: Message: Tried to run command without establishing a connection

2025-07-29 22:18:09,719 - ERROR - An error occurred while fetching listing 3752405: Message: Tried to run command without establishing a connection

2025-07-29 22:18:09,719 - ERROR - An error occurred while fetching listing 3758839: Message: Tried to run command without establishing a connection

2025-07-29 22:18:09,720 - ERROR - An error occurred while fetching listing 3735139: Message: Tried to run command without establishing a connection

2025-07-29 22:18:09,721 - ERROR - An error occurred while fetching listing 3580485: Message: Tried to run command without establishing a connection

2025-07-29 22:18:09,721 - ERROR - An error occurred while fetching listing 3764444: Message: Tried to run command without establishing a connection

2025-07-29 22:18:09,722 - ERROR - An error occurred while fetching listing 3768583: Message: Tried to run command without establishing a connection

2025-07-29 22:18:09,723 - ERROR - An error occurred while fetching listing 3767306: Message: Tried to run command without establishing a connection

2025-07-29 22:18:09,723 - ERROR - An error occurred while fetching listing 3745586: Message: Tried to run command without establishing a connection

2025-07-29 22:18:09,724 - ERROR - An error occurred while fetching listing 3761394: Message: Tried to run command without establishing a connection

2025-07-29 22:18:09,725 - ERROR - An error occurred while fetching listing 3764653: Message: Tried to run command without establishing a connection

2025-07-29 22:18:09,726 - ERROR - An error occurred while fetching listing 3758165: Message: Tried to run command without establishing a connection

2025-07-29 22:18:09,726 - ERROR - An error occurred while fetching listing 3764722: Message: Tried to run command without establishing a connection

2025-07-29 22:18:09,727 - ERROR - An error occurred while fetching listing 3752583: Message: Tried to run command without establishing a connection

2025-07-29 22:18:09,728 - ERROR - An error occurred while fetching listing 3754260: Message: Tried to run command without establishing a connection

2025-07-29 22:18:09,729 - ERROR - An error occurred while fetching listing 3738431: Message: Tried to run command without establishing a connection

2025-07-29 22:18:09,729 - ERROR - An error occurred while fetching listing 3738322: Message: Tried to run command without establishing a connection

2025-07-29 22:18:09,730 - ERROR - An error occurred while fetching listing 3753241: Message: Tried to run command without establishing a connection

2025-07-29 22:18:09,731 - ERROR - An error occurred while fetching listing 3748155: Message: Tried to run command without establishing a connection

2025-07-29 22:18:09,731 - ERROR - An error occurred while fetching listing 3759489: Message: Tried to run command without establishing a connection

2025-07-29 22:18:09,732 - ERROR - An error occurred while fetching listing 3746103: Message: Tried to run command without establishing a connection

2025-07-29 22:18:09,733 - ERROR - An error occurred while fetching listing 3734690: Message: Tried to run command without establishing a connection

2025-07-29 22:18:09,734 - ERROR - An error occurred while fetching listing 3724357: Message: Tried to run command without establishing a connection

2025-07-29 22:18:09,735 - ERROR - An error occurred while fetching listing 3750399: Message: Tried to run command without establishing a connection

2025-07-29 22:18:09,736 - ERROR - An error occurred while fetching listing 3745117: Message: Tried to run command without establishing a connection

2025-07-29 22:18:09,736 - ERROR - An error occurred while fetching listing 3768568: Message: Tried to run command without establishing a connection

2025-07-29 22:18:09,737 - ERROR - An error occurred while fetching listing 3767050: Message: Tried to run command without establishing a connection

2025-07-29 22:18:09,738 - ERROR - An error occurred while fetching listing 3748689: Message: Tried to run command without establishing a connection

2025-07-29 22:18:09,738 - ERROR - An error occurred while fetching listing 3758341: Message: Tried to run command without establishing a connection

2025-07-29 22:18:09,739 - ERROR - An error occurred while fetching listing 3542607: Message: Tried to run command without establishing a connection

2025-07-29 22:18:09,740 - ERROR - An error occurred while fetching listing 3763277: Message: Tried to run command without establishing a connection

2025-07-29 22:18:09,741 - ERROR - An error occurred while fetching listing 3724142: Message: Tried to run command without establishing a connection

2025-07-29 22:18:09,742 - ERROR - An error occurred while fetching listing 3739188: Message: Tried to run command without establishing a connection

2025-07-29 22:18:09,742 - ERROR - An error occurred while fetching listing 3738847: Message: Tried to run command without establishing a connection

2025-07-29 22:18:09,743 - ERROR - An error occurred while fetching listing 3760078: Message: Tried to run command without establishing a connection

2025-07-29 22:18:09,744 - ERROR - An error occurred while fetching listing 3761447: Message: Tried to run command without establishing a connection

2025-07-29 22:18:09,744 - ERROR - An error occurred while fetching listing 3765717: Message: Tried to run command without establishing a connection

2025-07-29 22:18:09,745 - ERROR - An error occurred while fetching listing 3741336: Message: Tried to run command without establishing a connection

2025-07-29 22:18:09,746 - ERROR - An error occurred while fetching listing 3739406: Message: Tried to run command without establishing a connection

2025-07-29 22:18:09,746 - ERROR - An error occurred while fetching listing 3752857: Message: Tried to run command without establishing a connection

2025-07-29 22:18:09,747 - ERROR - An error occurred while fetching listing 3765517: Message: Tried to run command without establishing a connection

2025-07-29 22:18:09,748 - ERROR - An error occurred while fetching listing 3767211: Message: Tried to run command without establishing a connection

2025-07-29 22:18:09,748 - ERROR - An error occurred while fetching listing 3731928: Message: Tried to run command without establishing a connection

2025-07-29 22:18:09,749 - ERROR - An error occurred while fetching listing 3741344: Message: Tried to run command without establishing a connection

2025-07-29 22:18:09,750 - ERROR - An error occurred while fetching listing 3742229: Message: Tried to run command without establishing a connection

2025-07-29 22:18:09,751 - ERROR - An error occurred while fetching listing 3755322: Message: Tried to run command without establishing a connection

2025-07-29 22:18:09,751 - ERROR - An error occurred while fetching listing 3744134: Message: Tried to run command without establishing a connection

2025-07-29 22:18:09,752 - ERROR - An error occurred while fetching listing 3744375: Message: Tried to run command without establishing a connection

2025-07-29 22:18:09,753 - ERROR - An error occurred while fetching listing 3726220: Message: Tried to run command without establishing a connection

2025-07-29 22:18:09,754 - ERROR - An error occurred while fetching listing 3766852: Message: Tried to run command without establishing a connection

2025-07-29 22:18:09,754 - ERROR - An error occurred while fetching listing 3733377: Message: Tried to run command without establishing a connection

2025-07-29 22:18:09,755 - ERROR - An error occurred while fetching listing 3731901: Message: Tried to run command without establishing a connection

2025-07-29 22:18:09,756 - ERROR - An error occurred while fetching listing 3752085: Message: Tried to run command without establishing a connection

2025-07-29 22:18:09,757 - ERROR - An error occurred while fetching listing 3765976: Message: Tried to run command without establishing a connection

2025-07-29 22:18:09,757 - ERROR - An error occurred while fetching listing 3755317: Message: Tried to run command without establishing a connection

2025-07-29 22:18:09,758 - ERROR - An error occurred while fetching listing 3758448: Message: Tried to run command without establishing a connection

2025-07-29 22:18:09,759 - ERROR - An error occurred while fetching listing 3746468: Message: Tried to run command without establishing a connection

2025-07-29 22:18:09,759 - ERROR - An error occurred while fetching listing 3763752: Message: Tried to run command without establishing a connection

2025-07-29 22:18:09,760 - ERROR - An error occurred while fetching listing 3751092: Message: Tried to run command without establishing a connection

2025-07-29 22:18:09,761 - ERROR - An error occurred while fetching listing 3767859: Message: Tried to run command without establishing a connection

2025-07-29 22:18:09,762 - ERROR - An error occurred while fetching listing 3762850: Message: Tried to run command without establishing a connection

2025-07-29 22:18:09,762 - ERROR - An error occurred while fetching listing 3755806: Message: Tried to run command without establishing a connection

2025-07-29 22:18:09,763 - ERROR - An error occurred while fetching listing 3740912: Message: Tried to run command without establishing a connection

2025-07-29 22:18:09,764 - ERROR - An error occurred while fetching listing 3760051: Message: Tried to run command without establishing a connection

2025-07-29 22:18:09,765 - ERROR - An error occurred while fetching listing 3747296: Message: Tried to run command without establishing a connection

2025-07-29 22:18:09,765 - ERROR - An error occurred while fetching listing 3761786: Message: Tried to run command without establishing a connection

2025-07-29 22:18:09,766 - ERROR - An error occurred while fetching listing 3751608: Message: Tried to run command without establishing a connection

2025-07-29 22:18:09,767 - ERROR - An error occurred while fetching listing 3755641: Message: Tried to run command without establishing a connection

2025-07-29 22:18:09,767 - ERROR - An error occurred while fetching listing 3761459: Message: Tried to run command without establishing a connection

2025-07-29 22:18:09,768 - ERROR - An error occurred while fetching listing 3743470: Message: Tried to run command without establishing a connection

2025-07-29 22:18:09,769 - ERROR - An error occurred while fetching listing 3727607: Message: Tried to run command without establishing a connection

2025-07-29 22:18:09,770 - ERROR - An error occurred while fetching listing 3749239: Message: Tried to run command without establishing a connection

2025-07-29 22:18:09,770 - ERROR - An error occurred while fetching listing 3762718: Message: Tried to run command without establishing a connection

2025-07-29 22:18:09,771 - ERROR - An error occurred while fetching listing 3383092: Message: Tried to run command without establishing a connection

2025-07-29 22:18:09,772 - ERROR - An error occurred while fetching listing 3756095: Message: Tried to run command without establishing a connection

2025-07-29 22:18:09,772 - ERROR - An error occurred while fetching listing 3757189: Message: Tried to run command without establishing a connection

2025-07-29 22:18:09,773 - ERROR - An error occurred while fetching listing 3757567: Message: Tried to run command without establishing a connection

2025-07-29 22:18:09,774 - ERROR - An error occurred while fetching listing 3768022: Message: Tried to run command without establishing a connection

2025-07-29 22:18:09,775 - ERROR - An error occurred while fetching listing 3737667: Message: Tried to run command without establishing a connection

2025-07-29 22:18:09,775 - ERROR - An error occurred while fetching listing 3726443: Message: Tried to run command without establishing a connection

2025-07-29 22:18:09,776 - ERROR - An error occurred while fetching listing 3729865: Message: Tried to run command without establishing a connection

2025-07-29 22:18:09,777 - ERROR - An error occurred while fetching listing 3759343: Message: Tried to run command without establishing a connection

2025-07-29 22:18:09,777 - ERROR - An error occurred while fetching listing 3754243: Message: Tried to run command without establishing a connection

2025-07-29 22:18:09,778 - ERROR - An error occurred while fetching listing 3757559: Message: Tried to run command without establishing a connection

2025-07-29 22:18:09,779 - ERROR - An error occurred while fetching listing 3732757: Message: Tried to run command without establishing a connection

2025-07-29 22:18:09,780 - ERROR - An error occurred while fetching listing 3762192: Message: Tried to run command without establishing a connection

2025-07-29 22:18:09,780 - ERROR - An error occurred while fetching listing 3763348: Message: Tried to run command without establishing a connection

2025-07-29 22:18:09,781 - ERROR - An error occurred while fetching listing 3726405: Message: Tried to run command without establishing a connection

2025-07-29 22:18:09,782 - ERROR - An error occurred while fetching listing 3746156: Message: Tried to run command without establishing a connection

2025-07-29 22:18:09,782 - ERROR - An error occurred while fetching listing 3751284: Message: Tried to run command without establishing a connection

2025-07-29 22:18:09,783 - ERROR - An error occurred while fetching listing 3724471: Message: Tried to run command without establishing a connection

2025-07-29 22:18:09,784 - ERROR - An error occurred while fetching listing 3759619: Message: Tried to run command without establishing a connection

2025-07-29 22:18:09,785 - ERROR - An error occurred while fetching listing 3763169: Message: Tried to run command without establishing a connection

2025-07-29 22:18:09,785 - ERROR - An error occurred while fetching listing 3755872: Message: Tried to run command without establishing a connection

2025-07-29 22:18:09,786 - ERROR - An error occurred while fetching listing 3750128: Message: Tried to run command without establishing a connection

2025-07-29 22:18:09,787 - ERROR - An error occurred while fetching listing 3764137: Message: Tried to run command without establishing a connection

2025-07-29 22:18:09,788 - ERROR - An error occurred while fetching listing 3755038: Message: Tried to run command without establishing a connection

2025-07-29 22:18:09,788 - ERROR - An error occurred while fetching listing 3765200: Message: Tried to run command without establishing a connection

2025-07-29 22:18:09,789 - ERROR - An error occurred while fetching listing 3760569: Message: Tried to run command without establishing a connection

2025-07-29 22:18:09,790 - ERROR - An error occurred while fetching listing 3732132: Message: Tried to run command without establishing a connection

2025-07-29 22:18:09,790 - ERROR - An error occurred while fetching listing 3739109: Message: Tried to run command without establishing a connection

2025-07-29 22:18:09,791 - ERROR - An error occurred while fetching listing 3767110: Message: Tried to run command without establishing a connection

2025-07-29 22:18:09,792 - ERROR - An error occurred while fetching listing 3758569: Message: Tried to run command without establishing a connection

2025-07-29 22:18:09,792 - ERROR - An error occurred while fetching listing 3751203: Message: Tried to run command without establishing a connection

2025-07-29 22:18:09,793 - ERROR - An error occurred while fetching listing 3767203: Message: Tried to run command without establishing a connection

2025-07-29 22:18:09,794 - ERROR - An error occurred while fetching listing 3747035: Message: Tried to run command without establishing a connection

2025-07-29 22:18:09,795 - ERROR - An error occurred while fetching listing 3743854: Message: Tried to run command without establishing a connection

2025-07-29 22:18:09,795 - ERROR - An error occurred while fetching listing 3753305: Message: Tried to run command without establishing a connection

2025-07-29 22:18:09,796 - ERROR - An error occurred while fetching listing 3759941: Message: Tried to run command without establishing a connection

2025-07-29 22:18:09,797 - ERROR - An error occurred while fetching listing 3767651: Message: Tried to run command without establishing a connection

2025-07-29 22:18:09,797 - ERROR - An error occurred while fetching listing 3752381: Message: Tried to run command without establishing a connection

2025-07-29 22:18:09,798 - ERROR - An error occurred while fetching listing 3743339: Message: Tried to run command without establishing a connection

2025-07-29 22:18:09,799 - ERROR - An error occurred while fetching listing 3767138: Message: Tried to run command without establishing a connection

2025-07-29 22:18:09,800 - ERROR - An error occurred while fetching listing 3733646: Message: Tried to run command without establishing a connection

2025-07-29 22:18:09,800 - ERROR - An error occurred while fetching listing 3763020: Message: Tried to run command without establishing a connection

2025-07-29 22:18:09,801 - ERROR - An error occurred while fetching listing 3763033: Message: Tried to run command without establishing a connection

2025-07-29 22:18:09,802 - ERROR - An error occurred while fetching listing 3727559: Message: Tried to run command without establishing a connection

2025-07-29 22:18:09,802 - ERROR - An error occurred while fetching listing 3761580: Message: Tried to run command without establishing a connection

2025-07-29 22:18:09,803 - ERROR - An error occurred while fetching listing 3735947: Message: Tried to run command without establishing a connection

2025-07-29 22:18:09,804 - ERROR - An error occurred while fetching listing 3748436: Message: Tried to run command without establishing a connection

2025-07-29 22:18:09,805 - ERROR - An error occurred while fetching listing 3752813: Message: Tried to run command without establishing a connection

2025-07-29 22:18:09,805 - ERROR - An error occurred while fetching listing 3732197: Message: Tried to run command without establishing a connection

2025-07-29 22:18:09,806 - ERROR - An error occurred while fetching listing 3746568: Message: Tried to run command without establishing a connection

2025-07-29 22:18:09,807 - ERROR - An error occurred while fetching listing 3733120: Message: Tried to run command without establishing a connection

2025-07-29 22:18:09,808 - ERROR - An error occurred while fetching listing 3742171: Message: Tried to run command without establishing a connection

2025-07-29 22:18:09,808 - ERROR - An error occurred while fetching listing 3724615: Message: Tried to run command without establishing a connection

2025-07-29 22:18:09,809 - ERROR - An error occurred while fetching listing 3738644: Message: Tried to run command without establishing a connection

2025-07-29 22:18:09,810 - ERROR - An error occurred while fetching listing 3724929: Message: Tried to run command without establishing a connection

2025-07-29 22:18:09,810 - ERROR - An error occurred while fetching listing 3447864: Message: Tried to run command without establishing a connection

2025-07-29 22:18:09,811 - ERROR - An error occurred while fetching listing 3750086: Message: Tried to run command without establishing a connection

2025-07-29 22:18:09,812 - ERROR - An error occurred while fetching listing 3724874: Message: Tried to run command without establishing a connection

2025-07-29 22:18:09,813 - ERROR - An error occurred while fetching listing 3759447: Message: Tried to run command without establishing a connection

2025-07-29 22:18:09,813 - ERROR - An error occurred while fetching listing 3728708: Message: Tried to run command without establishing a connection

2025-07-29 22:18:09,814 - ERROR - An error occurred while fetching listing 3726465: Message: Tried to run command without establishing a connection

2025-07-29 22:18:09,815 - ERROR - An error occurred while fetching listing 3739853: Message: Tried to run command without establishing a connection

2025-07-29 22:18:09,815 - ERROR - An error occurred while fetching listing 3767563: Message: Tried to run command without establishing a connection

2025-07-29 22:18:09,816 - ERROR - An error occurred while fetching listing 3735888: Message: Tried to run command without establishing a connection

2025-07-29 22:18:09,817 - ERROR - An error occurred while fetching listing 3758275: Message: Tried to run command without establishing a connection

2025-07-29 22:18:09,818 - ERROR - An error occurred while fetching listing 3743606: Message: Tried to run command without establishing a connection

2025-07-29 22:18:09,818 - ERROR - An error occurred while fetching listing 3732883: Message: Tried to run command without establishing a connection

2025-07-29 22:18:09,819 - ERROR - An error occurred while fetching listing 3766577: Message: Tried to run command without establishing a connection

2025-07-29 22:18:09,820 - ERROR - An error occurred while fetching listing 3761771: Message: Tried to run command without establishing a connection

2025-07-29 22:18:09,820 - ERROR - An error occurred while fetching listing 3729487: Message: Tried to run command without establishing a connection

2025-07-29 22:18:09,821 - ERROR - An error occurred while fetching listing 3732156: Message: Tried to run command without establishing a connection

2025-07-29 22:18:09,822 - ERROR - An error occurred while fetching listing 3513174: Message: Tried to run command without establishing a connection

2025-07-29 22:18:09,823 - ERROR - An error occurred while fetching listing 3758652: Message: Tried to run command without establishing a connection

2025-07-29 22:18:09,823 - ERROR - An error occurred while fetching listing 3727191: Message: Tried to run command without establishing a connection

2025-07-29 22:18:09,824 - ERROR - An error occurred while fetching listing 3758823: Message: Tried to run command without establishing a connection

2025-07-29 22:18:09,825 - ERROR - An error occurred while fetching listing 3750867: Message: Tried to run command without establishing a connection

2025-07-29 22:18:09,825 - ERROR - An error occurred while fetching listing 3744204: Message: Tried to run command without establishing a connection

2025-07-29 22:18:09,826 - ERROR - An error occurred while fetching listing 3757561: Message: Tried to run command without establishing a connection

2025-07-29 22:18:09,827 - ERROR - An error occurred while fetching listing 3766554: Message: Tried to run command without establishing a connection

2025-07-29 22:18:09,828 - ERROR - An error occurred while fetching listing 3767493: Message: Tried to run command without establishing a connection

2025-07-29 22:18:09,828 - ERROR - An error occurred while fetching listing 3757151: Message: Tried to run command without establishing a connection

2025-07-29 22:18:09,829 - ERROR - An error occurred while fetching listing 3743867: Message: Tried to run command without establishing a connection

2025-07-29 22:18:09,830 - ERROR - An error occurred while fetching listing 3756860: Message: Tried to run command without establishing a connection

2025-07-29 22:18:09,830 - ERROR - An error occurred while fetching listing 3764111: Message: Tried to run command without establishing a connection

2025-07-29 22:18:09,831 - ERROR - An error occurred while fetching listing 3766388: Message: Tried to run command without establishing a connection

2025-07-29 22:18:09,832 - ERROR - An error occurred while fetching listing 3755337: Message: Tried to run command without establishing a connection

2025-07-29 22:18:09,833 - ERROR - An error occurred while fetching listing 3764329: Message: Tried to run command without establishing a connection

2025-07-29 22:18:09,833 - ERROR - An error occurred while fetching listing 3757323: Message: Tried to run command without establishing a connection

2025-07-29 22:18:09,834 - ERROR - An error occurred while fetching listing 3651377: Message: Tried to run command without establishing a connection

2025-07-29 22:18:09,835 - ERROR - An error occurred while fetching listing 3744077: Message: Tried to run command without establishing a connection

2025-07-29 22:18:09,835 - ERROR - An error occurred while fetching listing 3732189: Message: Tried to run command without establishing a connection

2025-07-29 22:18:09,836 - ERROR - An error occurred while fetching listing 3742483: Message: Tried to run command without establishing a connection

2025-07-29 22:18:09,837 - ERROR - An error occurred while fetching listing 3747822: Message: Tried to run command without establishing a connection

2025-07-29 22:18:09,837 - ERROR - An error occurred while fetching listing 3739740: Message: Tried to run command without establishing a connection

2025-07-29 22:18:09,838 - ERROR - An error occurred while fetching listing 3738268: Message: Tried to run command without establishing a connection

2025-07-29 22:18:09,839 - ERROR - An error occurred while fetching listing 3768396: Message: Tried to run command without establishing a connection

2025-07-29 22:18:09,840 - ERROR - An error occurred while fetching listing 3736429: Message: Tried to run command without establishing a connection

2025-07-29 22:18:09,840 - ERROR - An error occurred while fetching listing 3764328: Message: Tried to run command without establishing a connection

2025-07-29 22:18:09,841 - ERROR - An error occurred while fetching listing 3739669: Message: Tried to run command without establishing a connection

2025-07-29 22:18:09,842 - ERROR - An error occurred while fetching listing 3742594: Message: Tried to run command without establishing a connection

2025-07-29 22:18:09,843 - ERROR - An error occurred while fetching listing 3758949: Message: Tried to run command without establishing a connection

2025-07-29 22:18:09,843 - ERROR - An error occurred while fetching listing 3757520: Message: Tried to run command without establishing a connection

2025-07-29 22:18:09,844 - ERROR - An error occurred while fetching listing 3741829: Message: Tried to run command without establishing a connection

2025-07-29 22:18:09,845 - ERROR - An error occurred while fetching listing 3732233: Message: Tried to run command without establishing a connection

2025-07-29 22:18:09,845 - ERROR - An error occurred while fetching listing 3747538: Message: Tried to run command without establishing a connection

2025-07-29 22:18:09,846 - ERROR - An error occurred while fetching listing 3762059: Message: Tried to run command without establishing a connection

2025-07-29 22:18:09,847 - ERROR - An error occurred while fetching listing 3726345: Message: Tried to run command without establishing a connection

2025-07-29 22:18:09,848 - ERROR - An error occurred while fetching listing 3762495: Message: Tried to run command without establishing a connection

2025-07-29 22:18:09,848 - ERROR - An error occurred while fetching listing 3730258: Message: Tried to run command without establishing a connection

2025-07-29 22:18:09,849 - ERROR - An error occurred while fetching listing 3759880: Message: Tried to run command without establishing a connection

2025-07-29 22:18:09,850 - ERROR - An error occurred while fetching listing 3748205: Message: Tried to run command without establishing a connection

2025-07-29 22:18:09,850 - ERROR - An error occurred while fetching listing 3763289: Message: Tried to run command without establishing a connection

2025-07-29 22:18:09,851 - ERROR - An error occurred while fetching listing 3747907: Message: Tried to run command without establishing a connection

2025-07-29 22:18:09,852 - ERROR - An error occurred while fetching listing 3768071: Message: Tried to run command without establishing a connection

2025-07-29 22:18:09,853 - ERROR - An error occurred while fetching listing 3748595: Message: Tried to run command without establishing a connection

2025-07-29 22:18:09,853 - ERROR - An error occurred while fetching listing 3739625: Message: Tried to run command without establishing a connection

2025-07-29 22:18:09,854 - ERROR - An error occurred while fetching listing 3750975: Message: Tried to run command without establishing a connection

2025-07-29 22:18:09,855 - ERROR - An error occurred while fetching listing 3751632: Message: Tried to run command without establishing a connection

2025-07-29 22:18:09,855 - ERROR - An error occurred while fetching listing 3755739: Message: Tried to run command without establishing a connection

2025-07-29 22:18:09,856 - ERROR - An error occurred while fetching listing 3732823: Message: Tried to run command without establishing a connection

2025-07-29 22:18:09,857 - ERROR - An error occurred while fetching listing 3751524: Message: Tried to run command without establishing a connection

2025-07-29 22:18:09,857 - ERROR - An error occurred while fetching listing 3740105: Message: Tried to run command without establishing a connection

2025-07-29 22:18:09,858 - ERROR - An error occurred while fetching listing 3764136: Message: Tried to run command without establishing a connection

2025-07-29 22:18:09,859 - ERROR - An error occurred while fetching listing 3755472: Message: Tried to run command without establishing a connection

2025-07-29 22:18:09,860 - ERROR - An error occurred while fetching listing 3763851: Message: Tried to run command without establishing a connection

2025-07-29 22:18:09,860 - ERROR - An error occurred while fetching listing 3764385: Message: Tried to run command without establishing a connection

2025-07-29 22:18:09,861 - ERROR - An error occurred while fetching listing 3764582: Message: Tried to run command without establishing a connection

2025-07-29 22:18:09,862 - ERROR - An error occurred while fetching listing 3739994: Message: Tried to run command without establishing a connection

2025-07-29 22:18:09,863 - ERROR - An error occurred while fetching listing 3746056: Message: Tried to run command without establishing a connection

2025-07-29 22:18:09,863 - ERROR - An error occurred while fetching listing 3766621: Message: Tried to run command without establishing a connection

2025-07-29 22:18:09,864 - ERROR - An error occurred while fetching listing 3758225: Message: Tried to run command without establishing a connection

2025-07-29 22:18:09,865 - ERROR - An error occurred while fetching listing 3765153: Message: Tried to run command without establishing a connection

2025-07-29 22:18:09,865 - ERROR - An error occurred while fetching listing 3766175: Message: Tried to run command without establishing a connection

2025-07-29 22:18:09,866 - ERROR - An error occurred while fetching listing 3732540: Message: Tried to run command without establishing a connection

2025-07-29 22:18:09,867 - ERROR - An error occurred while fetching listing 3765851: Message: Tried to run command without establishing a connection

2025-07-29 22:18:09,868 - ERROR - An error occurred while fetching listing 3754077: Message: Tried to run command without establishing a connection

2025-07-29 22:18:09,868 - ERROR - An error occurred while fetching listing 3765310: Message: Tried to run command without establishing a connection

2025-07-29 22:18:09,869 - ERROR - An error occurred while fetching listing 3767504: Message: Tried to run command without establishing a connection

2025-07-29 22:18:09,870 - ERROR - An error occurred while fetching listing 3768602: Message: Tried to run command without establishing a connection

2025-07-29 22:18:09,870 - ERROR - An error occurred while fetching listing 3757438: Message: Tried to run command without establishing a connection

2025-07-29 22:18:09,871 - ERROR - An error occurred while fetching listing 3741021: Message: Tried to run command without establishing a connection

2025-07-29 22:18:09,872 - ERROR - An error occurred while fetching listing 3755413: Message: Tried to run command without establishing a connection

2025-07-29 22:18:09,873 - ERROR - An error occurred while fetching listing 3733982: Message: Tried to run command without establishing a connection

2025-07-29 22:18:09,873 - ERROR - An error occurred while fetching listing 3742608: Message: Tried to run command without establishing a connection

2025-07-29 22:18:09,874 - ERROR - An error occurred while fetching listing 3755489: Message: Tried to run command without establishing a connection

2025-07-29 22:18:09,875 - ERROR - An error occurred while fetching listing 3749301: Message: Tried to run command without establishing a connection

2025-07-29 22:18:09,875 - ERROR - An error occurred while fetching listing 3742435: Message: Tried to run command without establishing a connection

2025-07-29 22:18:09,876 - ERROR - An error occurred while fetching listing 3450018: Message: Tried to run command without establishing a connection

2025-07-29 22:18:09,877 - ERROR - An error occurred while fetching listing 3752917: Message: Tried to run command without establishing a connection

2025-07-29 22:18:09,878 - ERROR - An error occurred while fetching listing 3743383: Message: Tried to run command without establishing a connection

2025-07-29 22:18:09,878 - ERROR - An error occurred while fetching listing 3763337: Message: Tried to run command without establishing a connection

2025-07-29 22:18:09,879 - ERROR - An error occurred while fetching listing 3731406: Message: Tried to run command without establishing a connection

2025-07-29 22:18:09,880 - ERROR - An error occurred while fetching listing 3741744: Message: Tried to run command without establishing a connection

2025-07-29 22:18:09,880 - ERROR - An error occurred while fetching listing 3761422: Message: Tried to run command without establishing a connection

2025-07-29 22:18:09,881 - ERROR - An error occurred while fetching listing 3740526: Message: Tried to run command without establishing a connection

2025-07-29 22:18:09,882 - ERROR - An error occurred while fetching listing 3762830: Message: Tried to run command without establishing a connection

2025-07-29 22:18:09,883 - ERROR - An error occurred while fetching listing 3741226: Message: Tried to run command without establishing a connection

2025-07-29 22:18:09,883 - ERROR - An error occurred while fetching listing 3739123: Message: Tried to run command without establishing a connection

2025-07-29 22:18:09,884 - ERROR - An error occurred while fetching listing 3732789: Message: Tried to run command without establishing a connection

2025-07-29 22:18:09,885 - ERROR - An error occurred while fetching listing 3761011: Message: Tried to run command without establishing a connection

2025-07-29 22:18:09,885 - ERROR - An error occurred while fetching listing 3762526: Message: Tried to run command without establishing a connection

2025-07-29 22:18:09,886 - ERROR - An error occurred while fetching listing 3768432: Message: Tried to run command without establishing a connection

2025-07-29 22:18:09,887 - ERROR - An error occurred while fetching listing 3737990: Message: Tried to run command without establishing a connection

2025-07-29 22:18:09,888 - ERROR - An error occurred while fetching listing 3761867: Message: Tried to run command without establishing a connection

2025-07-29 22:18:09,888 - ERROR - An error occurred while fetching listing 3742656: Message: Tried to run command without establishing a connection

2025-07-29 22:18:09,889 - ERROR - An error occurred while fetching listing 3732877: Message: Tried to run command without establishing a connection

2025-07-29 22:18:09,890 - ERROR - An error occurred while fetching listing 3744839: Message: Tried to run command without establishing a connection

2025-07-29 22:18:09,890 - ERROR - An error occurred while fetching listing 3765867: Message: Tried to run command without establishing a connection

2025-07-29 22:18:09,891 - ERROR - An error occurred while fetching listing 3759830: Message: Tried to run command without establishing a connection

2025-07-29 22:18:09,892 - ERROR - An error occurred while fetching listing 3736162: Message: Tried to run command without establishing a connection

2025-07-29 22:18:09,893 - ERROR - An error occurred while fetching listing 3768173: Message: Tried to run command without establishing a connection

2025-07-29 22:18:09,893 - ERROR - An error occurred while fetching listing 3732240: Message: Tried to run command without establishing a connection

2025-07-29 22:18:09,894 - ERROR - An error occurred while fetching listing 2588396: Message: Tried to run command without establishing a connection

2025-07-29 22:18:09,895 - ERROR - An error occurred while fetching listing 3742319: Message: Tried to run command without establishing a connection

2025-07-29 22:18:09,895 - ERROR - An error occurred while fetching listing 3764766: Message: Tried to run command without establishing a connection

2025-07-29 22:18:09,896 - ERROR - An error occurred while fetching listing 3745811: Message: Tried to run command without establishing a connection

2025-07-29 22:18:09,897 - ERROR - An error occurred while fetching listing 3755771: Message: Tried to run command without establishing a connection

2025-07-29 22:18:09,898 - ERROR - An error occurred while fetching listing 3756321: Message: Tried to run command without establishing a connection

2025-07-29 22:18:09,898 - ERROR - An error occurred while fetching listing 3768387: Message: Tried to run command without establishing a connection

2025-07-29 22:18:09,899 - ERROR - An error occurred while fetching listing 3768197: Message: Tried to run command without establishing a connection

2025-07-29 22:18:09,900 - ERROR - An error occurred while fetching listing 3749498: Message: Tried to run command without establishing a connection

2025-07-29 22:18:09,900 - ERROR - An error occurred while fetching listing 3758541: Message: Tried to run command without establishing a connection

2025-07-29 22:18:09,901 - ERROR - An error occurred while fetching listing 3754554: Message: Tried to run command without establishing a connection

2025-07-29 22:18:09,902 - ERROR - An error occurred while fetching listing 3763124: Message: Tried to run command without establishing a connection

2025-07-29 22:18:09,903 - ERROR - An error occurred while fetching listing 3735675: Message: Tried to run command without establishing a connection

2025-07-29 22:18:09,903 - ERROR - An error occurred while fetching listing 3754104: Message: Tried to run command without establishing a connection

2025-07-29 22:18:09,904 - ERROR - An error occurred while fetching listing 3755268: Message: Tried to run command without establishing a connection

2025-07-29 22:18:09,905 - ERROR - An error occurred while fetching listing 3762429: Message: Tried to run command without establishing a connection

2025-07-29 22:18:09,906 - ERROR - An error occurred while fetching listing 3729520: Message: Tried to run command without establishing a connection

2025-07-29 22:18:09,906 - ERROR - An error occurred while fetching listing 3738506: Message: Tried to run command without establishing a connection

2025-07-29 22:18:09,907 - ERROR - An error occurred while fetching listing 3754989: Message: Tried to run command without establishing a connection

2025-07-29 22:18:09,908 - ERROR - An error occurred while fetching listing 3759408: Message: Tried to run command without establishing a connection

2025-07-29 22:18:09,908 - ERROR - An error occurred while fetching listing 3731621: Message: Tried to run command without establishing a connection

2025-07-29 22:18:09,909 - ERROR - An error occurred while fetching listing 3748331: Message: Tried to run command without establishing a connection

2025-07-29 22:18:09,910 - ERROR - An error occurred while fetching listing 3762188: Message: Tried to run command without establishing a connection

2025-07-29 22:18:09,910 - ERROR - An error occurred while fetching listing 3740483: Message: Tried to run command without establishing a connection

2025-07-29 22:18:09,911 - ERROR - An error occurred while fetching listing 3748665: Message: Tried to run command without establishing a connection

2025-07-29 22:18:09,912 - ERROR - An error occurred while fetching listing 3757266: Message: Tried to run command without establishing a connection

2025-07-29 22:18:09,913 - ERROR - An error occurred while fetching listing 3767124: Message: Tried to run command without establishing a connection

2025-07-29 22:18:09,913 - ERROR - An error occurred while fetching listing 3746357: Message: Tried to run command without establishing a connection

2025-07-29 22:18:09,914 - ERROR - An error occurred while fetching listing 3764368: Message: Tried to run command without establishing a connection

2025-07-29 22:18:09,915 - ERROR - An error occurred while fetching listing 3751009: Message: Tried to run command without establishing a connection

2025-07-29 22:18:09,915 - ERROR - An error occurred while fetching listing 3750012: Message: Tried to run command without establishing a connection

2025-07-29 22:18:09,916 - ERROR - An error occurred while fetching listing 3762509: Message: Tried to run command without establishing a connection

2025-07-29 22:18:09,917 - ERROR - An error occurred while fetching listing 3763694: Message: Tried to run command without establishing a connection

2025-07-29 22:18:09,918 - ERROR - An error occurred while fetching listing 3767186: Message: Tried to run command without establishing a connection

2025-07-29 22:18:09,918 - ERROR - An error occurred while fetching listing 3762990: Message: Tried to run command without establishing a connection

2025-07-29 22:18:09,919 - ERROR - An error occurred while fetching listing 3631838: Message: Tried to run command without establishing a connection

2025-07-29 22:18:09,920 - ERROR - An error occurred while fetching listing 3639605: Message: Tried to run command without establishing a connection

2025-07-29 22:18:09,920 - ERROR - An error occurred while fetching listing 3766593: Message: Tried to run command without establishing a connection

2025-07-29 22:18:09,921 - ERROR - An error occurred while fetching listing 3767452: Message: Tried to run command without establishing a connection

2025-07-29 22:18:09,922 - ERROR - An error occurred while fetching listing 3755331: Message: Tried to run command without establishing a connection

2025-07-29 22:18:09,923 - ERROR - An error occurred while fetching listing 3766941: Message: Tried to run command without establishing a connection

2025-07-29 22:18:09,923 - ERROR - An error occurred while fetching listing 3763986: Message: Tried to run command without establishing a connection

2025-07-29 22:18:09,924 - ERROR - An error occurred while fetching listing 3760933: Message: Tried to run command without establishing a connection

2025-07-29 22:18:09,925 - ERROR - An error occurred while fetching listing 3757492: Message: Tried to run command without establishing a connection

2025-07-29 22:18:09,926 - ERROR - An error occurred while fetching listing 3765912: Message: Tried to run command without establishing a connection

2025-07-29 22:18:09,926 - ERROR - An error occurred while fetching listing 3728763: Message: Tried to run command without establishing a connection

2025-07-29 22:18:09,927 - ERROR - An error occurred while fetching listing 3733064: Message: Tried to run command without establishing a connection

2025-07-29 22:18:09,928 - ERROR - An error occurred while fetching listing 3763340: Message: Tried to run command without establishing a connection

2025-07-29 22:18:09,928 - ERROR - An error occurred while fetching listing 3759582: Message: Tried to run command without establishing a connection

2025-07-29 22:18:09,929 - ERROR - An error occurred while fetching listing 3759154: Message: Tried to run command without establishing a connection

2025-07-29 22:18:09,930 - ERROR - An error occurred while fetching listing 3737369: Message: Tried to run command without establishing a connection

2025-07-29 22:18:09,930 - ERROR - An error occurred while fetching listing 3759769: Message: Tried to run command without establishing a connection

2025-07-29 22:18:09,931 - ERROR - An error occurred while fetching listing 3742015: Message: Tried to run command without establishing a connection

2025-07-29 22:18:09,932 - ERROR - An error occurred while fetching listing 3759473: Message: Tried to run command without establishing a connection

2025-07-29 22:18:09,933 - ERROR - An error occurred while fetching listing 3741360: Message: Tried to run command without establishing a connection

2025-07-29 22:18:09,933 - ERROR - An error occurred while fetching listing 3755333: Message: Tried to run command without establishing a connection

2025-07-29 22:18:09,934 - ERROR - An error occurred while fetching listing 3768446: Message: Tried to run command without establishing a connection

2025-07-29 22:18:09,935 - ERROR - An error occurred while fetching listing 3747348: Message: Tried to run command without establishing a connection

2025-07-29 22:18:09,935 - ERROR - An error occurred while fetching listing 3748271: Message: Tried to run command without establishing a connection

2025-07-29 22:18:09,936 - ERROR - An error occurred while fetching listing 3750608: Message: Tried to run command without establishing a connection

2025-07-29 22:18:09,937 - ERROR - An error occurred while fetching listing 3751962: Message: Tried to run command without establishing a connection

2025-07-29 22:18:09,938 - ERROR - An error occurred while fetching listing 3735546: Message: Tried to run command without establishing a connection

2025-07-29 22:18:09,938 - ERROR - An error occurred while fetching listing 3757770: Message: Tried to run command without establishing a connection

2025-07-29 22:18:09,939 - ERROR - An error occurred while fetching listing 3736307: Message: Tried to run command without establishing a connection

2025-07-29 22:18:09,940 - ERROR - An error occurred while fetching listing 3738485: Message: Tried to run command without establishing a connection

2025-07-29 22:18:09,940 - ERROR - An error occurred while fetching listing 3756113: Message: Tried to run command without establishing a connection

2025-07-29 22:18:09,941 - ERROR - An error occurred while fetching listing 3753948: Message: Tried to run command without establishing a connection

2025-07-29 22:18:09,942 - ERROR - An error occurred while fetching listing 3763685: Message: Tried to run command without establishing a connection

2025-07-29 22:18:09,943 - ERROR - An error occurred while fetching listing 3746307: Message: Tried to run command without establishing a connection

2025-07-29 22:18:09,943 - ERROR - An error occurred while fetching listing 3741274: Message: Tried to run command without establishing a connection

2025-07-29 22:18:09,944 - ERROR - An error occurred while fetching listing 3747078: Message: Tried to run command without establishing a connection

2025-07-29 22:18:09,945 - ERROR - An error occurred while fetching listing 3759109: Message: Tried to run command without establishing a connection

2025-07-29 22:18:09,945 - ERROR - An error occurred while fetching listing 3735840: Message: Tried to run command without establishing a connection

2025-07-29 22:18:09,946 - ERROR - An error occurred while fetching listing 3756130: Message: Tried to run command without establishing a connection

2025-07-29 22:18:09,947 - ERROR - An error occurred while fetching listing 3748369: Message: Tried to run command without establishing a connection

2025-07-29 22:18:09,948 - ERROR - An error occurred while fetching listing 3760866: Message: Tried to run command without establishing a connection

2025-07-29 22:18:09,948 - ERROR - An error occurred while fetching listing 3735617: Message: Tried to run command without establishing a connection

2025-07-29 22:18:09,949 - ERROR - An error occurred while fetching listing 3762629: Message: Tried to run command without establishing a connection

2025-07-29 22:18:09,950 - ERROR - An error occurred while fetching listing 3768229: Message: Tried to run command without establishing a connection

2025-07-29 22:18:09,950 - ERROR - An error occurred while fetching listing 3764704: Message: Tried to run command without establishing a connection

2025-07-29 22:18:09,951 - ERROR - An error occurred while fetching listing 3606148: Message: Tried to run command without establishing a connection

2025-07-29 22:18:09,952 - ERROR - An error occurred while fetching listing 3761295: Message: Tried to run command without establishing a connection

2025-07-29 22:18:09,953 - ERROR - An error occurred while fetching listing 3661745: Message: Tried to run command without establishing a connection

2025-07-29 22:18:09,953 - ERROR - An error occurred while fetching listing 3743213: Message: Tried to run command without establishing a connection

2025-07-29 22:18:09,954 - ERROR - An error occurred while fetching listing 3733152: Message: Tried to run command without establishing a connection

2025-07-29 22:18:09,955 - ERROR - An error occurred while fetching listing 3725219: Message: Tried to run command without establishing a connection

2025-07-29 22:18:09,955 - ERROR - An error occurred while fetching listing 3763536: Message: Tried to run command without establishing a connection

2025-07-29 22:18:09,956 - ERROR - An error occurred while fetching listing 3756722: Message: Tried to run command without establishing a connection

2025-07-29 22:18:09,957 - ERROR - An error occurred while fetching listing 3738295: Message: Tried to run command without establishing a connection

2025-07-29 22:18:09,958 - ERROR - An error occurred while fetching listing 3761647: Message: Tried to run command without establishing a connection

2025-07-29 22:18:09,958 - ERROR - An error occurred while fetching listing 3762618: Message: Tried to run command without establishing a connection

2025-07-29 22:18:09,959 - ERROR - An error occurred while fetching listing 3764485: Message: Tried to run command without establishing a connection

2025-07-29 22:18:09,960 - ERROR - An error occurred while fetching listing 3765498: Message: Tried to run command without establishing a connection

2025-07-29 22:18:09,960 - ERROR - An error occurred while fetching listing 3759252: Message: Tried to run command without establishing a connection

2025-07-29 22:18:09,961 - ERROR - An error occurred while fetching listing 3751013: Message: Tried to run command without establishing a connection

2025-07-29 22:18:09,962 - ERROR - An error occurred while fetching listing 3758161: Message: Tried to run command without establishing a connection

2025-07-29 22:18:09,963 - ERROR - An error occurred while fetching listing 3757833: Message: Tried to run command without establishing a connection

2025-07-29 22:18:09,963 - ERROR - An error occurred while fetching listing 3736723: Message: Tried to run command without establishing a connection

2025-07-29 22:18:09,964 - ERROR - An error occurred while fetching listing 3762054: Message: Tried to run command without establishing a connection

2025-07-29 22:18:09,965 - ERROR - An error occurred while fetching listing 3766096: Message: Tried to run command without establishing a connection

2025-07-29 22:18:09,966 - ERROR - An error occurred while fetching listing 3743102: Message: Tried to run command without establishing a connection

2025-07-29 22:18:09,966 - ERROR - An error occurred while fetching listing 3761999: Message: Tried to run command without establishing a connection

2025-07-29 22:18:09,967 - ERROR - An error occurred while fetching listing 3768032: Message: Tried to run command without establishing a connection

2025-07-29 22:18:09,968 - ERROR - An error occurred while fetching listing 3767655: Message: Tried to run command without establishing a connection

2025-07-29 22:18:09,969 - ERROR - An error occurred while fetching listing 3753551: Message: Tried to run command without establishing a connection

2025-07-29 22:18:09,970 - ERROR - An error occurred while fetching listing 3643613: Message: Tried to run command without establishing a connection

2025-07-29 22:18:09,971 - ERROR - An error occurred while fetching listing 3764828: Message: Tried to run command without establishing a connection

2025-07-29 22:18:09,972 - ERROR - An error occurred while fetching listing 3729425: Message: Tried to run command without establishing a connection

2025-07-29 22:18:09,972 - ERROR - An error occurred while fetching listing 3734432: Message: Tried to run command without establishing a connection

2025-07-29 22:18:09,973 - ERROR - An error occurred while fetching listing 3765484: Message: Tried to run command without establishing a connection

2025-07-29 22:18:09,974 - ERROR - An error occurred while fetching listing 3745496: Message: Tried to run command without establishing a connection

2025-07-29 22:18:09,975 - ERROR - An error occurred while fetching listing 3765800: Message: Tried to run command without establishing a connection

2025-07-29 22:18:09,976 - ERROR - An error occurred while fetching listing 3745717: Message: Tried to run command without establishing a connection

2025-07-29 22:18:09,976 - ERROR - An error occurred while fetching listing 3756822: Message: Tried to run command without establishing a connection

2025-07-29 22:18:09,977 - ERROR - An error occurred while fetching listing 3761009: Message: Tried to run command without establishing a connection

2025-07-29 22:18:09,978 - ERROR - An error occurred while fetching listing 3648407: Message: Tried to run command without establishing a connection

2025-07-29 22:18:09,979 - ERROR - An error occurred while fetching listing 3768587: Message: Tried to run command without establishing a connection

2025-07-29 22:18:09,980 - ERROR - An error occurred while fetching listing 3752379: Message: Tried to run command without establishing a connection

2025-07-29 22:18:09,980 - ERROR - An error occurred while fetching listing 3759188: Message: Tried to run command without establishing a connection

2025-07-29 22:18:09,981 - ERROR - An error occurred while fetching listing 3756308: Message: Tried to run command without establishing a connection

2025-07-29 22:18:09,982 - ERROR - An error occurred while fetching listing 3742857: Message: Tried to run command without establishing a connection

2025-07-29 22:18:09,982 - ERROR - An error occurred while fetching listing 3742340: Message: Tried to run command without establishing a connection

2025-07-29 22:18:09,983 - ERROR - An error occurred while fetching listing 3758594: Message: Tried to run command without establishing a connection

2025-07-29 22:18:09,984 - ERROR - An error occurred while fetching listing 3755575: Message: Tried to run command without establishing a connection

2025-07-29 22:18:09,985 - ERROR - An error occurred while fetching listing 3739115: Message: Tried to run command without establishing a connection

2025-07-29 22:18:09,986 - ERROR - An error occurred while fetching listing 3759637: Message: Tried to run command without establishing a connection

2025-07-29 22:18:09,987 - ERROR - An error occurred while fetching listing 3731427: Message: Tried to run command without establishing a connection

2025-07-29 22:18:09,987 - ERROR - An error occurred while fetching listing 3752330: Message: Tried to run command without establishing a connection

2025-07-29 22:18:09,988 - ERROR - An error occurred while fetching listing 3728520: Message: Tried to run command without establishing a connection

2025-07-29 22:18:09,989 - ERROR - An error occurred while fetching listing 3749512: Message: Tried to run command without establishing a connection

2025-07-29 22:18:09,990 - ERROR - An error occurred while fetching listing 3732020: Message: Tried to run command without establishing a connection

2025-07-29 22:18:09,991 - ERROR - An error occurred while fetching listing 3750135: Message: Tried to run command without establishing a connection

2025-07-29 22:18:09,991 - ERROR - An error occurred while fetching listing 3756482: Message: Tried to run command without establishing a connection

2025-07-29 22:18:09,992 - ERROR - An error occurred while fetching listing 3745560: Message: Tried to run command without establishing a connection

2025-07-29 22:18:09,993 - ERROR - An error occurred while fetching listing 3753251: Message: Tried to run command without establishing a connection

2025-07-29 22:18:09,993 - ERROR - An error occurred while fetching listing 3742411: Message: Tried to run command without establishing a connection

2025-07-29 22:18:09,994 - ERROR - An error occurred while fetching listing 3754304: Message: Tried to run command without establishing a connection

2025-07-29 22:18:09,995 - ERROR - An error occurred while fetching listing 3761124: Message: Tried to run command without establishing a connection

2025-07-29 22:18:09,996 - ERROR - An error occurred while fetching listing 3745587: Message: Tried to run command without establishing a connection

2025-07-29 22:18:09,997 - ERROR - An error occurred while fetching listing 3755813: Message: Tried to run command without establishing a connection

2025-07-29 22:18:09,997 - ERROR - An error occurred while fetching listing 3532564: Message: Tried to run command without establishing a connection

2025-07-29 22:18:09,998 - ERROR - An error occurred while fetching listing 3729488: Message: Tried to run command without establishing a connection

2025-07-29 22:18:09,999 - ERROR - An error occurred while fetching listing 3766704: Message: Tried to run command without establishing a connection

2025-07-29 22:18:10,000 - ERROR - An error occurred while fetching listing 3762703: Message: Tried to run command without establishing a connection

2025-07-29 22:18:10,001 - ERROR - An error occurred while fetching listing 3732762: Message: Tried to run command without establishing a connection

2025-07-29 22:18:10,002 - ERROR - An error occurred while fetching listing 3759538: Message: Tried to run command without establishing a connection

2025-07-29 22:18:10,002 - ERROR - An error occurred while fetching listing 3764673: Message: Tried to run command without establishing a connection

2025-07-29 22:18:10,003 - ERROR - An error occurred while fetching listing 3732499: Message: Tried to run command without establishing a connection

2025-07-29 22:18:10,004 - ERROR - An error occurred while fetching listing 3758507: Message: Tried to run command without establishing a connection

2025-07-29 22:18:10,004 - ERROR - An error occurred while fetching listing 3768445: Message: Tried to run command without establishing a connection

2025-07-29 22:18:10,005 - ERROR - An error occurred while fetching listing 3746316: Message: Tried to run command without establishing a connection

2025-07-29 22:18:10,006 - ERROR - An error occurred while fetching listing 3765268: Message: Tried to run command without establishing a connection

2025-07-29 22:18:10,006 - ERROR - An error occurred while fetching listing 3745708: Message: Tried to run command without establishing a connection

2025-07-29 22:18:10,007 - ERROR - An error occurred while fetching listing 3740088: Message: Tried to run command without establishing a connection

2025-07-29 22:18:10,008 - ERROR - An error occurred while fetching listing 3766859: Message: Tried to run command without establishing a connection

2025-07-29 22:18:10,008 - ERROR - An error occurred while fetching listing 3754073: Message: Tried to run command without establishing a connection

2025-07-29 22:18:10,009 - ERROR - An error occurred while fetching listing 3742544: Message: Tried to run command without establishing a connection

2025-07-29 22:18:10,010 - ERROR - An error occurred while fetching listing 3758734: Message: Tried to run command without establishing a connection

2025-07-29 22:18:10,011 - ERROR - An error occurred while fetching listing 3739046: Message: Tried to run command without establishing a connection

2025-07-29 22:18:10,012 - ERROR - An error occurred while fetching listing 3729148: Message: Tried to run command without establishing a connection

2025-07-29 22:18:10,012 - ERROR - An error occurred while fetching listing 3763600: Message: Tried to run command without establishing a connection

2025-07-29 22:18:10,013 - ERROR - An error occurred while fetching listing 3763400: Message: Tried to run command without establishing a connection

2025-07-29 22:18:10,014 - ERROR - An error occurred while fetching listing 3724461: Message: Tried to run command without establishing a connection

2025-07-29 22:18:10,014 - ERROR - An error occurred while fetching listing 3763023: Message: Tried to run command without establishing a connection

2025-07-29 22:18:10,015 - ERROR - An error occurred while fetching listing 3760341: Message: Tried to run command without establishing a connection

2025-07-29 22:18:10,016 - ERROR - An error occurred while fetching listing 3759684: Message: Tried to run command without establishing a connection

2025-07-29 22:18:10,017 - ERROR - An error occurred while fetching listing 3553686: Message: Tried to run command without establishing a connection

2025-07-29 22:18:10,018 - ERROR - An error occurred while fetching listing 3749929: Message: Tried to run command without establishing a connection

2025-07-29 22:18:10,018 - ERROR - An error occurred while fetching listing 3764257: Message: Tried to run command without establishing a connection

2025-07-29 22:18:10,019 - ERROR - An error occurred while fetching listing 3654445: Message: Tried to run command without establishing a connection

2025-07-29 22:18:10,020 - ERROR - An error occurred while fetching listing 3734231: Message: Tried to run command without establishing a connection

2025-07-29 22:18:10,021 - ERROR - An error occurred while fetching listing 3749359: Message: Tried to run command without establishing a connection

2025-07-29 22:18:10,021 - ERROR - An error occurred while fetching listing 3749583: Message: Tried to run command without establishing a connection

2025-07-29 22:18:10,022 - ERROR - An error occurred while fetching listing 3724104: Message: Tried to run command without establishing a connection

2025-07-29 22:18:10,023 - ERROR - An error occurred while fetching listing 3750292: Message: Tried to run command without establishing a connection

2025-07-29 22:18:10,023 - ERROR - An error occurred while fetching listing 3765391: Message: Tried to run command without establishing a connection

2025-07-29 22:18:10,024 - ERROR - An error occurred while fetching listing 3734462: Message: Tried to run command without establishing a connection

2025-07-29 22:18:10,025 - ERROR - An error occurred while fetching listing 3728760: Message: Tried to run command without establishing a connection

2025-07-29 22:18:10,026 - ERROR - An error occurred while fetching listing 3762384: Message: Tried to run command without establishing a connection

2025-07-29 22:18:10,027 - ERROR - An error occurred while fetching listing 3594884: Message: Tried to run command without establishing a connection

2025-07-29 22:18:10,027 - ERROR - An error occurred while fetching listing 3672698: Message: Tried to run command without establishing a connection

2025-07-29 22:18:10,028 - ERROR - An error occurred while fetching listing 3670997: Message: Tried to run command without establishing a connection

2025-07-29 22:18:10,029 - ERROR - An error occurred while fetching listing 3754777: Message: Tried to run command without establishing a connection

2025-07-29 22:18:10,030 - ERROR - An error occurred while fetching listing 3764931: Message: Tried to run command without establishing a connection

2025-07-29 22:18:10,031 - ERROR - An error occurred while fetching listing 3744966: Message: Tried to run command without establishing a connection

2025-07-29 22:18:10,032 - ERROR - An error occurred while fetching listing 3737357: Message: Tried to run command without establishing a connection

2025-07-29 22:18:10,033 - ERROR - An error occurred while fetching listing 3743121: Message: Tried to run command without establishing a connection

2025-07-29 22:18:10,033 - ERROR - An error occurred while fetching listing 3767228: Message: Tried to run command without establishing a connection

2025-07-29 22:18:10,034 - ERROR - An error occurred while fetching listing 3768151: Message: Tried to run command without establishing a connection

2025-07-29 22:18:10,035 - ERROR - An error occurred while fetching listing 3747566: Message: Tried to run command without establishing a connection

2025-07-29 22:18:10,036 - ERROR - An error occurred while fetching listing 3755294: Message: Tried to run command without establishing a connection

2025-07-29 22:18:10,036 - ERROR - An error occurred while fetching listing 3755233: Message: Tried to run command without establishing a connection

2025-07-29 22:18:10,037 - ERROR - An error occurred while fetching listing 3760463: Message: Tried to run command without establishing a connection

2025-07-29 22:18:10,038 - ERROR - An error occurred while fetching listing 3764854: Message: Tried to run command without establishing a connection

2025-07-29 22:18:10,039 - ERROR - An error occurred while fetching listing 3767982: Message: Tried to run command without establishing a connection

2025-07-29 22:18:10,040 - ERROR - An error occurred while fetching listing 3760999: Message: Tried to run command without establishing a connection

2025-07-29 22:18:10,041 - ERROR - An error occurred while fetching listing 3748323: Message: Tried to run command without establishing a connection

2025-07-29 22:18:10,041 - ERROR - An error occurred while fetching listing 3731335: Message: Tried to run command without establishing a connection

2025-07-29 22:18:10,042 - ERROR - An error occurred while fetching listing 3755634: Message: Tried to run command without establishing a connection

2025-07-29 22:18:10,043 - ERROR - An error occurred while fetching listing 3762326: Message: Tried to run command without establishing a connection

2025-07-29 22:18:10,043 - ERROR - An error occurred while fetching listing 3752922: Message: Tried to run command without establishing a connection

2025-07-29 22:18:10,044 - ERROR - An error occurred while fetching listing 3753116: Message: Tried to run command without establishing a connection

2025-07-29 22:18:10,045 - ERROR - An error occurred while fetching listing 3742440: Message: Tried to run command without establishing a connection

2025-07-29 22:18:10,046 - ERROR - An error occurred while fetching listing 3765236: Message: Tried to run command without establishing a connection

2025-07-29 22:18:10,046 - ERROR - An error occurred while fetching listing 3755590: Message: Tried to run command without establishing a connection

2025-07-29 22:18:10,047 - ERROR - An error occurred while fetching listing 3745947: Message: Tried to run command without establishing a connection

2025-07-29 22:18:10,048 - ERROR - An error occurred while fetching listing 3767083: Message: Tried to run command without establishing a connection

2025-07-29 22:18:10,049 - ERROR - An error occurred while fetching listing 3764391: Message: Tried to run command without establishing a connection

2025-07-29 22:18:10,050 - ERROR - An error occurred while fetching listing 3736426: Message: Tried to run command without establishing a connection

2025-07-29 22:18:10,050 - ERROR - An error occurred while fetching listing 3758294: Message: Tried to run command without establishing a connection

2025-07-29 22:18:10,051 - ERROR - An error occurred while fetching listing 3731858: Message: Tried to run command without establishing a connection

2025-07-29 22:18:10,052 - ERROR - An error occurred while fetching listing 3766181: Message: Tried to run command without establishing a connection

2025-07-29 22:18:10,052 - ERROR - An error occurred while fetching listing 3727839: Message: Tried to run command without establishing a connection

2025-07-29 22:18:10,053 - ERROR - An error occurred while fetching listing 3726802: Message: Tried to run command without establishing a connection

2025-07-29 22:18:10,054 - ERROR - An error occurred while fetching listing 3753162: Message: Tried to run command without establishing a connection

2025-07-29 22:18:10,055 - ERROR - An error occurred while fetching listing 3759159: Message: Tried to run command without establishing a connection

2025-07-29 22:18:10,056 - ERROR - An error occurred while fetching listing 3762418: Message: Tried to run command without establishing a connection

2025-07-29 22:18:10,057 - ERROR - An error occurred while fetching listing 3755039: Message: Tried to run command without establishing a connection

2025-07-29 22:18:10,057 - ERROR - An error occurred while fetching listing 3750781: Message: Tried to run command without establishing a connection

2025-07-29 22:18:10,058 - ERROR - An error occurred while fetching listing 3734050: Message: Tried to run command without establishing a connection

2025-07-29 22:18:10,059 - ERROR - An error occurred while fetching listing 3763947: Message: Tried to run command without establishing a connection

2025-07-29 22:18:10,060 - ERROR - An error occurred while fetching listing 3729989: Message: Tried to run command without establishing a connection

2025-07-29 22:18:10,061 - ERROR - An error occurred while fetching listing 3758840: Message: Tried to run command without establishing a connection

2025-07-29 22:18:10,062 - ERROR - An error occurred while fetching listing 3767895: Message: Tried to run command without establishing a connection

2025-07-29 22:18:10,063 - ERROR - An error occurred while fetching listing 3761149: Message: Tried to run command without establishing a connection

2025-07-29 22:18:10,063 - ERROR - An error occurred while fetching listing 3745702: Message: Tried to run command without establishing a connection

2025-07-29 22:18:10,064 - ERROR - An error occurred while fetching listing 3729512: Message: Tried to run command without establishing a connection

2025-07-29 22:18:10,065 - ERROR - An error occurred while fetching listing 3762496: Message: Tried to run command without establishing a connection

2025-07-29 22:18:10,066 - ERROR - An error occurred while fetching listing 3754488: Message: Tried to run command without establishing a connection

2025-07-29 22:18:10,067 - ERROR - An error occurred while fetching listing 3724066: Message: Tried to run command without establishing a connection

2025-07-29 22:18:10,068 - ERROR - An error occurred while fetching listing 3762921: Message: Tried to run command without establishing a connection

2025-07-29 22:18:10,069 - ERROR - An error occurred while fetching listing 3755943: Message: Tried to run command without establishing a connection

2025-07-29 22:18:10,070 - ERROR - An error occurred while fetching listing 3757038: Message: Tried to run command without establishing a connection

2025-07-29 22:18:10,071 - ERROR - An error occurred while fetching listing 3751275: Message: Tried to run command without establishing a connection

2025-07-29 22:18:10,071 - ERROR - An error occurred while fetching listing 3766086: Message: Tried to run command without establishing a connection

2025-07-29 22:18:10,072 - ERROR - An error occurred while fetching listing 3751705: Message: Tried to run command without establishing a connection

2025-07-29 22:18:10,073 - ERROR - An error occurred while fetching listing 3748117: Message: Tried to run command without establishing a connection

2025-07-29 22:18:10,074 - ERROR - An error occurred while fetching listing 3750033: Message: Tried to run command without establishing a connection

2025-07-29 22:18:10,075 - ERROR - An error occurred while fetching listing 3730632: Message: Tried to run command without establishing a connection

2025-07-29 22:18:10,075 - ERROR - An error occurred while fetching listing 3766738: Message: Tried to run command without establishing a connection

2025-07-29 22:18:10,076 - ERROR - An error occurred while fetching listing 3759064: Message: Tried to run command without establishing a connection

2025-07-29 22:18:10,077 - ERROR - An error occurred while fetching listing 3738462: Message: Tried to run command without establishing a connection

2025-07-29 22:18:10,078 - ERROR - An error occurred while fetching listing 3111501: Message: Tried to run command without establishing a connection

2025-07-29 22:18:10,079 - ERROR - An error occurred while fetching listing 3736453: Message: Tried to run command without establishing a connection

2025-07-29 22:18:10,079 - ERROR - An error occurred while fetching listing 3762006: Message: Tried to run command without establishing a connection

2025-07-29 22:18:10,080 - ERROR - An error occurred while fetching listing 3766874: Message: Tried to run command without establishing a connection

2025-07-29 22:18:10,081 - ERROR - An error occurred while fetching listing 3755342: Message: Tried to run command without establishing a connection

2025-07-29 22:18:10,082 - ERROR - An error occurred while fetching listing 3739582: Message: Tried to run command without establishing a connection

2025-07-29 22:18:10,083 - ERROR - An error occurred while fetching listing 3763969: Message: Tried to run command without establishing a connection

2025-07-29 22:18:10,084 - ERROR - An error occurred while fetching listing 3730361: Message: Tried to run command without establishing a connection

2025-07-29 22:18:10,084 - ERROR - An error occurred while fetching listing 3759692: Message: Tried to run command without establishing a connection

2025-07-29 22:18:10,085 - ERROR - An error occurred while fetching listing 3757691: Message: Tried to run command without establishing a connection

2025-07-29 22:18:10,086 - ERROR - An error occurred while fetching listing 3748791: Message: Tried to run command without establishing a connection

2025-07-29 22:18:10,087 - ERROR - An error occurred while fetching listing 3750993: Message: Tried to run command without establishing a connection

2025-07-29 22:18:10,088 - ERROR - An error occurred while fetching listing 3760895: Message: Tried to run command without establishing a connection

2025-07-29 22:18:10,089 - ERROR - An error occurred while fetching listing 3739726: Message: Tried to run command without establishing a connection

2025-07-29 22:18:10,090 - ERROR - An error occurred while fetching listing 3736014: Message: Tried to run command without establishing a connection

2025-07-29 22:18:10,091 - ERROR - An error occurred while fetching listing 3757584: Message: Tried to run command without establishing a connection

2025-07-29 22:18:10,091 - ERROR - An error occurred while fetching listing 3758491: Message: Tried to run command without establishing a connection

2025-07-29 22:18:10,092 - ERROR - An error occurred while fetching listing 3740870: Message: Tried to run command without establishing a connection

2025-07-29 22:18:10,093 - ERROR - An error occurred while fetching listing 3764585: Message: Tried to run command without establishing a connection

2025-07-29 22:18:10,094 - ERROR - An error occurred while fetching listing 3738265: Message: Tried to run command without establishing a connection

2025-07-29 22:18:10,095 - ERROR - An error occurred while fetching listing 3763519: Message: Tried to run command without establishing a connection

2025-07-29 22:18:10,096 - ERROR - An error occurred while fetching listing 3757325: Message: Tried to run command without establishing a connection

2025-07-29 22:18:10,096 - ERROR - An error occurred while fetching listing 3745950: Message: Tried to run command without establishing a connection

2025-07-29 22:18:10,097 - ERROR - An error occurred while fetching listing 3766959: Message: Tried to run command without establishing a connection

2025-07-29 22:18:10,098 - ERROR - An error occurred while fetching listing 3734235: Message: Tried to run command without establishing a connection

2025-07-29 22:18:10,099 - ERROR - An error occurred while fetching listing 3733688: Message: Tried to run command without establishing a connection

2025-07-29 22:18:10,100 - ERROR - An error occurred while fetching listing 3757630: Message: Tried to run command without establishing a connection

2025-07-29 22:18:10,100 - ERROR - An error occurred while fetching listing 3761985: Message: Tried to run command without establishing a connection

2025-07-29 22:18:10,101 - ERROR - An error occurred while fetching listing 3733928: Message: Tried to run command without establishing a connection

2025-07-29 22:18:10,102 - ERROR - An error occurred while fetching listing 3758736: Message: Tried to run command without establishing a connection

2025-07-29 22:18:10,103 - ERROR - An error occurred while fetching listing 3760019: Message: Tried to run command without establishing a connection

2025-07-29 22:18:10,104 - ERROR - An error occurred while fetching listing 3768233: Message: Tried to run command without establishing a connection

2025-07-29 22:18:10,105 - ERROR - An error occurred while fetching listing 3768139: Message: Tried to run command without establishing a connection

2025-07-29 22:18:10,105 - ERROR - An error occurred while fetching listing 3761990: Message: Tried to run command without establishing a connection

2025-07-29 22:18:10,106 - ERROR - An error occurred while fetching listing 3734393: Message: Tried to run command without establishing a connection

2025-07-29 22:18:10,107 - ERROR - An error occurred while fetching listing 3729430: Message: Tried to run command without establishing a connection

2025-07-29 22:18:10,108 - ERROR - An error occurred while fetching listing 3760458: Message: Tried to run command without establishing a connection

2025-07-29 22:18:10,109 - ERROR - An error occurred while fetching listing 3744828: Message: Tried to run command without establishing a connection

2025-07-29 22:18:10,109 - ERROR - An error occurred while fetching listing 3742640: Message: Tried to run command without establishing a connection

2025-07-29 22:18:10,110 - ERROR - An error occurred while fetching listing 3749484: Message: Tried to run command without establishing a connection

2025-07-29 22:18:10,111 - ERROR - An error occurred while fetching listing 3759474: Message: Tried to run command without establishing a connection

2025-07-29 22:18:10,112 - ERROR - An error occurred while fetching listing 3748692: Message: Tried to run command without establishing a connection

2025-07-29 22:18:10,113 - ERROR - An error occurred while fetching listing 3754864: Message: Tried to run command without establishing a connection

2025-07-29 22:18:10,113 - ERROR - An error occurred while fetching listing 3730201: Message: Tried to run command without establishing a connection

2025-07-29 22:18:10,114 - ERROR - An error occurred while fetching listing 3584611: Message: Tried to run command without establishing a connection

2025-07-29 22:18:10,115 - ERROR - An error occurred while fetching listing 3748343: Message: Tried to run command without establishing a connection

2025-07-29 22:18:10,116 - ERROR - An error occurred while fetching listing 3750240: Message: Tried to run command without establishing a connection

2025-07-29 22:18:10,117 - ERROR - An error occurred while fetching listing 3741280: Message: Tried to run command without establishing a connection

2025-07-29 22:18:10,117 - ERROR - An error occurred while fetching listing 3738062: Message: Tried to run command without establishing a connection

2025-07-29 22:18:10,118 - ERROR - An error occurred while fetching listing 3740739: Message: Tried to run command without establishing a connection

2025-07-29 22:18:10,119 - ERROR - An error occurred while fetching listing 3761277: Message: Tried to run command without establishing a connection

2025-07-29 22:18:10,120 - ERROR - An error occurred while fetching listing 3753804: Message: Tried to run command without establishing a connection

2025-07-29 22:18:10,120 - ERROR - An error occurred while fetching listing 3747918: Message: Tried to run command without establishing a connection

2025-07-29 22:18:10,121 - ERROR - An error occurred while fetching listing 3731852: Message: Tried to run command without establishing a connection

2025-07-29 22:18:10,122 - ERROR - An error occurred while fetching listing 3748228: Message: Tried to run command without establishing a connection

2025-07-29 22:18:10,122 - ERROR - An error occurred while fetching listing 3762989: Message: Tried to run command without establishing a connection

2025-07-29 22:18:10,123 - ERROR - An error occurred while fetching listing 3729408: Message: Tried to run command without establishing a connection

2025-07-29 22:18:10,124 - ERROR - An error occurred while fetching listing 3729837: Message: Tried to run command without establishing a connection

2025-07-29 22:18:10,124 - ERROR - An error occurred while fetching listing 3748697: Message: Tried to run command without establishing a connection

2025-07-29 22:18:10,125 - ERROR - An error occurred while fetching listing 3761886: Message: Tried to run command without establishing a connection

2025-07-29 22:18:10,126 - ERROR - An error occurred while fetching listing 3732949: Message: Tried to run command without establishing a connection

2025-07-29 22:18:10,126 - ERROR - An error occurred while fetching listing 3768497: Message: Tried to run command without establishing a connection

2025-07-29 22:18:10,127 - ERROR - An error occurred while fetching listing 3725391: Message: Tried to run command without establishing a connection

2025-07-29 22:18:10,128 - ERROR - An error occurred while fetching listing 3767177: Message: Tried to run command without establishing a connection

2025-07-29 22:18:10,129 - ERROR - An error occurred while fetching listing 3730377: Message: Tried to run command without establishing a connection

2025-07-29 22:18:10,129 - ERROR - An error occurred while fetching listing 3767968: Message: Tried to run command without establishing a connection

2025-07-29 22:18:10,130 - ERROR - An error occurred while fetching listing 3768391: Message: Tried to run command without establishing a connection

2025-07-29 22:18:10,131 - ERROR - An error occurred while fetching listing 3670749: Message: Tried to run command without establishing a connection

2025-07-29 22:18:10,131 - ERROR - An error occurred while fetching listing 3419641: Message: Tried to run command without establishing a connection

2025-07-29 22:18:10,132 - ERROR - An error occurred while fetching listing 3759267: Message: Tried to run command without establishing a connection

2025-07-29 22:18:10,133 - ERROR - An error occurred while fetching listing 3735641: Message: Tried to run command without establishing a connection

2025-07-29 22:18:10,134 - ERROR - An error occurred while fetching listing 3749765: Message: Tried to run command without establishing a connection

2025-07-29 22:18:10,134 - ERROR - An error occurred while fetching listing 3765914: Message: Tried to run command without establishing a connection

2025-07-29 22:18:10,135 - ERROR - An error occurred while fetching listing 3749311: Message: Tried to run command without establishing a connection

2025-07-29 22:18:10,136 - ERROR - An error occurred while fetching listing 3747962: Message: Tried to run command without establishing a connection

2025-07-29 22:18:10,136 - ERROR - An error occurred while fetching listing 3764919: Message: Tried to run command without establishing a connection

2025-07-29 22:18:10,137 - ERROR - An error occurred while fetching listing 3749959: Message: Tried to run command without establishing a connection

2025-07-29 22:18:10,138 - ERROR - An error occurred while fetching listing 3752409: Message: Tried to run command without establishing a connection

2025-07-29 22:18:10,139 - ERROR - An error occurred while fetching listing 3766643: Message: Tried to run command without establishing a connection

2025-07-29 22:18:10,139 - ERROR - An error occurred while fetching listing 3744387: Message: Tried to run command without establishing a connection

2025-07-29 22:18:10,140 - ERROR - An error occurred while fetching listing 3742816: Message: Tried to run command without establishing a connection

2025-07-29 22:18:10,141 - ERROR - An error occurred while fetching listing 3745169: Message: Tried to run command without establishing a connection

2025-07-29 22:18:10,141 - ERROR - An error occurred while fetching listing 3739622: Message: Tried to run command without establishing a connection

2025-07-29 22:18:10,142 - ERROR - An error occurred while fetching listing 3748432: Message: Tried to run command without establishing a connection

2025-07-29 22:18:10,143 - ERROR - An error occurred while fetching listing 3767243: Message: Tried to run command without establishing a connection

2025-07-29 22:18:10,143 - ERROR - An error occurred while fetching listing 3767303: Message: Tried to run command without establishing a connection

2025-07-29 22:18:10,144 - ERROR - An error occurred while fetching listing 3736197: Message: Tried to run command without establishing a connection

2025-07-29 22:18:10,145 - ERROR - An error occurred while fetching listing 3768194: Message: Tried to run command without establishing a connection

2025-07-29 22:18:10,145 - ERROR - An error occurred while fetching listing 3766475: Message: Tried to run command without establishing a connection

2025-07-29 22:18:10,146 - ERROR - An error occurred while fetching listing 3735112: Message: Tried to run command without establishing a connection

2025-07-29 22:18:10,147 - ERROR - An error occurred while fetching listing 3733470: Message: Tried to run command without establishing a connection

2025-07-29 22:18:10,148 - ERROR - An error occurred while fetching listing 3746527: Message: Tried to run command without establishing a connection

2025-07-29 22:18:10,148 - ERROR - An error occurred while fetching listing 3750059: Message: Tried to run command without establishing a connection

2025-07-29 22:18:10,149 - ERROR - An error occurred while fetching listing 3746108: Message: Tried to run command without establishing a connection

2025-07-29 22:18:10,150 - ERROR - An error occurred while fetching listing 3743608: Message: Tried to run command without establishing a connection

2025-07-29 22:18:10,150 - ERROR - An error occurred while fetching listing 3741164: Message: Tried to run command without establishing a connection

2025-07-29 22:18:10,151 - ERROR - An error occurred while fetching listing 3761087: Message: Tried to run command without establishing a connection

2025-07-29 22:18:10,152 - ERROR - An error occurred while fetching listing 3748397: Message: Tried to run command without establishing a connection

2025-07-29 22:18:10,153 - ERROR - An error occurred while fetching listing 3756391: Message: Tried to run command without establishing a connection

2025-07-29 22:18:10,153 - ERROR - An error occurred while fetching listing 3767066: Message: Tried to run command without establishing a connection

2025-07-29 22:18:10,154 - ERROR - An error occurred while fetching listing 3734670: Message: Tried to run command without establishing a connection

2025-07-29 22:18:10,155 - ERROR - An error occurred while fetching listing 3764221: Message: Tried to run command without establishing a connection

2025-07-29 22:18:10,155 - ERROR - An error occurred while fetching listing 3688024: Message: Tried to run command without establishing a connection

2025-07-29 22:18:10,156 - ERROR - An error occurred while fetching listing 3747140: Message: Tried to run command without establishing a connection

2025-07-29 22:18:10,157 - ERROR - An error occurred while fetching listing 3752008: Message: Tried to run command without establishing a connection

2025-07-29 22:18:10,158 - ERROR - An error occurred while fetching listing 3765882: Message: Tried to run command without establishing a connection

2025-07-29 22:18:10,158 - ERROR - An error occurred while fetching listing 3762579: Message: Tried to run command without establishing a connection

2025-07-29 22:18:10,159 - ERROR - An error occurred while fetching listing 3765849: Message: Tried to run command without establishing a connection

2025-07-29 22:18:10,160 - ERROR - An error occurred while fetching listing 3748696: Message: Tried to run command without establishing a connection

2025-07-29 22:18:10,160 - ERROR - An error occurred while fetching listing 3732074: Message: Tried to run command without establishing a connection

2025-07-29 22:18:10,161 - ERROR - An error occurred while fetching listing 3667112: Message: Tried to run command without establishing a connection

2025-07-29 22:18:10,162 - ERROR - An error occurred while fetching listing 3737399: Message: Tried to run command without establishing a connection

2025-07-29 22:18:10,163 - ERROR - An error occurred while fetching listing 3734633: Message: Tried to run command without establishing a connection

2025-07-29 22:18:10,163 - ERROR - An error occurred while fetching listing 3762792: Message: Tried to run command without establishing a connection

2025-07-29 22:18:10,164 - ERROR - An error occurred while fetching listing 3749286: Message: Tried to run command without establishing a connection

2025-07-29 22:18:10,165 - ERROR - An error occurred while fetching listing 3732244: Message: Tried to run command without establishing a connection

2025-07-29 22:18:10,166 - ERROR - An error occurred while fetching listing 3764070: Message: Tried to run command without establishing a connection

2025-07-29 22:18:10,166 - ERROR - An error occurred while fetching listing 3733082: Message: Tried to run command without establishing a connection

2025-07-29 22:18:10,167 - ERROR - An error occurred while fetching listing 3764648: Message: Tried to run command without establishing a connection

2025-07-29 22:18:10,168 - ERROR - An error occurred while fetching listing 3766820: Message: Tried to run command without establishing a connection

2025-07-29 22:18:10,168 - ERROR - An error occurred while fetching listing 3743145: Message: Tried to run command without establishing a connection

2025-07-29 22:18:10,169 - ERROR - An error occurred while fetching listing 3754563: Message: Tried to run command without establishing a connection

2025-07-29 22:18:10,170 - ERROR - An error occurred while fetching listing 3767392: Message: Tried to run command without establishing a connection

2025-07-29 22:18:10,170 - ERROR - An error occurred while fetching listing 3731272: Message: Tried to run command without establishing a connection

2025-07-29 22:18:10,171 - ERROR - An error occurred while fetching listing 3750638: Message: Tried to run command without establishing a connection

2025-07-29 22:18:10,172 - ERROR - An error occurred while fetching listing 3767754: Message: Tried to run command without establishing a connection

2025-07-29 22:18:10,173 - ERROR - An error occurred while fetching listing 3764491: Message: Tried to run command without establishing a connection

2025-07-29 22:18:10,173 - ERROR - An error occurred while fetching listing 3734917: Message: Tried to run command without establishing a connection

2025-07-29 22:18:10,174 - ERROR - An error occurred while fetching listing 3763374: Message: Tried to run command without establishing a connection

2025-07-29 22:18:10,175 - ERROR - An error occurred while fetching listing 3767522: Message: Tried to run command without establishing a connection

2025-07-29 22:18:10,175 - ERROR - An error occurred while fetching listing 3767861: Message: Tried to run command without establishing a connection

2025-07-29 22:18:10,176 - ERROR - An error occurred while fetching listing 3762891: Message: Tried to run command without establishing a connection

2025-07-29 22:18:10,177 - ERROR - An error occurred while fetching listing 3763992: Message: Tried to run command without establishing a connection

2025-07-29 22:18:10,178 - ERROR - An error occurred while fetching listing 3750749: Message: Tried to run command without establishing a connection

2025-07-29 22:18:10,178 - ERROR - An error occurred while fetching listing 3727726: Message: Tried to run command without establishing a connection

2025-07-29 22:18:10,179 - ERROR - An error occurred while fetching listing 3614597: Message: Tried to run command without establishing a connection

2025-07-29 22:18:10,180 - ERROR - An error occurred while fetching listing 3760437: Message: Tried to run command without establishing a connection

2025-07-29 22:18:10,180 - ERROR - An error occurred while fetching listing 3759627: Message: Tried to run command without establishing a connection

2025-07-29 22:18:10,181 - ERROR - An error occurred while fetching listing 3767209: Message: Tried to run command without establishing a connection

2025-07-29 22:18:10,182 - ERROR - An error occurred while fetching listing 3767239: Message: Tried to run command without establishing a connection

2025-07-29 22:18:10,182 - ERROR - An error occurred while fetching listing 3747191: Message: Tried to run command without establishing a connection

2025-07-29 22:18:10,183 - ERROR - An error occurred while fetching listing 3752093: Message: Tried to run command without establishing a connection

2025-07-29 22:18:10,184 - ERROR - An error occurred while fetching listing 3761562: Message: Tried to run command without establishing a connection

2025-07-29 22:18:10,185 - ERROR - An error occurred while fetching listing 3750576: Message: Tried to run command without establishing a connection

2025-07-29 22:18:10,185 - ERROR - An error occurred while fetching listing 3735651: Message: Tried to run command without establishing a connection

2025-07-29 22:18:10,186 - ERROR - An error occurred while fetching listing 3740551: Message: Tried to run command without establishing a connection

2025-07-29 22:18:10,187 - ERROR - An error occurred while fetching listing 3746078: Message: Tried to run command without establishing a connection

2025-07-29 22:18:10,188 - ERROR - An error occurred while fetching listing 3733171: Message: Tried to run command without establishing a connection

2025-07-29 22:18:10,188 - ERROR - An error occurred while fetching listing 3745693: Message: Tried to run command without establishing a connection

2025-07-29 22:18:10,189 - ERROR - An error occurred while fetching listing 3752308: Message: Tried to run command without establishing a connection

2025-07-29 22:18:10,190 - ERROR - An error occurred while fetching listing 3755555: Message: Tried to run command without establishing a connection

2025-07-29 22:18:10,191 - ERROR - An error occurred while fetching listing 3731354: Message: Tried to run command without establishing a connection

2025-07-29 22:18:10,191 - ERROR - An error occurred while fetching listing 3759985: Message: Tried to run command without establishing a connection

2025-07-29 22:18:10,192 - ERROR - An error occurred while fetching listing 3760663: Message: Tried to run command without establishing a connection

2025-07-29 22:18:10,193 - ERROR - An error occurred while fetching listing 3761765: Message: Tried to run command without establishing a connection

2025-07-29 22:18:10,193 - ERROR - An error occurred while fetching listing 3739700: Message: Tried to run command without establishing a connection

2025-07-29 22:18:10,194 - ERROR - An error occurred while fetching listing 3767520: Message: Tried to run command without establishing a connection

2025-07-29 22:18:10,195 - ERROR - An error occurred while fetching listing 3645841: Message: Tried to run command without establishing a connection

2025-07-29 22:18:10,195 - ERROR - An error occurred while fetching listing 3743546: Message: Tried to run command without establishing a connection

2025-07-29 22:18:10,196 - ERROR - An error occurred while fetching listing 3760759: Message: Tried to run command without establishing a connection

2025-07-29 22:18:10,197 - ERROR - An error occurred while fetching listing 3767987: Message: Tried to run command without establishing a connection

2025-07-29 22:18:10,198 - ERROR - An error occurred while fetching listing 3765549: Message: Tried to run command without establishing a connection

2025-07-29 22:18:10,198 - ERROR - An error occurred while fetching listing 3747064: Message: Tried to run command without establishing a connection

2025-07-29 22:18:10,199 - ERROR - An error occurred while fetching listing 3741048: Message: Tried to run command without establishing a connection

2025-07-29 22:18:10,200 - ERROR - An error occurred while fetching listing 3738077: Message: Tried to run command without establishing a connection

2025-07-29 22:18:10,200 - ERROR - An error occurred while fetching listing 3729593: Message: Tried to run command without establishing a connection

2025-07-29 22:18:10,201 - ERROR - An error occurred while fetching listing 3756287: Message: Tried to run command without establishing a connection

2025-07-29 22:18:10,202 - ERROR - An error occurred while fetching listing 3746628: Message: Tried to run command without establishing a connection

2025-07-29 22:18:10,203 - ERROR - An error occurred while fetching listing 3731564: Message: Tried to run command without establishing a connection

2025-07-29 22:18:10,203 - ERROR - An error occurred while fetching listing 3767328: Message: Tried to run command without establishing a connection

2025-07-29 22:18:10,204 - ERROR - An error occurred while fetching listing 3753775: Message: Tried to run command without establishing a connection

2025-07-29 22:18:10,205 - ERROR - An error occurred while fetching listing 3733134: Message: Tried to run command without establishing a connection

2025-07-29 22:18:10,205 - ERROR - An error occurred while fetching listing 3757506: Message: Tried to run command without establishing a connection

2025-07-29 22:18:10,206 - ERROR - An error occurred while fetching listing 3754272: Message: Tried to run command without establishing a connection

2025-07-29 22:18:10,207 - ERROR - An error occurred while fetching listing 3766464: Message: Tried to run command without establishing a connection

2025-07-29 22:18:10,208 - ERROR - An error occurred while fetching listing 3740842: Message: Tried to run command without establishing a connection

2025-07-29 22:18:10,208 - ERROR - An error occurred while fetching listing 3768014: Message: Tried to run command without establishing a connection

2025-07-29 22:18:10,209 - ERROR - An error occurred while fetching listing 3745058: Message: Tried to run command without establishing a connection

2025-07-29 22:18:10,210 - ERROR - An error occurred while fetching listing 3750623: Message: Tried to run command without establishing a connection

2025-07-29 22:18:10,210 - ERROR - An error occurred while fetching listing 3767728: Message: Tried to run command without establishing a connection

2025-07-29 22:18:10,211 - ERROR - An error occurred while fetching listing 3758735: Message: Tried to run command without establishing a connection

2025-07-29 22:18:10,212 - ERROR - An error occurred while fetching listing 3767842: Message: Tried to run command without establishing a connection

2025-07-29 22:18:10,213 - ERROR - An error occurred while fetching listing 3747363: Message: Tried to run command without establishing a connection

2025-07-29 22:18:10,213 - ERROR - An error occurred while fetching listing 3750914: Message: Tried to run command without establishing a connection

2025-07-29 22:18:10,214 - ERROR - An error occurred while fetching listing 1680986: Message: Tried to run command without establishing a connection

2025-07-29 22:18:10,215 - ERROR - An error occurred while fetching listing 3724228: Message: Tried to run command without establishing a connection

2025-07-29 22:18:10,215 - ERROR - An error occurred while fetching listing 3726814: Message: Tried to run command without establishing a connection

2025-07-29 22:18:10,216 - ERROR - An error occurred while fetching listing 3767427: Message: Tried to run command without establishing a connection

2025-07-29 22:18:10,217 - ERROR - An error occurred while fetching listing 3745142: Message: Tried to run command without establishing a connection

2025-07-29 22:18:10,218 - ERROR - An error occurred while fetching listing 3755345: Message: Tried to run command without establishing a connection

2025-07-29 22:18:10,218 - ERROR - An error occurred while fetching listing 3728053: Message: Tried to run command without establishing a connection

2025-07-29 22:18:10,219 - ERROR - An error occurred while fetching listing 3766016: Message: Tried to run command without establishing a connection

2025-07-29 22:18:10,220 - ERROR - An error occurred while fetching listing 3753469: Message: Tried to run command without establishing a connection

2025-07-29 22:18:10,220 - ERROR - An error occurred while fetching listing 3753617: Message: Tried to run command without establishing a connection

2025-07-29 22:18:10,221 - ERROR - An error occurred while fetching listing 3750082: Message: Tried to run command without establishing a connection

2025-07-29 22:18:10,222 - ERROR - An error occurred while fetching listing 3760373: Message: Tried to run command without establishing a connection

2025-07-29 22:18:10,222 - ERROR - An error occurred while fetching listing 3768065: Message: Tried to run command without establishing a connection

2025-07-29 22:18:10,223 - ERROR - An error occurred while fetching listing 3767440: Message: Tried to run command without establishing a connection

2025-07-29 22:18:10,224 - ERROR - An error occurred while fetching listing 3757749: Message: Tried to run command without establishing a connection

2025-07-29 22:18:10,225 - ERROR - An error occurred while fetching listing 3768112: Message: Tried to run command without establishing a connection

2025-07-29 22:18:10,225 - ERROR - An error occurred while fetching listing 3757580: Message: Tried to run command without establishing a connection

2025-07-29 22:18:10,226 - ERROR - An error occurred while fetching listing 3745891: Message: Tried to run command without establishing a connection

2025-07-29 22:18:10,227 - ERROR - An error occurred while fetching listing 3753895: Message: Tried to run command without establishing a connection

2025-07-29 22:18:10,227 - ERROR - An error occurred while fetching listing 3729744: Message: Tried to run command without establishing a connection

2025-07-29 22:18:10,228 - ERROR - An error occurred while fetching listing 3729405: Message: Tried to run command without establishing a connection

2025-07-29 22:18:10,229 - ERROR - An error occurred while fetching listing 3736684: Message: Tried to run command without establishing a connection

2025-07-29 22:18:10,230 - ERROR - An error occurred while fetching listing 3760769: Message: Tried to run command without establishing a connection

2025-07-29 22:18:10,230 - ERROR - An error occurred while fetching listing 3761585: Message: Tried to run command without establishing a connection

2025-07-29 22:18:10,231 - ERROR - An error occurred while fetching listing 3738542: Message: Tried to run command without establishing a connection

2025-07-29 22:18:10,232 - ERROR - An error occurred while fetching listing 3749333: Message: Tried to run command without establishing a connection

2025-07-29 22:18:10,232 - ERROR - An error occurred while fetching listing 3725526: Message: Tried to run command without establishing a connection

2025-07-29 22:18:10,233 - ERROR - An error occurred while fetching listing 3759178: Message: Tried to run command without establishing a connection

2025-07-29 22:18:10,234 - ERROR - An error occurred while fetching listing 3734761: Message: Tried to run command without establishing a connection

2025-07-29 22:18:10,235 - ERROR - An error occurred while fetching listing 3736233: Message: Tried to run command without establishing a connection

2025-07-29 22:18:10,235 - ERROR - An error occurred while fetching listing 3738438: Message: Tried to run command without establishing a connection

2025-07-29 22:18:10,236 - ERROR - An error occurred while fetching listing 3733275: Message: Tried to run command without establishing a connection

2025-07-29 22:18:10,237 - ERROR - An error occurred while fetching listing 3746584: Message: Tried to run command without establishing a connection

2025-07-29 22:18:10,237 - ERROR - An error occurred while fetching listing 3745229: Message: Tried to run command without establishing a connection

2025-07-29 22:18:10,238 - ERROR - An error occurred while fetching listing 3743810: Message: Tried to run command without establishing a connection

2025-07-29 22:18:10,239 - ERROR - An error occurred while fetching listing 3726633: Message: Tried to run command without establishing a connection

2025-07-29 22:18:10,240 - ERROR - An error occurred while fetching listing 3744274: Message: Tried to run command without establishing a connection

2025-07-29 22:18:10,240 - ERROR - An error occurred while fetching listing 3737051: Message: Tried to run command without establishing a connection

2025-07-29 22:18:10,241 - ERROR - An error occurred while fetching listing 3757184: Message: Tried to run command without establishing a connection

2025-07-29 22:18:10,242 - ERROR - An error occurred while fetching listing 3761641: Message: Tried to run command without establishing a connection

2025-07-29 22:18:10,242 - ERROR - An error occurred while fetching listing 3751810: Message: Tried to run command without establishing a connection

2025-07-29 22:18:10,243 - ERROR - An error occurred while fetching listing 3766725: Message: Tried to run command without establishing a connection

2025-07-29 22:18:10,244 - ERROR - An error occurred while fetching listing 3738482: Message: Tried to run command without establishing a connection

2025-07-29 22:18:10,244 - ERROR - An error occurred while fetching listing 3742749: Message: Tried to run command without establishing a connection

2025-07-29 22:18:10,245 - ERROR - An error occurred while fetching listing 3727815: Message: Tried to run command without establishing a connection

2025-07-29 22:18:10,246 - ERROR - An error occurred while fetching listing 3753657: Message: Tried to run command without establishing a connection

2025-07-29 22:18:10,247 - ERROR - An error occurred while fetching listing 3764460: Message: Tried to run command without establishing a connection

2025-07-29 22:18:10,247 - ERROR - An error occurred while fetching listing 3743366: Message: Tried to run command without establishing a connection

2025-07-29 22:18:10,248 - ERROR - An error occurred while fetching listing 3746086: Message: Tried to run command without establishing a connection

2025-07-29 22:18:10,249 - ERROR - An error occurred while fetching listing 3758653: Message: Tried to run command without establishing a connection

2025-07-29 22:18:10,250 - ERROR - An error occurred while fetching listing 3752422: Message: Tried to run command without establishing a connection

2025-07-29 22:18:10,250 - ERROR - An error occurred while fetching listing 3748606: Message: Tried to run command without establishing a connection

2025-07-29 22:18:10,251 - ERROR - An error occurred while fetching listing 3732920: Message: Tried to run command without establishing a connection

2025-07-29 22:18:10,252 - ERROR - An error occurred while fetching listing 3746892: Message: Tried to run command without establishing a connection

2025-07-29 22:18:10,253 - ERROR - An error occurred while fetching listing 3576730: Message: Tried to run command without establishing a connection

2025-07-29 22:18:10,253 - ERROR - An error occurred while fetching listing 3765573: Message: Tried to run command without establishing a connection

2025-07-29 22:18:10,254 - ERROR - An error occurred while fetching listing 3741975: Message: Tried to run command without establishing a connection

2025-07-29 22:18:10,255 - ERROR - An error occurred while fetching listing 3759628: Message: Tried to run command without establishing a connection

2025-07-29 22:18:10,255 - ERROR - An error occurred while fetching listing 3755682: Message: Tried to run command without establishing a connection

2025-07-29 22:18:10,256 - ERROR - An error occurred while fetching listing 3738717: Message: Tried to run command without establishing a connection

2025-07-29 22:18:10,257 - ERROR - An error occurred while fetching listing 3734605: Message: Tried to run command without establishing a connection

2025-07-29 22:18:10,258 - ERROR - An error occurred while fetching listing 3760031: Message: Tried to run command without establishing a connection

2025-07-29 22:18:10,258 - ERROR - An error occurred while fetching listing 3739374: Message: Tried to run command without establishing a connection

2025-07-29 22:18:10,259 - ERROR - An error occurred while fetching listing 3727267: Message: Tried to run command without establishing a connection

2025-07-29 22:18:10,260 - ERROR - An error occurred while fetching listing 3756713: Message: Tried to run command without establishing a connection

2025-07-29 22:18:10,260 - ERROR - An error occurred while fetching listing 3761341: Message: Tried to run command without establishing a connection

2025-07-29 22:18:10,261 - ERROR - An error occurred while fetching listing 3447860: Message: Tried to run command without establishing a connection

2025-07-29 22:18:10,262 - ERROR - An error occurred while fetching listing 3755380: Message: Tried to run command without establishing a connection

2025-07-29 22:18:10,263 - ERROR - An error occurred while fetching listing 3758162: Message: Tried to run command without establishing a connection

2025-07-29 22:18:10,263 - ERROR - An error occurred while fetching listing 3730586: Message: Tried to run command without establishing a connection

2025-07-29 22:18:10,264 - ERROR - An error occurred while fetching listing 3751882: Message: Tried to run command without establishing a connection

2025-07-29 22:18:10,265 - ERROR - An error occurred while fetching listing 3756229: Message: Tried to run command without establishing a connection

2025-07-29 22:18:10,265 - ERROR - An error occurred while fetching listing 3731395: Message: Tried to run command without establishing a connection

2025-07-29 22:18:10,266 - ERROR - An error occurred while fetching listing 3762665: Message: Tried to run command without establishing a connection

2025-07-29 22:18:10,267 - ERROR - An error occurred while fetching listing 3754248: Message: Tried to run command without establishing a connection

2025-07-29 22:18:10,268 - ERROR - An error occurred while fetching listing 3758628: Message: Tried to run command without establishing a connection

2025-07-29 22:18:10,268 - ERROR - An error occurred while fetching listing 3758502: Message: Tried to run command without establishing a connection

2025-07-29 22:18:10,269 - ERROR - An error occurred while fetching listing 3736321: Message: Tried to run command without establishing a connection

2025-07-29 22:18:10,270 - ERROR - An error occurred while fetching listing 3764267: Message: Tried to run command without establishing a connection

2025-07-29 22:18:10,270 - ERROR - An error occurred while fetching listing 3749278: Message: Tried to run command without establishing a connection

2025-07-29 22:18:10,271 - ERROR - An error occurred while fetching listing 3748169: Message: Tried to run command without establishing a connection

2025-07-29 22:18:10,272 - ERROR - An error occurred while fetching listing 3676780: Message: Tried to run command without establishing a connection

2025-07-29 22:18:10,273 - ERROR - An error occurred while fetching listing 3664513: Message: Tried to run command without establishing a connection

2025-07-29 22:18:10,273 - ERROR - An error occurred while fetching listing 3764796: Message: Tried to run command without establishing a connection

2025-07-29 22:18:10,274 - ERROR - An error occurred while fetching listing 3732171: Message: Tried to run command without establishing a connection

2025-07-29 22:18:10,275 - ERROR - An error occurred while fetching listing 3742800: Message: Tried to run command without establishing a connection

2025-07-29 22:18:10,275 - ERROR - An error occurred while fetching listing 3743630: Message: Tried to run command without establishing a connection

2025-07-29 22:18:10,276 - ERROR - An error occurred while fetching listing 3763910: Message: Tried to run command without establishing a connection

2025-07-29 22:18:10,277 - ERROR - An error occurred while fetching listing 3629193: Message: Tried to run command without establishing a connection

2025-07-29 22:18:10,277 - ERROR - An error occurred while fetching listing 3753781: Message: Tried to run command without establishing a connection

2025-07-29 22:18:10,278 - ERROR - An error occurred while fetching listing 3759733: Message: Tried to run command without establishing a connection

2025-07-29 22:18:10,279 - ERROR - An error occurred while fetching listing 3722938: Message: Tried to run command without establishing a connection

2025-07-29 22:18:10,280 - ERROR - An error occurred while fetching listing 3744892: Message: Tried to run command without establishing a connection

2025-07-29 22:18:10,280 - ERROR - An error occurred while fetching listing 3727908: Message: Tried to run command without establishing a connection

2025-07-29 22:18:10,281 - ERROR - An error occurred while fetching listing 3748932: Message: Tried to run command without establishing a connection

2025-07-29 22:18:10,282 - ERROR - An error occurred while fetching listing 3750142: Message: Tried to run command without establishing a connection

2025-07-29 22:18:10,282 - ERROR - An error occurred while fetching listing 3763516: Message: Tried to run command without establishing a connection

2025-07-29 22:18:10,283 - ERROR - An error occurred while fetching listing 3758375: Message: Tried to run command without establishing a connection

2025-07-29 22:18:10,284 - ERROR - An error occurred while fetching listing 3730738: Message: Tried to run command without establishing a connection

2025-07-29 22:18:10,285 - ERROR - An error occurred while fetching listing 3766591: Message: Tried to run command without establishing a connection

2025-07-29 22:18:10,285 - ERROR - An error occurred while fetching listing 3731806: Message: Tried to run command without establishing a connection

2025-07-29 22:18:10,286 - ERROR - An error occurred while fetching listing 3763006: Message: Tried to run command without establishing a connection

2025-07-29 22:18:10,287 - ERROR - An error occurred while fetching listing 3500291: Message: Tried to run command without establishing a connection

2025-07-29 22:18:10,288 - ERROR - An error occurred while fetching listing 3740442: Message: Tried to run command without establishing a connection

2025-07-29 22:18:10,288 - ERROR - An error occurred while fetching listing 3751150: Message: Tried to run command without establishing a connection

2025-07-29 22:18:10,289 - ERROR - An error occurred while fetching listing 3732811: Message: Tried to run command without establishing a connection

2025-07-29 22:18:10,290 - ERROR - An error occurred while fetching listing 3755422: Message: Tried to run command without establishing a connection

2025-07-29 22:18:10,290 - ERROR - An error occurred while fetching listing 3766715: Message: Tried to run command without establishing a connection

2025-07-29 22:18:10,291 - ERROR - An error occurred while fetching listing 3730778: Message: Tried to run command without establishing a connection

2025-07-29 22:18:10,292 - ERROR - An error occurred while fetching listing 3745485: Message: Tried to run command without establishing a connection

2025-07-29 22:18:10,293 - ERROR - An error occurred while fetching listing 3728471: Message: Tried to run command without establishing a connection

2025-07-29 22:18:10,293 - ERROR - An error occurred while fetching listing 3764143: Message: Tried to run command without establishing a connection

2025-07-29 22:18:10,294 - ERROR - An error occurred while fetching listing 3748825: Message: Tried to run command without establishing a connection

2025-07-29 22:18:10,295 - ERROR - An error occurred while fetching listing 3733369: Message: Tried to run command without establishing a connection

2025-07-29 22:18:10,295 - ERROR - An error occurred while fetching listing 3734526: Message: Tried to run command without establishing a connection

2025-07-29 22:18:10,296 - ERROR - An error occurred while fetching listing 3738710: Message: Tried to run command without establishing a connection

2025-07-29 22:18:10,297 - ERROR - An error occurred while fetching listing 3729553: Message: Tried to run command without establishing a connection

2025-07-29 22:18:10,297 - ERROR - An error occurred while fetching listing 3746364: Message: Tried to run command without establishing a connection

2025-07-29 22:18:10,298 - ERROR - An error occurred while fetching listing 3746664: Message: Tried to run command without establishing a connection

2025-07-29 22:18:10,299 - ERROR - An error occurred while fetching listing 3746688: Message: Tried to run command without establishing a connection

2025-07-29 22:18:10,300 - ERROR - An error occurred while fetching listing 3763108: Message: Tried to run command without establishing a connection

2025-07-29 22:18:10,300 - ERROR - An error occurred while fetching listing 3765351: Message: Tried to run command without establishing a connection

2025-07-29 22:18:10,301 - ERROR - An error occurred while fetching listing 3766665: Message: Tried to run command without establishing a connection

2025-07-29 22:18:10,302 - ERROR - An error occurred while fetching listing 3745931: Message: Tried to run command without establishing a connection

2025-07-29 22:18:10,302 - ERROR - An error occurred while fetching listing 3760742: Message: Tried to run command without establishing a connection

2025-07-29 22:18:10,303 - ERROR - An error occurred while fetching listing 3754973: Message: Tried to run command without establishing a connection

2025-07-29 22:18:10,304 - ERROR - An error occurred while fetching listing 3746405: Message: Tried to run command without establishing a connection

2025-07-29 22:18:10,305 - ERROR - An error occurred while fetching listing 3756697: Message: Tried to run command without establishing a connection

2025-07-29 22:18:10,305 - ERROR - An error occurred while fetching listing 3747449: Message: Tried to run command without establishing a connection

2025-07-29 22:18:10,306 - ERROR - An error occurred while fetching listing 3740133: Message: Tried to run command without establishing a connection

2025-07-29 22:18:10,307 - ERROR - An error occurred while fetching listing 3764018: Message: Tried to run command without establishing a connection

2025-07-29 22:18:10,307 - ERROR - An error occurred while fetching listing 3752273: Message: Tried to run command without establishing a connection

2025-07-29 22:18:10,308 - ERROR - An error occurred while fetching listing 3757199: Message: Tried to run command without establishing a connection

2025-07-29 22:18:10,309 - ERROR - An error occurred while fetching listing 3739396: Message: Tried to run command without establishing a connection

2025-07-29 22:18:10,309 - ERROR - An error occurred while fetching listing 3736016: Message: Tried to run command without establishing a connection

2025-07-29 22:18:10,310 - ERROR - An error occurred while fetching listing 3767762: Message: Tried to run command without establishing a connection

2025-07-29 22:18:10,311 - ERROR - An error occurred while fetching listing 3766886: Message: Tried to run command without establishing a connection

2025-07-29 22:18:10,312 - ERROR - An error occurred while fetching listing 3760399: Message: Tried to run command without establishing a connection

2025-07-29 22:18:10,312 - ERROR - An error occurred while fetching listing 3760191: Message: Tried to run command without establishing a connection

2025-07-29 22:18:10,313 - ERROR - An error occurred while fetching listing 3754189: Message: Tried to run command without establishing a connection

2025-07-29 22:18:10,314 - ERROR - An error occurred while fetching listing 3758365: Message: Tried to run command without establishing a connection

2025-07-29 22:18:10,314 - ERROR - An error occurred while fetching listing 3766091: Message: Tried to run command without establishing a connection

2025-07-29 22:18:10,315 - ERROR - An error occurred while fetching listing 3766200: Message: Tried to run command without establishing a connection

2025-07-29 22:18:10,316 - ERROR - An error occurred while fetching listing 3763445: Message: Tried to run command without establishing a connection

2025-07-29 22:18:10,317 - ERROR - An error occurred while fetching listing 3767654: Message: Tried to run command without establishing a connection

2025-07-29 22:18:10,317 - ERROR - An error occurred while fetching listing 3764086: Message: Tried to run command without establishing a connection

2025-07-29 22:18:10,318 - ERROR - An error occurred while fetching listing 3731345: Message: Tried to run command without establishing a connection

2025-07-29 22:18:10,319 - ERROR - An error occurred while fetching listing 3767402: Message: Tried to run command without establishing a connection

2025-07-29 22:18:10,319 - ERROR - An error occurred while fetching listing 3758976: Message: Tried to run command without establishing a connection

2025-07-29 22:18:10,320 - ERROR - An error occurred while fetching listing 3768221: Message: Tried to run command without establishing a connection

2025-07-29 22:18:10,321 - ERROR - An error occurred while fetching listing 3750203: Message: Tried to run command without establishing a connection

2025-07-29 22:18:10,322 - ERROR - An error occurred while fetching listing 3756394: Message: Tried to run command without establishing a connection

2025-07-29 22:18:10,322 - ERROR - An error occurred while fetching listing 3763388: Message: Tried to run command without establishing a connection

2025-07-29 22:18:10,323 - ERROR - An error occurred while fetching listing 3759321: Message: Tried to run command without establishing a connection

2025-07-29 22:18:10,324 - ERROR - An error occurred while fetching listing 3726006: Message: Tried to run command without establishing a connection

2025-07-29 22:18:10,324 - ERROR - An error occurred while fetching listing 3756668: Message: Tried to run command without establishing a connection

2025-07-29 22:18:10,325 - ERROR - An error occurred while fetching listing 3759961: Message: Tried to run command without establishing a connection

2025-07-29 22:18:10,326 - ERROR - An error occurred while fetching listing 3713948: Message: Tried to run command without establishing a connection

2025-07-29 22:18:10,327 - ERROR - An error occurred while fetching listing 3764534: Message: Tried to run command without establishing a connection

2025-07-29 22:18:10,327 - ERROR - An error occurred while fetching listing 3758853: Message: Tried to run command without establishing a connection

2025-07-29 22:18:10,328 - ERROR - An error occurred while fetching listing 3734745: Message: Tried to run command without establishing a connection

2025-07-29 22:18:10,329 - ERROR - An error occurred while fetching listing 3757329: Message: Tried to run command without establishing a connection

2025-07-29 22:18:10,329 - ERROR - An error occurred while fetching listing 3754887: Message: Tried to run command without establishing a connection

2025-07-29 22:18:10,330 - ERROR - An error occurred while fetching listing 3737021: Message: Tried to run command without establishing a connection

2025-07-29 22:18:10,331 - ERROR - An error occurred while fetching listing 3761267: Message: Tried to run command without establishing a connection

2025-07-29 22:18:10,332 - ERROR - An error occurred while fetching listing 3764185: Message: Tried to run command without establishing a connection

2025-07-29 22:18:10,332 - ERROR - An error occurred while fetching listing 3755298: Message: Tried to run command without establishing a connection

2025-07-29 22:18:10,333 - ERROR - An error occurred while fetching listing 3761978: Message: Tried to run command without establishing a connection

2025-07-29 22:18:10,334 - ERROR - An error occurred while fetching listing 3744925: Message: Tried to run command without establishing a connection

2025-07-29 22:18:10,335 - ERROR - An error occurred while fetching listing 3749457: Message: Tried to run command without establishing a connection

2025-07-29 22:18:10,335 - ERROR - An error occurred while fetching listing 3731197: Message: Tried to run command without establishing a connection

2025-07-29 22:18:10,336 - ERROR - An error occurred while fetching listing 3751835: Message: Tried to run command without establishing a connection

2025-07-29 22:18:10,337 - ERROR - An error occurred while fetching listing 3752753: Message: Tried to run command without establishing a connection

2025-07-29 22:18:10,337 - ERROR - An error occurred while fetching listing 3758940: Message: Tried to run command without establishing a connection

2025-07-29 22:18:10,338 - ERROR - An error occurred while fetching listing 3766801: Message: Tried to run command without establishing a connection

2025-07-29 22:18:10,339 - ERROR - An error occurred while fetching listing 3745650: Message: Tried to run command without establishing a connection

2025-07-29 22:18:10,339 - ERROR - An error occurred while fetching listing 3745054: Message: Tried to run command without establishing a connection

2025-07-29 22:18:10,340 - ERROR - An error occurred while fetching listing 3739390: Message: Tried to run command without establishing a connection

2025-07-29 22:18:10,341 - ERROR - An error occurred while fetching listing 3762997: Message: Tried to run command without establishing a connection

2025-07-29 22:18:10,342 - ERROR - An error occurred while fetching listing 3755377: Message: Tried to run command without establishing a connection

2025-07-29 22:18:10,342 - ERROR - An error occurred while fetching listing 3768436: Message: Tried to run command without establishing a connection

2025-07-29 22:18:10,343 - ERROR - An error occurred while fetching listing 3761646: Message: Tried to run command without establishing a connection

2025-07-29 22:18:10,344 - ERROR - An error occurred while fetching listing 3737863: Message: Tried to run command without establishing a connection

2025-07-29 22:18:10,345 - ERROR - An error occurred while fetching listing 3746301: Message: Tried to run command without establishing a connection

2025-07-29 22:18:10,345 - ERROR - An error occurred while fetching listing 3766355: Message: Tried to run command without establishing a connection

2025-07-29 22:18:10,346 - ERROR - An error occurred while fetching listing 3762733: Message: Tried to run command without establishing a connection

2025-07-29 22:18:10,347 - ERROR - An error occurred while fetching listing 3726857: Message: Tried to run command without establishing a connection

2025-07-29 22:18:10,347 - ERROR - An error occurred while fetching listing 3763686: Message: Tried to run command without establishing a connection

2025-07-29 22:18:10,348 - ERROR - An error occurred while fetching listing 3766241: Message: Tried to run command without establishing a connection

2025-07-29 22:18:10,349 - ERROR - An error occurred while fetching listing 3760012: Message: Tried to run command without establishing a connection

2025-07-29 22:18:10,349 - ERROR - An error occurred while fetching listing 3758835: Message: Tried to run command without establishing a connection

2025-07-29 22:18:10,350 - ERROR - An error occurred while fetching listing 3485126: Message: Tried to run command without establishing a connection

2025-07-29 22:18:10,351 - ERROR - An error occurred while fetching listing 3763621: Message: Tried to run command without establishing a connection

2025-07-29 22:18:10,352 - ERROR - An error occurred while fetching listing 3754432: Message: Tried to run command without establishing a connection

2025-07-29 22:18:10,352 - ERROR - An error occurred while fetching listing 3748562: Message: Tried to run command without establishing a connection

2025-07-29 22:18:10,353 - ERROR - An error occurred while fetching listing 3767855: Message: Tried to run command without establishing a connection

2025-07-29 22:18:10,354 - ERROR - An error occurred while fetching listing 3754728: Message: Tried to run command without establishing a connection

2025-07-29 22:18:10,354 - ERROR - An error occurred while fetching listing 3766846: Message: Tried to run command without establishing a connection

2025-07-29 22:18:10,355 - ERROR - An error occurred while fetching listing 3763221: Message: Tried to run command without establishing a connection

2025-07-29 22:18:10,356 - ERROR - An error occurred while fetching listing 3732492: Message: Tried to run command without establishing a connection

2025-07-29 22:18:10,357 - ERROR - An error occurred while fetching listing 3761680: Message: Tried to run command without establishing a connection

2025-07-29 22:18:10,357 - ERROR - An error occurred while fetching listing 3763866: Message: Tried to run command without establishing a connection

2025-07-29 22:18:10,358 - ERROR - An error occurred while fetching listing 3751769: Message: Tried to run command without establishing a connection

2025-07-29 22:18:10,359 - ERROR - An error occurred while fetching listing 3757569: Message: Tried to run command without establishing a connection

2025-07-29 22:18:10,359 - ERROR - An error occurred while fetching listing 3762773: Message: Tried to run command without establishing a connection

2025-07-29 22:18:10,360 - ERROR - An error occurred while fetching listing 3727249: Message: Tried to run command without establishing a connection

2025-07-29 22:18:10,361 - ERROR - An error occurred while fetching listing 3761365: Message: Tried to run command without establishing a connection

2025-07-29 22:18:10,362 - ERROR - An error occurred while fetching listing 3764558: Message: Tried to run command without establishing a connection

2025-07-29 22:18:10,362 - ERROR - An error occurred while fetching listing 3727694: Message: Tried to run command without establishing a connection

2025-07-29 22:18:10,363 - ERROR - An error occurred while fetching listing 3768482: Message: Tried to run command without establishing a connection

2025-07-29 22:18:10,364 - ERROR - An error occurred while fetching listing 3738987: Message: Tried to run command without establishing a connection

2025-07-29 22:18:10,364 - ERROR - An error occurred while fetching listing 3751577: Message: Tried to run command without establishing a connection

2025-07-29 22:18:10,365 - ERROR - An error occurred while fetching listing 3764401: Message: Tried to run command without establishing a connection

2025-07-29 22:18:10,366 - ERROR - An error occurred while fetching listing 3758003: Message: Tried to run command without establishing a connection

2025-07-29 22:18:10,367 - ERROR - An error occurred while fetching listing 3748744: Message: Tried to run command without establishing a connection

2025-07-29 22:18:10,367 - ERROR - An error occurred while fetching listing 3764354: Message: Tried to run command without establishing a connection

2025-07-29 22:18:10,368 - ERROR - An error occurred while fetching listing 3739184: Message: Tried to run command without establishing a connection

2025-07-29 22:18:10,369 - ERROR - An error occurred while fetching listing 3766821: Message: Tried to run command without establishing a connection

2025-07-29 22:18:10,369 - ERROR - An error occurred while fetching listing 3764851: Message: Tried to run command without establishing a connection

2025-07-29 22:18:10,370 - ERROR - An error occurred while fetching listing 3748441: Message: Tried to run command without establishing a connection

2025-07-29 22:18:10,371 - ERROR - An error occurred while fetching listing 3755340: Message: Tried to run command without establishing a connection

2025-07-29 22:18:10,371 - ERROR - An error occurred while fetching listing 3759081: Message: Tried to run command without establishing a connection

2025-07-29 22:18:10,372 - ERROR - An error occurred while fetching listing 3727154: Message: Tried to run command without establishing a connection

2025-07-29 22:18:10,373 - ERROR - An error occurred while fetching listing 3743603: Message: Tried to run command without establishing a connection

2025-07-29 22:18:10,374 - ERROR - An error occurred while fetching listing 3729489: Message: Tried to run command without establishing a connection

2025-07-29 22:18:10,374 - ERROR - An error occurred while fetching listing 3739383: Message: Tried to run command without establishing a connection

2025-07-29 22:18:10,375 - ERROR - An error occurred while fetching listing 3741706: Message: Tried to run command without establishing a connection

2025-07-29 22:18:10,376 - ERROR - An error occurred while fetching listing 3762884: Message: Tried to run command without establishing a connection

2025-07-29 22:18:10,376 - ERROR - An error occurred while fetching listing 3727698: Message: Tried to run command without establishing a connection

2025-07-29 22:18:10,377 - ERROR - An error occurred while fetching listing 3763537: Message: Tried to run command without establishing a connection

2025-07-29 22:18:10,378 - ERROR - An error occurred while fetching listing 3762395: Message: Tried to run command without establishing a connection

2025-07-29 22:18:10,379 - ERROR - An error occurred while fetching listing 3736080: Message: Tried to run command without establishing a connection

2025-07-29 22:18:10,379 - ERROR - An error occurred while fetching listing 3756377: Message: Tried to run command without establishing a connection

2025-07-29 22:18:10,380 - ERROR - An error occurred while fetching listing 3753490: Message: Tried to run command without establishing a connection

2025-07-29 22:18:10,381 - ERROR - An error occurred while fetching listing 3764324: Message: Tried to run command without establishing a connection

2025-07-29 22:18:10,381 - ERROR - An error occurred while fetching listing 3764728: Message: Tried to run command without establishing a connection

2025-07-29 22:18:10,382 - ERROR - An error occurred while fetching listing 3754534: Message: Tried to run command without establishing a connection

2025-07-29 22:18:10,383 - ERROR - An error occurred while fetching listing 3068922: Message: Tried to run command without establishing a connection

2025-07-29 22:18:10,383 - ERROR - An error occurred while fetching listing 3754434: Message: Tried to run command without establishing a connection

2025-07-29 22:18:10,384 - ERROR - An error occurred while fetching listing 3756825: Message: Tried to run command without establishing a connection

2025-07-29 22:18:10,385 - ERROR - An error occurred while fetching listing 3758788: Message: Tried to run command without establishing a connection

2025-07-29 22:18:10,386 - ERROR - An error occurred while fetching listing 3762915: Message: Tried to run command without establishing a connection

2025-07-29 22:18:10,386 - ERROR - An error occurred while fetching listing 3758638: Message: Tried to run command without establishing a connection

2025-07-29 22:18:10,387 - ERROR - An error occurred while fetching listing 3745320: Message: Tried to run command without establishing a connection

2025-07-29 22:18:10,388 - ERROR - An error occurred while fetching listing 3763886: Message: Tried to run command without establishing a connection

2025-07-29 22:18:10,388 - ERROR - An error occurred while fetching listing 3760680: Message: Tried to run command without establishing a connection

2025-07-29 22:18:10,389 - ERROR - An error occurred while fetching listing 3765457: Message: Tried to run command without establishing a connection

2025-07-29 22:18:10,390 - ERROR - An error occurred while fetching listing 3744141: Message: Tried to run command without establishing a connection

2025-07-29 22:18:10,391 - ERROR - An error occurred while fetching listing 3760626: Message: Tried to run command without establishing a connection

2025-07-29 22:18:10,391 - ERROR - An error occurred while fetching listing 3759025: Message: Tried to run command without establishing a connection

2025-07-29 22:18:10,392 - ERROR - An error occurred while fetching listing 3741604: Message: Tried to run command without establishing a connection

2025-07-29 22:18:10,393 - ERROR - An error occurred while fetching listing 3750773: Message: Tried to run command without establishing a connection

2025-07-29 22:18:10,393 - ERROR - An error occurred while fetching listing 3745998: Message: Tried to run command without establishing a connection

2025-07-29 22:18:10,394 - ERROR - An error occurred while fetching listing 3756334: Message: Tried to run command without establishing a connection

2025-07-29 22:18:10,395 - ERROR - An error occurred while fetching listing 3751975: Message: Tried to run command without establishing a connection

2025-07-29 22:18:10,395 - ERROR - An error occurred while fetching listing 3763717: Message: Tried to run command without establishing a connection

2025-07-29 22:18:10,396 - ERROR - An error occurred while fetching listing 3761438: Message: Tried to run command without establishing a connection

2025-07-29 22:18:10,397 - ERROR - An error occurred while fetching listing 3754668: Message: Tried to run command without establishing a connection

2025-07-29 22:18:10,398 - ERROR - An error occurred while fetching listing 3751196: Message: Tried to run command without establishing a connection

2025-07-29 22:18:10,398 - ERROR - An error occurred while fetching listing 3763431: Message: Tried to run command without establishing a connection

2025-07-29 22:18:10,399 - ERROR - An error occurred while fetching listing 3743682: Message: Tried to run command without establishing a connection

2025-07-29 22:18:10,400 - ERROR - An error occurred while fetching listing 3741788: Message: Tried to run command without establishing a connection

2025-07-29 22:18:10,400 - ERROR - An error occurred while fetching listing 3730852: Message: Tried to run command without establishing a connection

2025-07-29 22:18:10,401 - ERROR - An error occurred while fetching listing 3757465: Message: Tried to run command without establishing a connection

2025-07-29 22:18:10,402 - ERROR - An error occurred while fetching listing 3737496: Message: Tried to run command without establishing a connection

2025-07-29 22:18:10,403 - ERROR - An error occurred while fetching listing 3729784: Message: Tried to run command without establishing a connection

2025-07-29 22:18:10,403 - ERROR - An error occurred while fetching listing 3729431: Message: Tried to run command without establishing a connection

2025-07-29 22:18:10,404 - ERROR - An error occurred while fetching listing 3751938: Message: Tried to run command without establishing a connection

2025-07-29 22:18:10,405 - ERROR - An error occurred while fetching listing 3755886: Message: Tried to run command without establishing a connection

2025-07-29 22:18:10,405 - ERROR - An error occurred while fetching listing 3746173: Message: Tried to run command without establishing a connection

2025-07-29 22:18:10,406 - ERROR - An error occurred while fetching listing 3754542: Message: Tried to run command without establishing a connection

2025-07-29 22:18:10,407 - ERROR - An error occurred while fetching listing 3757435: Message: Tried to run command without establishing a connection

2025-07-29 22:18:10,408 - ERROR - An error occurred while fetching listing 3725141: Message: Tried to run command without establishing a connection

2025-07-29 22:18:10,408 - ERROR - An error occurred while fetching listing 3761025: Message: Tried to run command without establishing a connection

2025-07-29 22:18:10,409 - ERROR - An error occurred while fetching listing 3758985: Message: Tried to run command without establishing a connection

2025-07-29 22:18:10,410 - ERROR - An error occurred while fetching listing 3747408: Message: Tried to run command without establishing a connection

2025-07-29 22:18:10,410 - ERROR - An error occurred while fetching listing 3744887: Message: Tried to run command without establishing a connection

2025-07-29 22:18:10,411 - ERROR - An error occurred while fetching listing 3738386: Message: Tried to run command without establishing a connection

2025-07-29 22:18:10,412 - ERROR - An error occurred while fetching listing 3758169: Message: Tried to run command without establishing a connection

2025-07-29 22:18:10,413 - ERROR - An error occurred while fetching listing 3756558: Message: Tried to run command without establishing a connection

2025-07-29 22:18:10,413 - ERROR - An error occurred while fetching listing 3747542: Message: Tried to run command without establishing a connection

2025-07-29 22:18:10,414 - ERROR - An error occurred while fetching listing 3756092: Message: Tried to run command without establishing a connection

2025-07-29 22:18:10,415 - ERROR - An error occurred while fetching listing 3750053: Message: Tried to run command without establishing a connection

2025-07-29 22:18:10,416 - ERROR - An error occurred while fetching listing 3768286: Message: Tried to run command without establishing a connection

2025-07-29 22:18:10,416 - ERROR - An error occurred while fetching listing 3762323: Message: Tried to run command without establishing a connection

2025-07-29 22:18:10,417 - ERROR - An error occurred while fetching listing 3734563: Message: Tried to run command without establishing a connection

2025-07-29 22:18:10,418 - ERROR - An error occurred while fetching listing 3752953: Message: Tried to run command without establishing a connection

2025-07-29 22:18:10,418 - ERROR - An error occurred while fetching listing 3754673: Message: Tried to run command without establishing a connection

2025-07-29 22:18:10,419 - ERROR - An error occurred while fetching listing 3748866: Message: Tried to run command without establishing a connection

2025-07-29 22:18:10,420 - ERROR - An error occurred while fetching listing 3737843: Message: Tried to run command without establishing a connection

2025-07-29 22:18:10,421 - ERROR - An error occurred while fetching listing 3751694: Message: Tried to run command without establishing a connection

2025-07-29 22:18:10,421 - ERROR - An error occurred while fetching listing 3747516: Message: Tried to run command without establishing a connection

2025-07-29 22:18:10,422 - ERROR - An error occurred while fetching listing 3768023: Message: Tried to run command without establishing a connection

2025-07-29 22:18:10,423 - ERROR - An error occurred while fetching listing 3750598: Message: Tried to run command without establishing a connection

2025-07-29 22:18:10,423 - ERROR - An error occurred while fetching listing 3766137: Message: Tried to run command without establishing a connection

2025-07-29 22:18:10,424 - ERROR - An error occurred while fetching listing 3747902: Message: Tried to run command without establishing a connection

2025-07-29 22:18:10,425 - ERROR - An error occurred while fetching listing 3767251: Message: Tried to run command without establishing a connection

2025-07-29 22:18:10,426 - ERROR - An error occurred while fetching listing 3758279: Message: Tried to run command without establishing a connection

2025-07-29 22:18:10,426 - ERROR - An error occurred while fetching listing 3761502: Message: Tried to run command without establishing a connection

2025-07-29 22:18:10,427 - ERROR - An error occurred while fetching listing 3767994: Message: Tried to run command without establishing a connection

2025-07-29 22:18:10,428 - ERROR - An error occurred while fetching listing 3745764: Message: Tried to run command without establishing a connection

2025-07-29 22:18:10,428 - ERROR - An error occurred while fetching listing 3447736: Message: Tried to run command without establishing a connection

2025-07-29 22:18:10,429 - ERROR - An error occurred while fetching listing 3606271: Message: Tried to run command without establishing a connection

2025-07-29 22:18:10,430 - ERROR - An error occurred while fetching listing 3753812: Message: Tried to run command without establishing a connection

2025-07-29 22:18:10,431 - ERROR - An error occurred while fetching listing 3727872: Message: Tried to run command without establishing a connection

2025-07-29 22:18:10,431 - ERROR - An error occurred while fetching listing 3747976: Message: Tried to run command without establishing a connection

2025-07-29 22:18:10,432 - ERROR - An error occurred while fetching listing 3762064: Message: Tried to run command without establishing a connection

2025-07-29 22:18:10,433 - ERROR - An error occurred while fetching listing 3585371: Message: Tried to run command without establishing a connection

2025-07-29 22:18:10,433 - ERROR - An error occurred while fetching listing 3736933: Message: Tried to run command without establishing a connection

2025-07-29 22:18:10,434 - ERROR - An error occurred while fetching listing 3764866: Message: Tried to run command without establishing a connection

2025-07-29 22:18:10,435 - ERROR - An error occurred while fetching listing 3766735: Message: Tried to run command without establishing a connection

2025-07-29 22:18:10,435 - ERROR - An error occurred while fetching listing 3765223: Message: Tried to run command without establishing a connection

2025-07-29 22:18:10,436 - ERROR - An error occurred while fetching listing 3756493: Message: Tried to run command without establishing a connection

2025-07-29 22:18:10,437 - ERROR - An error occurred while fetching listing 3729847: Message: Tried to run command without establishing a connection

2025-07-29 22:18:10,438 - ERROR - An error occurred while fetching listing 3757244: Message: Tried to run command without establishing a connection

2025-07-29 22:18:10,438 - ERROR - An error occurred while fetching listing 3758481: Message: Tried to run command without establishing a connection

2025-07-29 22:18:10,439 - ERROR - An error occurred while fetching listing 3744302: Message: Tried to run command without establishing a connection

2025-07-29 22:18:10,440 - ERROR - An error occurred while fetching listing 3744533: Message: Tried to run command without establishing a connection

2025-07-29 22:18:10,440 - ERROR - An error occurred while fetching listing 3739972: Message: Tried to run command without establishing a connection

2025-07-29 22:18:10,441 - ERROR - An error occurred while fetching listing 3765504: Message: Tried to run command without establishing a connection

2025-07-29 22:18:10,442 - ERROR - An error occurred while fetching listing 3743803: Message: Tried to run command without establishing a connection

2025-07-29 22:18:10,443 - ERROR - An error occurred while fetching listing 3734746: Message: Tried to run command without establishing a connection

2025-07-29 22:18:10,443 - ERROR - An error occurred while fetching listing 3738904: Message: Tried to run command without establishing a connection

2025-07-29 22:18:10,444 - ERROR - An error occurred while fetching listing 3767446: Message: Tried to run command without establishing a connection

2025-07-29 22:18:10,445 - ERROR - An error occurred while fetching listing 3751282: Message: Tried to run command without establishing a connection

2025-07-29 22:18:10,445 - ERROR - An error occurred while fetching listing 3738536: Message: Tried to run command without establishing a connection

2025-07-29 22:18:10,446 - ERROR - An error occurred while fetching listing 3740635: Message: Tried to run command without establishing a connection

2025-07-29 22:18:10,447 - ERROR - An error occurred while fetching listing 3745293: Message: Tried to run command without establishing a connection

2025-07-29 22:18:10,447 - ERROR - An error occurred while fetching listing 3755292: Message: Tried to run command without establishing a connection

2025-07-29 22:18:10,448 - ERROR - An error occurred while fetching listing 3758956: Message: Tried to run command without establishing a connection

2025-07-29 22:18:10,449 - ERROR - An error occurred while fetching listing 3670200: Message: Tried to run command without establishing a connection

2025-07-29 22:18:10,450 - ERROR - An error occurred while fetching listing 3752090: Message: Tried to run command without establishing a connection

2025-07-29 22:18:10,450 - ERROR - An error occurred while fetching listing 3758065: Message: Tried to run command without establishing a connection

2025-07-29 22:18:10,451 - ERROR - An error occurred while fetching listing 3631338: Message: Tried to run command without establishing a connection

2025-07-29 22:18:10,452 - ERROR - An error occurred while fetching listing 3768365: Message: Tried to run command without establishing a connection

2025-07-29 22:18:10,452 - ERROR - An error occurred while fetching listing 3766333: Message: Tried to run command without establishing a connection

2025-07-29 22:18:10,453 - ERROR - An error occurred while fetching listing 3755356: Message: Tried to run command without establishing a connection

2025-07-29 22:18:10,454 - ERROR - An error occurred while fetching listing 3760185: Message: Tried to run command without establishing a connection

2025-07-29 22:18:10,455 - ERROR - An error occurred while fetching listing 3751212: Message: Tried to run command without establishing a connection

2025-07-29 22:18:10,455 - ERROR - An error occurred while fetching listing 3761008: Message: Tried to run command without establishing a connection

2025-07-29 22:18:10,456 - ERROR - An error occurred while fetching listing 3765510: Message: Tried to run command without establishing a connection

2025-07-29 22:18:10,457 - ERROR - An error occurred while fetching listing 3734797: Message: Tried to run command without establishing a connection

2025-07-29 22:18:10,457 - ERROR - An error occurred while fetching listing 3766546: Message: Tried to run command without establishing a connection

2025-07-29 22:18:10,458 - ERROR - An error occurred while fetching listing 3761638: Message: Tried to run command without establishing a connection

2025-07-29 22:18:10,459 - ERROR - An error occurred while fetching listing 3755064: Message: Tried to run command without establishing a connection

2025-07-29 22:18:10,460 - ERROR - An error occurred while fetching listing 3765662: Message: Tried to run command without establishing a connection

2025-07-29 22:18:10,460 - ERROR - An error occurred while fetching listing 3765203: Message: Tried to run command without establishing a connection

2025-07-29 22:18:10,461 - ERROR - An error occurred while fetching listing 3767652: Message: Tried to run command without establishing a connection

2025-07-29 22:18:10,462 - ERROR - An error occurred while fetching listing 3763050: Message: Tried to run command without establishing a connection

2025-07-29 22:18:10,462 - ERROR - An error occurred while fetching listing 3736462: Message: Tried to run command without establishing a connection

2025-07-29 22:18:10,463 - ERROR - An error occurred while fetching listing 3746309: Message: Tried to run command without establishing a connection

2025-07-29 22:18:10,464 - ERROR - An error occurred while fetching listing 3734702: Message: Tried to run command without establishing a connection

2025-07-29 22:18:10,465 - ERROR - An error occurred while fetching listing 3738494: Message: Tried to run command without establishing a connection

2025-07-29 22:18:10,465 - ERROR - An error occurred while fetching listing 3756735: Message: Tried to run command without establishing a connection

2025-07-29 22:18:10,466 - ERROR - An error occurred while fetching listing 3732534: Message: Tried to run command without establishing a connection

2025-07-29 22:18:10,467 - ERROR - An error occurred while fetching listing 3767101: Message: Tried to run command without establishing a connection

2025-07-29 22:18:10,467 - ERROR - An error occurred while fetching listing 3762712: Message: Tried to run command without establishing a connection

2025-07-29 22:18:10,468 - ERROR - An error occurred while fetching listing 3729523: Message: Tried to run command without establishing a connection

2025-07-29 22:18:10,469 - ERROR - An error occurred while fetching listing 3737456: Message: Tried to run command without establishing a connection

2025-07-29 22:18:10,470 - ERROR - An error occurred while fetching listing 3767801: Message: Tried to run command without establishing a connection

2025-07-29 22:18:10,470 - ERROR - An error occurred while fetching listing 3754547: Message: Tried to run command without establishing a connection

2025-07-29 22:18:10,471 - ERROR - An error occurred while fetching listing 3758403: Message: Tried to run command without establishing a connection

2025-07-29 22:18:10,472 - ERROR - An error occurred while fetching listing 3740636: Message: Tried to run command without establishing a connection

2025-07-29 22:18:10,472 - ERROR - An error occurred while fetching listing 3767873: Message: Tried to run command without establishing a connection

2025-07-29 22:18:10,473 - ERROR - An error occurred while fetching listing 3762317: Message: Tried to run command without establishing a connection

2025-07-29 22:18:10,474 - ERROR - An error occurred while fetching listing 3728293: Message: Tried to run command without establishing a connection

2025-07-29 22:18:10,475 - ERROR - An error occurred while fetching listing 3756649: Message: Tried to run command without establishing a connection

2025-07-29 22:18:10,475 - ERROR - An error occurred while fetching listing 3763319: Message: Tried to run command without establishing a connection

2025-07-29 22:18:10,476 - ERROR - An error occurred while fetching listing 3741277: Message: Tried to run command without establishing a connection

2025-07-29 22:18:10,477 - ERROR - An error occurred while fetching listing 3762928: Message: Tried to run command without establishing a connection

2025-07-29 22:18:10,477 - ERROR - An error occurred while fetching listing 3739280: Message: Tried to run command without establishing a connection

2025-07-29 22:18:10,478 - ERROR - An error occurred while fetching listing 3683273: Message: Tried to run command without establishing a connection

2025-07-29 22:18:10,479 - ERROR - An error occurred while fetching listing 3764938: Message: Tried to run command without establishing a connection

2025-07-29 22:18:10,479 - ERROR - An error occurred while fetching listing 3759042: Message: Tried to run command without establishing a connection

2025-07-29 22:18:10,480 - ERROR - An error occurred while fetching listing 3736267: Message: Tried to run command without establishing a connection

2025-07-29 22:18:10,481 - ERROR - An error occurred while fetching listing 3729205: Message: Tried to run command without establishing a connection

2025-07-29 22:18:10,482 - ERROR - An error occurred while fetching listing 3763188: Message: Tried to run command without establishing a connection

2025-07-29 22:18:10,482 - ERROR - An error occurred while fetching listing 3761564: Message: Tried to run command without establishing a connection

2025-07-29 22:18:10,483 - ERROR - An error occurred while fetching listing 3742461: Message: Tried to run command without establishing a connection

2025-07-29 22:18:10,484 - ERROR - An error occurred while fetching listing 3761270: Message: Tried to run command without establishing a connection

2025-07-29 22:18:10,484 - ERROR - An error occurred while fetching listing 3760938: Message: Tried to run command without establishing a connection

2025-07-29 22:18:10,485 - ERROR - An error occurred while fetching listing 3767156: Message: Tried to run command without establishing a connection

2025-07-29 22:18:10,486 - ERROR - An error occurred while fetching listing 3765167: Message: Tried to run command without establishing a connection

2025-07-29 22:18:10,486 - ERROR - An error occurred while fetching listing 3761213: Message: Tried to run command without establishing a connection

2025-07-29 22:18:10,487 - ERROR - An error occurred while fetching listing 3726404: Message: Tried to run command without establishing a connection

2025-07-29 22:18:10,488 - ERROR - An error occurred while fetching listing 3741606: Message: Tried to run command without establishing a connection

2025-07-29 22:18:10,489 - ERROR - An error occurred while fetching listing 3764693: Message: Tried to run command without establishing a connection

2025-07-29 22:18:10,489 - ERROR - An error occurred while fetching listing 3726916: Message: Tried to run command without establishing a connection

2025-07-29 22:18:10,490 - ERROR - An error occurred while fetching listing 3751162: Message: Tried to run command without establishing a connection

2025-07-29 22:18:10,491 - ERROR - An error occurred while fetching listing 3750491: Message: Tried to run command without establishing a connection

2025-07-29 22:18:10,491 - ERROR - An error occurred while fetching listing 3762791: Message: Tried to run command without establishing a connection

2025-07-29 22:18:10,492 - ERROR - An error occurred while fetching listing 3768513: Message: Tried to run command without establishing a connection

2025-07-29 22:18:10,493 - ERROR - An error occurred while fetching listing 3733585: Message: Tried to run command without establishing a connection

2025-07-29 22:18:10,493 - ERROR - An error occurred while fetching listing 3740426: Message: Tried to run command without establishing a connection

2025-07-29 22:18:10,494 - ERROR - An error occurred while fetching listing 3737571: Message: Tried to run command without establishing a connection

2025-07-29 22:18:10,495 - ERROR - An error occurred while fetching listing 3768608: Message: Tried to run command without establishing a connection

2025-07-29 22:18:10,496 - ERROR - An error occurred while fetching listing 3734088: Message: Tried to run command without establishing a connection

2025-07-29 22:18:10,496 - ERROR - An error occurred while fetching listing 3655905: Message: Tried to run command without establishing a connection

2025-07-29 22:18:10,497 - ERROR - An error occurred while fetching listing 3768633: Message: Tried to run command without establishing a connection

2025-07-29 22:18:10,498 - ERROR - An error occurred while fetching listing 3765729: Message: Tried to run command without establishing a connection

2025-07-29 22:18:10,498 - ERROR - An error occurred while fetching listing 3740152: Message: Tried to run command without establishing a connection

2025-07-29 22:18:10,499 - ERROR - An error occurred while fetching listing 3760128: Message: Tried to run command without establishing a connection

2025-07-29 22:18:10,500 - ERROR - An error occurred while fetching listing 3655190: Message: Tried to run command without establishing a connection

2025-07-29 22:18:10,501 - ERROR - An error occurred while fetching listing 3760736: Message: Tried to run command without establishing a connection

2025-07-29 22:18:10,501 - ERROR - An error occurred while fetching listing 3739560: Message: Tried to run command without establishing a connection

2025-07-29 22:18:10,502 - ERROR - An error occurred while fetching listing 3742684: Message: Tried to run command without establishing a connection

2025-07-29 22:18:10,503 - ERROR - An error occurred while fetching listing 3757216: Message: Tried to run command without establishing a connection

2025-07-29 22:18:10,503 - ERROR - An error occurred while fetching listing 3733552: Message: Tried to run command without establishing a connection

2025-07-29 22:18:10,504 - ERROR - An error occurred while fetching listing 3763230: Message: Tried to run command without establishing a connection

2025-07-29 22:18:10,505 - ERROR - An error occurred while fetching listing 3762685: Message: Tried to run command without establishing a connection

2025-07-29 22:18:10,505 - ERROR - An error occurred while fetching listing 3761557: Message: Tried to run command without establishing a connection

2025-07-29 22:18:10,506 - ERROR - An error occurred while fetching listing 3748929: Message: Tried to run command without establishing a connection

2025-07-29 22:18:10,507 - ERROR - An error occurred while fetching listing 3734539: Message: Tried to run command without establishing a connection

2025-07-29 22:18:10,508 - ERROR - An error occurred while fetching listing 3763577: Message: Tried to run command without establishing a connection

2025-07-29 22:18:10,508 - ERROR - An error occurred while fetching listing 3759377: Message: Tried to run command without establishing a connection

2025-07-29 22:18:10,509 - ERROR - An error occurred while fetching listing 3758701: Message: Tried to run command without establishing a connection

2025-07-29 22:18:10,510 - ERROR - An error occurred while fetching listing 3720783: Message: Tried to run command without establishing a connection

2025-07-29 22:18:10,510 - ERROR - An error occurred while fetching listing 3731970: Message: Tried to run command without establishing a connection

2025-07-29 22:18:10,511 - ERROR - An error occurred while fetching listing 3761608: Message: Tried to run command without establishing a connection

2025-07-29 22:18:10,512 - ERROR - An error occurred while fetching listing 3752539: Message: Tried to run command without establishing a connection

2025-07-29 22:18:10,513 - ERROR - An error occurred while fetching listing 3730944: Message: Tried to run command without establishing a connection

2025-07-29 22:18:10,513 - ERROR - An error occurred while fetching listing 3755314: Message: Tried to run command without establishing a connection

2025-07-29 22:18:10,514 - ERROR - An error occurred while fetching listing 3753276: Message: Tried to run command without establishing a connection

2025-07-29 22:18:10,515 - ERROR - An error occurred while fetching listing 3733939: Message: Tried to run command without establishing a connection

2025-07-29 22:18:10,515 - ERROR - An error occurred while fetching listing 3739092: Message: Tried to run command without establishing a connection

2025-07-29 22:18:10,516 - ERROR - An error occurred while fetching listing 3727021: Message: Tried to run command without establishing a connection

2025-07-29 22:18:10,517 - ERROR - An error occurred while fetching listing 3763492: Message: Tried to run command without establishing a connection

2025-07-29 22:18:10,518 - ERROR - An error occurred while fetching listing 3764494: Message: Tried to run command without establishing a connection

2025-07-29 22:18:10,518 - ERROR - An error occurred while fetching listing 3765331: Message: Tried to run command without establishing a connection

2025-07-29 22:18:10,519 - ERROR - An error occurred while fetching listing 3756080: Message: Tried to run command without establishing a connection

2025-07-29 22:18:10,520 - ERROR - An error occurred while fetching listing 3447863: Message: Tried to run command without establishing a connection

2025-07-29 22:18:10,520 - ERROR - An error occurred while fetching listing 3732767: Message: Tried to run command without establishing a connection

2025-07-29 22:18:10,521 - ERROR - An error occurred while fetching listing 3745023: Message: Tried to run command without establishing a connection

2025-07-29 22:18:10,522 - ERROR - An error occurred while fetching listing 3763042: Message: Tried to run command without establishing a connection

2025-07-29 22:18:10,522 - ERROR - An error occurred while fetching listing 3755343: Message: Tried to run command without establishing a connection

2025-07-29 22:18:10,523 - ERROR - An error occurred while fetching listing 3750107: Message: Tried to run command without establishing a connection

2025-07-29 22:18:10,524 - ERROR - An error occurred while fetching listing 3745766: Message: Tried to run command without establishing a connection

2025-07-29 22:18:10,525 - ERROR - An error occurred while fetching listing 3745750: Message: Tried to run command without establishing a connection

2025-07-29 22:18:10,525 - ERROR - An error occurred while fetching listing 3744277: Message: Tried to run command without establishing a connection

2025-07-29 22:18:10,526 - ERROR - An error occurred while fetching listing 3748716: Message: Tried to run command without establishing a connection

2025-07-29 22:18:10,527 - ERROR - An error occurred while fetching listing 3764260: Message: Tried to run command without establishing a connection

2025-07-29 22:18:10,527 - ERROR - An error occurred while fetching listing 3766005: Message: Tried to run command without establishing a connection

2025-07-29 22:18:10,528 - ERROR - An error occurred while fetching listing 3735079: Message: Tried to run command without establishing a connection

2025-07-29 22:18:10,529 - ERROR - An error occurred while fetching listing 3748455: Message: Tried to run command without establishing a connection

2025-07-29 22:18:10,530 - ERROR - An error occurred while fetching listing 3761284: Message: Tried to run command without establishing a connection

2025-07-29 22:18:10,530 - ERROR - An error occurred while fetching listing 3750498: Message: Tried to run command without establishing a connection

2025-07-29 22:18:10,531 - ERROR - An error occurred while fetching listing 3731165: Message: Tried to run command without establishing a connection

2025-07-29 22:18:10,532 - ERROR - An error occurred while fetching listing 3764559: Message: Tried to run command without establishing a connection

2025-07-29 22:18:10,532 - ERROR - An error occurred while fetching listing 3765733: Message: Tried to run command without establishing a connection

2025-07-29 22:18:10,533 - ERROR - An error occurred while fetching listing 3750833: Message: Tried to run command without establishing a connection

2025-07-29 22:18:10,534 - ERROR - An error occurred while fetching listing 3768512: Message: Tried to run command without establishing a connection

2025-07-29 22:18:10,535 - ERROR - An error occurred while fetching listing 3743348: Message: Tried to run command without establishing a connection

2025-07-29 22:18:10,535 - ERROR - An error occurred while fetching listing 3740508: Message: Tried to run command without establishing a connection

2025-07-29 22:18:10,536 - ERROR - An error occurred while fetching listing 3758775: Message: Tried to run command without establishing a connection

2025-07-29 22:18:10,537 - ERROR - An error occurred while fetching listing 3758550: Message: Tried to run command without establishing a connection

2025-07-29 22:18:10,537 - ERROR - An error occurred while fetching listing 3763473: Message: Tried to run command without establishing a connection

2025-07-29 22:18:10,538 - ERROR - An error occurred while fetching listing 3761133: Message: Tried to run command without establishing a connection

2025-07-29 22:18:10,539 - ERROR - An error occurred while fetching listing 3747381: Message: Tried to run command without establishing a connection

2025-07-29 22:18:10,540 - ERROR - An error occurred while fetching listing 3745087: Message: Tried to run command without establishing a connection

2025-07-29 22:18:10,540 - ERROR - An error occurred while fetching listing 3753154: Message: Tried to run command without establishing a connection

2025-07-29 22:18:10,541 - ERROR - An error occurred while fetching listing 3752603: Message: Tried to run command without establishing a connection

2025-07-29 22:18:10,542 - ERROR - An error occurred while fetching listing 3750627: Message: Tried to run command without establishing a connection

2025-07-29 22:18:10,542 - ERROR - An error occurred while fetching listing 3763661: Message: Tried to run command without establishing a connection

2025-07-29 22:18:10,543 - ERROR - An error occurred while fetching listing 3761391: Message: Tried to run command without establishing a connection

2025-07-29 22:18:10,544 - ERROR - An error occurred while fetching listing 3763591: Message: Tried to run command without establishing a connection

2025-07-29 22:18:10,545 - ERROR - An error occurred while fetching listing 3750643: Message: Tried to run command without establishing a connection

2025-07-29 22:18:10,545 - ERROR - An error occurred while fetching listing 3766360: Message: Tried to run command without establishing a connection

2025-07-29 22:18:10,546 - ERROR - An error occurred while fetching listing 3754567: Message: Tried to run command without establishing a connection

2025-07-29 22:18:10,547 - ERROR - An error occurred while fetching listing 3760384: Message: Tried to run command without establishing a connection

2025-07-29 22:18:10,547 - ERROR - An error occurred while fetching listing 3761193: Message: Tried to run command without establishing a connection

2025-07-29 22:18:10,548 - ERROR - An error occurred while fetching listing 3749085: Message: Tried to run command without establishing a connection

2025-07-29 22:18:10,549 - ERROR - An error occurred while fetching listing 3730670: Message: Tried to run command without establishing a connection

2025-07-29 22:18:10,550 - ERROR - An error occurred while fetching listing 3760173: Message: Tried to run command without establishing a connection

2025-07-29 22:18:10,550 - ERROR - An error occurred while fetching listing 3758737: Message: Tried to run command without establishing a connection

2025-07-29 22:18:10,551 - ERROR - An error occurred while fetching listing 3748980: Message: Tried to run command without establishing a connection

2025-07-29 22:18:10,552 - ERROR - An error occurred while fetching listing 3759465: Message: Tried to run command without establishing a connection

2025-07-29 22:18:10,552 - ERROR - An error occurred while fetching listing 3733403: Message: Tried to run command without establishing a connection

2025-07-29 22:18:10,553 - ERROR - An error occurred while fetching listing 3734425: Message: Tried to run command without establishing a connection

2025-07-29 22:18:10,554 - ERROR - An error occurred while fetching listing 3735066: Message: Tried to run command without establishing a connection

2025-07-29 22:18:10,554 - ERROR - An error occurred while fetching listing 3767527: Message: Tried to run command without establishing a connection

2025-07-29 22:18:10,555 - ERROR - An error occurred while fetching listing 3728647: Message: Tried to run command without establishing a connection

2025-07-29 22:18:10,556 - ERROR - An error occurred while fetching listing 3766021: Message: Tried to run command without establishing a connection

2025-07-29 22:18:10,557 - ERROR - An error occurred while fetching listing 3740750: Message: Tried to run command without establishing a connection

2025-07-29 22:18:10,557 - ERROR - An error occurred while fetching listing 3725648: Message: Tried to run command without establishing a connection

2025-07-29 22:18:10,558 - ERROR - An error occurred while fetching listing 3767279: Message: Tried to run command without establishing a connection

2025-07-29 22:18:10,559 - ERROR - An error occurred while fetching listing 3743202: Message: Tried to run command without establishing a connection

2025-07-29 22:18:10,559 - ERROR - An error occurred while fetching listing 3763090: Message: Tried to run command without establishing a connection

2025-07-29 22:18:10,560 - ERROR - An error occurred while fetching listing 3762204: Message: Tried to run command without establishing a connection

2025-07-29 22:18:10,561 - ERROR - An error occurred while fetching listing 3758000: Message: Tried to run command without establishing a connection

2025-07-29 22:18:10,562 - ERROR - An error occurred while fetching listing 3737487: Message: Tried to run command without establishing a connection

2025-07-29 22:18:10,562 - ERROR - An error occurred while fetching listing 3413116: Message: Tried to run command without establishing a connection

2025-07-29 22:18:10,563 - ERROR - An error occurred while fetching listing 3741421: Message: Tried to run command without establishing a connection

2025-07-29 22:18:10,564 - ERROR - An error occurred while fetching listing 3746197: Message: Tried to run command without establishing a connection

2025-07-29 22:18:10,564 - ERROR - An error occurred while fetching listing 3418835: Message: Tried to run command without establishing a connection

2025-07-29 22:18:10,565 - ERROR - An error occurred while fetching listing 3759048: Message: Tried to run command without establishing a connection

2025-07-29 22:18:10,566 - ERROR - An error occurred while fetching listing 3754408: Message: Tried to run command without establishing a connection

2025-07-29 22:18:10,566 - ERROR - An error occurred while fetching listing 3731331: Message: Tried to run command without establishing a connection

2025-07-29 22:18:10,567 - ERROR - An error occurred while fetching listing 3752935: Message: Tried to run command without establishing a connection

2025-07-29 22:18:10,568 - ERROR - An error occurred while fetching listing 3753298: Message: Tried to run command without establishing a connection

2025-07-29 22:18:10,569 - ERROR - An error occurred while fetching listing 3725139: Message: Tried to run command without establishing a connection

2025-07-29 22:18:10,569 - ERROR - An error occurred while fetching listing 3765085: Message: Tried to run command without establishing a connection

2025-07-29 22:18:10,570 - ERROR - An error occurred while fetching listing 3748919: Message: Tried to run command without establishing a connection

2025-07-29 22:18:10,571 - ERROR - An error occurred while fetching listing 3747141: Message: Tried to run command without establishing a connection

2025-07-29 22:18:10,571 - ERROR - An error occurred while fetching listing 3752985: Message: Tried to run command without establishing a connection

2025-07-29 22:18:10,572 - ERROR - An error occurred while fetching listing 3755523: Message: Tried to run command without establishing a connection

2025-07-29 22:18:10,573 - ERROR - An error occurred while fetching listing 3742716: Message: Tried to run command without establishing a connection

2025-07-29 22:18:10,574 - ERROR - An error occurred while fetching listing 3753537: Message: Tried to run command without establishing a connection

2025-07-29 22:18:10,574 - ERROR - An error occurred while fetching listing 3755808: Message: Tried to run command without establishing a connection

2025-07-29 22:18:10,575 - ERROR - An error occurred while fetching listing 3760932: Message: Tried to run command without establishing a connection

2025-07-29 22:18:10,576 - ERROR - An error occurred while fetching listing 3753605: Message: Tried to run command without establishing a connection

2025-07-29 22:18:10,577 - ERROR - An error occurred while fetching listing 3733484: Message: Tried to run command without establishing a connection

2025-07-29 22:18:10,577 - ERROR - An error occurred while fetching listing 3729414: Message: Tried to run command without establishing a connection

2025-07-29 22:18:10,578 - ERROR - An error occurred while fetching listing 3729428: Message: Tried to run command without establishing a connection

2025-07-29 22:18:10,579 - ERROR - An error occurred while fetching listing 3761809: Message: Tried to run command without establishing a connection

2025-07-29 22:18:10,580 - ERROR - An error occurred while fetching listing 3746893: Message: Tried to run command without establishing a connection

2025-07-29 22:18:10,580 - ERROR - An error occurred while fetching listing 3750998: Message: Tried to run command without establishing a connection

2025-07-29 22:18:10,581 - ERROR - An error occurred while fetching listing 3734394: Message: Tried to run command without establishing a connection

2025-07-29 22:18:10,582 - ERROR - An error occurred while fetching listing 3767499: Message: Tried to run command without establishing a connection

2025-07-29 22:18:10,582 - ERROR - An error occurred while fetching listing 3760452: Message: Tried to run command without establishing a connection

2025-07-29 22:18:10,583 - ERROR - An error occurred while fetching listing 3723844: Message: Tried to run command without establishing a connection

2025-07-29 22:18:10,584 - ERROR - An error occurred while fetching listing 3766307: Message: Tried to run command without establishing a connection

2025-07-29 22:18:10,584 - ERROR - An error occurred while fetching listing 3732005: Message: Tried to run command without establishing a connection

2025-07-29 22:18:10,585 - ERROR - An error occurred while fetching listing 3764549: Message: Tried to run command without establishing a connection

2025-07-29 22:18:10,586 - ERROR - An error occurred while fetching listing 3761127: Message: Tried to run command without establishing a connection

2025-07-29 22:18:10,587 - ERROR - An error occurred while fetching listing 3746841: Message: Tried to run command without establishing a connection

2025-07-29 22:18:10,587 - ERROR - An error occurred while fetching listing 3758326: Message: Tried to run command without establishing a connection

2025-07-29 22:18:10,588 - ERROR - An error occurred while fetching listing 3743643: Message: Tried to run command without establishing a connection

2025-07-29 22:18:10,589 - ERROR - An error occurred while fetching listing 3764141: Message: Tried to run command without establishing a connection

2025-07-29 22:18:10,589 - ERROR - An error occurred while fetching listing 3746499: Message: Tried to run command without establishing a connection

2025-07-29 22:18:10,590 - ERROR - An error occurred while fetching listing 3747576: Message: Tried to run command without establishing a connection

2025-07-29 22:18:10,591 - ERROR - An error occurred while fetching listing 3745458: Message: Tried to run command without establishing a connection

2025-07-29 22:18:10,592 - ERROR - An error occurred while fetching listing 3738954: Message: Tried to run command without establishing a connection

2025-07-29 22:18:10,592 - ERROR - An error occurred while fetching listing 3754927: Message: Tried to run command without establishing a connection

2025-07-29 22:18:10,593 - ERROR - An error occurred while fetching listing 3738680: Message: Tried to run command without establishing a connection

2025-07-29 22:18:10,594 - ERROR - An error occurred while fetching listing 3607260: Message: Tried to run command without establishing a connection

2025-07-29 22:18:10,594 - ERROR - An error occurred while fetching listing 3749378: Message: Tried to run command without establishing a connection

2025-07-29 22:18:10,595 - ERROR - An error occurred while fetching listing 3768523: Message: Tried to run command without establishing a connection

2025-07-29 22:18:10,596 - ERROR - An error occurred while fetching listing 3737675: Message: Tried to run command without establishing a connection

2025-07-29 22:18:10,596 - ERROR - An error occurred while fetching listing 3752326: Message: Tried to run command without establishing a connection

2025-07-29 22:18:10,597 - ERROR - An error occurred while fetching listing 3756704: Message: Tried to run command without establishing a connection

2025-07-29 22:18:10,598 - ERROR - An error occurred while fetching listing 3447748: Message: Tried to run command without establishing a connection

2025-07-29 22:18:10,599 - ERROR - An error occurred while fetching listing 3747041: Message: Tried to run command without establishing a connection

2025-07-29 22:18:10,599 - ERROR - An error occurred while fetching listing 3731174: Message: Tried to run command without establishing a connection

2025-07-29 22:18:10,600 - ERROR - An error occurred while fetching listing 3669824: Message: Tried to run command without establishing a connection

2025-07-29 22:18:10,601 - ERROR - An error occurred while fetching listing 3760071: Message: Tried to run command without establishing a connection

2025-07-29 22:18:10,601 - ERROR - An error occurred while fetching listing 3759555: Message: Tried to run command without establishing a connection

2025-07-29 22:18:10,602 - ERROR - An error occurred while fetching listing 3762161: Message: Tried to run command without establishing a connection

2025-07-29 22:18:10,603 - ERROR - An error occurred while fetching listing 3749532: Message: Tried to run command without establishing a connection

2025-07-29 22:18:10,604 - ERROR - An error occurred while fetching listing 3766762: Message: Tried to run command without establishing a connection

2025-07-29 22:18:10,604 - ERROR - An error occurred while fetching listing 3738250: Message: Tried to run command without establishing a connection

2025-07-29 22:18:10,605 - ERROR - An error occurred while fetching listing 3761038: Message: Tried to run command without establishing a connection

2025-07-29 22:18:10,606 - ERROR - An error occurred while fetching listing 3761492: Message: Tried to run command without establishing a connection

2025-07-29 22:18:10,606 - ERROR - An error occurred while fetching listing 3734543: Message: Tried to run command without establishing a connection

2025-07-29 22:18:10,607 - ERROR - An error occurred while fetching listing 3724159: Message: Tried to run command without establishing a connection

2025-07-29 22:18:10,608 - ERROR - An error occurred while fetching listing 3757861: Message: Tried to run command without establishing a connection

2025-07-29 22:18:10,608 - ERROR - An error occurred while fetching listing 3729586: Message: Tried to run command without establishing a connection

2025-07-29 22:18:10,609 - ERROR - An error occurred while fetching listing 3766111: Message: Tried to run command without establishing a connection

2025-07-29 22:18:10,610 - ERROR - An error occurred while fetching listing 3748818: Message: Tried to run command without establishing a connection

2025-07-29 22:18:10,611 - ERROR - An error occurred while fetching listing 3759616: Message: Tried to run command without establishing a connection

2025-07-29 22:18:10,611 - ERROR - An error occurred while fetching listing 3749253: Message: Tried to run command without establishing a connection

2025-07-29 22:18:10,612 - ERROR - An error occurred while fetching listing 3767900: Message: Tried to run command without establishing a connection

2025-07-29 22:18:10,613 - ERROR - An error occurred while fetching listing 3748718: Message: Tried to run command without establishing a connection

2025-07-29 22:18:10,614 - ERROR - An error occurred while fetching listing 3733372: Message: Tried to run command without establishing a connection

2025-07-29 22:18:10,614 - ERROR - An error occurred while fetching listing 3741841: Message: Tried to run command without establishing a connection

2025-07-29 22:18:10,615 - ERROR - An error occurred while fetching listing 3739941: Message: Tried to run command without establishing a connection

2025-07-29 22:18:10,616 - ERROR - An error occurred while fetching listing 3732742: Message: Tried to run command without establishing a connection

2025-07-29 22:18:10,616 - ERROR - An error occurred while fetching listing 3762950: Message: Tried to run command without establishing a connection

2025-07-29 22:18:10,617 - ERROR - An error occurred while fetching listing 3740207: Message: Tried to run command without establishing a connection

2025-07-29 22:18:10,618 - ERROR - An error occurred while fetching listing 3755246: Message: Tried to run command without establishing a connection

2025-07-29 22:18:10,618 - ERROR - An error occurred while fetching listing 3768212: Message: Tried to run command without establishing a connection

2025-07-29 22:18:10,619 - ERROR - An error occurred while fetching listing 3740534: Message: Tried to run command without establishing a connection

2025-07-29 22:18:10,620 - ERROR - An error occurred while fetching listing 3767508: Message: Tried to run command without establishing a connection

2025-07-29 22:18:10,621 - ERROR - An error occurred while fetching listing 3748824: Message: Tried to run command without establishing a connection

2025-07-29 22:18:10,621 - ERROR - An error occurred while fetching listing 3748174: Message: Tried to run command without establishing a connection

2025-07-29 22:18:10,622 - ERROR - An error occurred while fetching listing 3755241: Message: Tried to run command without establishing a connection

2025-07-29 22:18:10,623 - ERROR - An error occurred while fetching listing 1682539: Message: Tried to run command without establishing a connection

2025-07-29 22:18:10,623 - ERROR - An error occurred while fetching listing 3745420: Message: Tried to run command without establishing a connection

2025-07-29 22:18:10,624 - ERROR - An error occurred while fetching listing 3768121: Message: Tried to run command without establishing a connection

2025-07-29 22:18:10,625 - ERROR - An error occurred while fetching listing 3755686: Message: Tried to run command without establishing a connection

2025-07-29 22:18:10,626 - ERROR - An error occurred while fetching listing 3679669: Message: Tried to run command without establishing a connection

2025-07-29 22:18:10,626 - ERROR - An error occurred while fetching listing 3746966: Message: Tried to run command without establishing a connection

2025-07-29 22:18:10,627 - ERROR - An error occurred while fetching listing 3763248: Message: Tried to run command without establishing a connection

2025-07-29 22:18:10,628 - ERROR - An error occurred while fetching listing 3766851: Message: Tried to run command without establishing a connection

2025-07-29 22:18:10,628 - ERROR - An error occurred while fetching listing 3755855: Message: Tried to run command without establishing a connection

2025-07-29 22:18:10,629 - ERROR - An error occurred while fetching listing 3765130: Message: Tried to run command without establishing a connection

2025-07-29 22:18:10,630 - ERROR - An error occurred while fetching listing 3741789: Message: Tried to run command without establishing a connection

2025-07-29 22:18:10,631 - ERROR - An error occurred while fetching listing 3729821: Message: Tried to run command without establishing a connection

2025-07-29 22:18:10,631 - ERROR - An error occurred while fetching listing 3767552: Message: Tried to run command without establishing a connection

2025-07-29 22:18:10,632 - ERROR - An error occurred while fetching listing 3730206: Message: Tried to run command without establishing a connection

2025-07-29 22:18:10,633 - ERROR - An error occurred while fetching listing 3752439: Message: Tried to run command without establishing a connection

2025-07-29 22:18:10,633 - ERROR - An error occurred while fetching listing 3760549: Message: Tried to run command without establishing a connection

2025-07-29 22:18:10,634 - ERROR - An error occurred while fetching listing 3755786: Message: Tried to run command without establishing a connection

2025-07-29 22:18:10,635 - ERROR - An error occurred while fetching listing 3747932: Message: Tried to run command without establishing a connection

2025-07-29 22:18:10,636 - ERROR - An error occurred while fetching listing 3762425: Message: Tried to run command without establishing a connection

2025-07-29 22:18:10,636 - ERROR - An error occurred while fetching listing 3762628: Message: Tried to run command without establishing a connection

2025-07-29 22:18:10,637 - ERROR - An error occurred while fetching listing 3756084: Message: Tried to run command without establishing a connection

2025-07-29 22:18:10,638 - ERROR - An error occurred while fetching listing 3676991: Message: Tried to run command without establishing a connection

2025-07-29 22:18:10,638 - ERROR - An error occurred while fetching listing 3737849: Message: Tried to run command without establishing a connection

2025-07-29 22:18:10,639 - ERROR - An error occurred while fetching listing 3750452: Message: Tried to run command without establishing a connection

2025-07-29 22:18:10,640 - ERROR - An error occurred while fetching listing 3733658: Message: Tried to run command without establishing a connection

2025-07-29 22:18:10,641 - ERROR - An error occurred while fetching listing 3746880: Message: Tried to run command without establishing a connection

2025-07-29 22:18:10,641 - ERROR - An error occurred while fetching listing 3758053: Message: Tried to run command without establishing a connection

2025-07-29 22:18:10,642 - ERROR - An error occurred while fetching listing 3764238: Message: Tried to run command without establishing a connection

2025-07-29 22:18:10,643 - ERROR - An error occurred while fetching listing 3742817: Message: Tried to run command without establishing a connection

2025-07-29 22:18:10,643 - ERROR - An error occurred while fetching listing 3534334: Message: Tried to run command without establishing a connection

2025-07-29 22:18:10,644 - ERROR - An error occurred while fetching listing 3750468: Message: Tried to run command without establishing a connection

2025-07-29 22:18:10,645 - ERROR - An error occurred while fetching listing 3731995: Message: Tried to run command without establishing a connection

2025-07-29 22:18:10,646 - ERROR - An error occurred while fetching listing 3763973: Message: Tried to run command without establishing a connection

2025-07-29 22:18:10,646 - ERROR - An error occurred while fetching listing 3748146: Message: Tried to run command without establishing a connection

2025-07-29 22:18:10,647 - ERROR - An error occurred while fetching listing 3763584: Message: Tried to run command without establishing a connection

2025-07-29 22:18:10,648 - ERROR - An error occurred while fetching listing 3734361: Message: Tried to run command without establishing a connection

2025-07-29 22:18:10,648 - ERROR - An error occurred while fetching listing 3757504: Message: Tried to run command without establishing a connection

2025-07-29 22:18:10,649 - ERROR - An error occurred while fetching listing 3753118: Message: Tried to run command without establishing a connection

2025-07-29 22:18:10,650 - ERROR - An error occurred while fetching listing 3765099: Message: Tried to run command without establishing a connection

2025-07-29 22:18:10,651 - ERROR - An error occurred while fetching listing 3727902: Message: Tried to run command without establishing a connection

2025-07-29 22:18:10,651 - ERROR - An error occurred while fetching listing 3762601: Message: Tried to run command without establishing a connection

2025-07-29 22:18:10,652 - ERROR - An error occurred while fetching listing 3768485: Message: Tried to run command without establishing a connection

2025-07-29 22:18:10,653 - ERROR - An error occurred while fetching listing 3757848: Message: Tried to run command without establishing a connection

2025-07-29 22:18:10,654 - ERROR - An error occurred while fetching listing 3763874: Message: Tried to run command without establishing a connection

2025-07-29 22:18:10,655 - ERROR - An error occurred while fetching listing 3733158: Message: Tried to run command without establishing a connection

2025-07-29 22:18:10,656 - ERROR - An error occurred while fetching listing 3766220: Message: Tried to run command without establishing a connection

2025-07-29 22:18:10,656 - ERROR - An error occurred while fetching listing 3753936: Message: Tried to run command without establishing a connection

2025-07-29 22:18:10,657 - ERROR - An error occurred while fetching listing 3767783: Message: Tried to run command without establishing a connection

2025-07-29 22:18:10,658 - ERROR - An error occurred while fetching listing 3731592: Message: Tried to run command without establishing a connection

2025-07-29 22:18:10,658 - ERROR - An error occurred while fetching listing 3754217: Message: Tried to run command without establishing a connection

2025-07-29 22:18:10,659 - ERROR - An error occurred while fetching listing 3742889: Message: Tried to run command without establishing a connection

2025-07-29 22:18:10,660 - ERROR - An error occurred while fetching listing 3760798: Message: Tried to run command without establishing a connection

2025-07-29 22:18:10,660 - ERROR - An error occurred while fetching listing 3754818: Message: Tried to run command without establishing a connection

2025-07-29 22:18:10,661 - ERROR - An error occurred while fetching listing 3751503: Message: Tried to run command without establishing a connection

2025-07-29 22:18:10,662 - ERROR - An error occurred while fetching listing 3745964: Message: Tried to run command without establishing a connection

2025-07-29 22:18:10,663 - ERROR - An error occurred while fetching listing 3759243: Message: Tried to run command without establishing a connection

2025-07-29 22:18:10,663 - ERROR - An error occurred while fetching listing 3739442: Message: Tried to run command without establishing a connection

2025-07-29 22:18:10,664 - ERROR - An error occurred while fetching listing 3763120: Message: Tried to run command without establishing a connection

2025-07-29 22:18:10,665 - ERROR - An error occurred while fetching listing 3730104: Message: Tried to run command without establishing a connection

2025-07-29 22:18:10,665 - ERROR - An error occurred while fetching listing 3758671: Message: Tried to run command without establishing a connection

2025-07-29 22:18:10,666 - ERROR - An error occurred while fetching listing 3761138: Message: Tried to run command without establishing a connection

2025-07-29 22:18:10,667 - ERROR - An error occurred while fetching listing 3762651: Message: Tried to run command without establishing a connection

2025-07-29 22:18:10,668 - ERROR - An error occurred while fetching listing 3758493: Message: Tried to run command without establishing a connection

2025-07-29 22:18:10,668 - ERROR - An error occurred while fetching listing 3725556: Message: Tried to run command without establishing a connection

2025-07-29 22:18:10,669 - ERROR - An error occurred while fetching listing 3762486: Message: Tried to run command without establishing a connection

2025-07-29 22:18:10,670 - ERROR - An error occurred while fetching listing 3757971: Message: Tried to run command without establishing a connection

2025-07-29 22:18:10,671 - ERROR - An error occurred while fetching listing 3758164: Message: Tried to run command without establishing a connection

2025-07-29 22:18:10,672 - ERROR - An error occurred while fetching listing 3750232: Message: Tried to run command without establishing a connection

2025-07-29 22:18:10,672 - ERROR - An error occurred while fetching listing 3764080: Message: Tried to run command without establishing a connection

2025-07-29 22:18:10,673 - ERROR - An error occurred while fetching listing 3733253: Message: Tried to run command without establishing a connection

2025-07-29 22:18:10,674 - ERROR - An error occurred while fetching listing 3766375: Message: Tried to run command without establishing a connection

2025-07-29 22:18:10,675 - ERROR - An error occurred while fetching listing 3753011: Message: Tried to run command without establishing a connection

2025-07-29 22:18:10,676 - ERROR - An error occurred while fetching listing 3757735: Message: Tried to run command without establishing a connection

2025-07-29 22:18:10,677 - ERROR - An error occurred while fetching listing 3755453: Message: Tried to run command without establishing a connection

2025-07-29 22:18:10,678 - ERROR - An error occurred while fetching listing 3741791: Message: Tried to run command without establishing a connection

2025-07-29 22:18:10,679 - ERROR - An error occurred while fetching listing 3749922: Message: Tried to run command without establishing a connection

2025-07-29 22:18:10,679 - ERROR - An error occurred while fetching listing 3724820: Message: Tried to run command without establishing a connection

2025-07-29 22:18:10,680 - ERROR - An error occurred while fetching listing 3487627: Message: Tried to run command without establishing a connection

2025-07-29 22:18:10,681 - ERROR - An error occurred while fetching listing 3734916: Message: Tried to run command without establishing a connection

2025-07-29 22:18:10,682 - ERROR - An error occurred while fetching listing 3757751: Message: Tried to run command without establishing a connection

2025-07-29 22:18:10,682 - ERROR - An error occurred while fetching listing 3766353: Message: Tried to run command without establishing a connection

2025-07-29 22:18:10,683 - ERROR - An error occurred while fetching listing 3763613: Message: Tried to run command without establishing a connection

2025-07-29 22:18:10,684 - ERROR - An error occurred while fetching listing 3745015: Message: Tried to run command without establishing a connection

2025-07-29 22:18:10,684 - ERROR - An error occurred while fetching listing 3765772: Message: Tried to run command without establishing a connection

2025-07-29 22:18:10,685 - ERROR - An error occurred while fetching listing 3730000: Message: Tried to run command without establishing a connection

2025-07-29 22:18:10,686 - ERROR - An error occurred while fetching listing 3737352: Message: Tried to run command without establishing a connection

2025-07-29 22:18:10,686 - ERROR - An error occurred while fetching listing 3753372: Message: Tried to run command without establishing a connection

2025-07-29 22:18:10,687 - ERROR - An error occurred while fetching listing 3761906: Message: Tried to run command without establishing a connection

2025-07-29 22:18:10,688 - ERROR - An error occurred while fetching listing 3756540: Message: Tried to run command without establishing a connection

2025-07-29 22:18:10,689 - ERROR - An error occurred while fetching listing 3767662: Message: Tried to run command without establishing a connection

2025-07-29 22:18:10,689 - ERROR - An error occurred while fetching listing 3768066: Message: Tried to run command without establishing a connection

2025-07-29 22:18:10,690 - ERROR - An error occurred while fetching listing 3726775: Message: Tried to run command without establishing a connection

2025-07-29 22:18:10,691 - ERROR - An error occurred while fetching listing 3766294: Message: Tried to run command without establishing a connection

2025-07-29 22:18:10,691 - ERROR - An error occurred while fetching listing 3765897: Message: Tried to run command without establishing a connection

2025-07-29 22:18:10,692 - ERROR - An error occurred while fetching listing 3768254: Message: Tried to run command without establishing a connection

2025-07-29 22:18:10,693 - ERROR - An error occurred while fetching listing 3744918: Message: Tried to run command without establishing a connection

2025-07-29 22:18:10,693 - ERROR - An error occurred while fetching listing 3753543: Message: Tried to run command without establishing a connection

2025-07-29 22:18:10,694 - ERROR - An error occurred while fetching listing 3764658: Message: Tried to run command without establishing a connection

2025-07-29 22:18:10,695 - ERROR - An error occurred while fetching listing 3736902: Message: Tried to run command without establishing a connection

2025-07-29 22:18:10,696 - ERROR - An error occurred while fetching listing 3748972: Message: Tried to run command without establishing a connection

2025-07-29 22:18:10,696 - ERROR - An error occurred while fetching listing 3754297: Message: Tried to run command without establishing a connection

2025-07-29 22:18:10,697 - ERROR - An error occurred while fetching listing 3765953: Message: Tried to run command without establishing a connection

2025-07-29 22:18:10,698 - ERROR - An error occurred while fetching listing 3746184: Message: Tried to run command without establishing a connection

2025-07-29 22:18:10,698 - ERROR - An error occurred while fetching listing 3764942: Message: Tried to run command without establishing a connection

2025-07-29 22:18:10,699 - ERROR - An error occurred while fetching listing 3754114: Message: Tried to run command without establishing a connection

2025-07-29 22:18:10,700 - ERROR - An error occurred while fetching listing 3734508: Message: Tried to run command without establishing a connection

2025-07-29 22:18:10,701 - ERROR - An error occurred while fetching listing 3767848: Message: Tried to run command without establishing a connection

2025-07-29 22:18:10,701 - ERROR - An error occurred while fetching listing 3725677: Message: Tried to run command without establishing a connection

2025-07-29 22:18:10,702 - ERROR - An error occurred while fetching listing 3753833: Message: Tried to run command without establishing a connection

2025-07-29 22:18:10,703 - ERROR - An error occurred while fetching listing 3468729: Message: Tried to run command without establishing a connection

2025-07-29 22:18:10,703 - ERROR - An error occurred while fetching listing 3734780: Message: Tried to run command without establishing a connection

2025-07-29 22:18:10,704 - ERROR - An error occurred while fetching listing 3760517: Message: Tried to run command without establishing a connection

2025-07-29 22:18:10,705 - ERROR - An error occurred while fetching listing 3765002: Message: Tried to run command without establishing a connection

2025-07-29 22:18:10,706 - ERROR - An error occurred while fetching listing 3764920: Message: Tried to run command without establishing a connection

2025-07-29 22:18:10,706 - ERROR - An error occurred while fetching listing 3732667: Message: Tried to run command without establishing a connection

2025-07-29 22:18:10,707 - ERROR - An error occurred while fetching listing 3754776: Message: Tried to run command without establishing a connection

2025-07-29 22:18:10,708 - ERROR - An error occurred while fetching listing 3734649: Message: Tried to run command without establishing a connection

2025-07-29 22:18:10,708 - ERROR - An error occurred while fetching listing 3760302: Message: Tried to run command without establishing a connection

2025-07-29 22:18:10,709 - ERROR - An error occurred while fetching listing 3756946: Message: Tried to run command without establishing a connection

2025-07-29 22:18:10,710 - ERROR - An error occurred while fetching listing 3729407: Message: Tried to run command without establishing a connection

2025-07-29 22:18:10,711 - ERROR - An error occurred while fetching listing 3767777: Message: Tried to run command without establishing a connection

2025-07-29 22:18:10,711 - ERROR - An error occurred while fetching listing 3735759: Message: Tried to run command without establishing a connection

2025-07-29 22:18:10,712 - ERROR - An error occurred while fetching listing 3586997: Message: Tried to run command without establishing a connection

2025-07-29 22:18:10,713 - ERROR - An error occurred while fetching listing 3748452: Message: Tried to run command without establishing a connection

2025-07-29 22:18:10,713 - ERROR - An error occurred while fetching listing 3767293: Message: Tried to run command without establishing a connection

2025-07-29 22:18:10,714 - ERROR - An error occurred while fetching listing 3756342: Message: Tried to run command without establishing a connection

2025-07-29 22:18:10,715 - ERROR - An error occurred while fetching listing 3755353: Message: Tried to run command without establishing a connection

2025-07-29 22:18:10,715 - ERROR - An error occurred while fetching listing 3748504: Message: Tried to run command without establishing a connection

2025-07-29 22:18:10,716 - ERROR - An error occurred while fetching listing 3756129: Message: Tried to run command without establishing a connection

2025-07-29 22:18:10,717 - ERROR - An error occurred while fetching listing 3744801: Message: Tried to run command without establishing a connection

2025-07-29 22:18:10,718 - ERROR - An error occurred while fetching listing 3765609: Message: Tried to run command without establishing a connection

2025-07-29 22:18:10,718 - ERROR - An error occurred while fetching listing 3768206: Message: Tried to run command without establishing a connection

2025-07-29 22:18:10,719 - ERROR - An error occurred while fetching listing 3762843: Message: Tried to run command without establishing a connection

2025-07-29 22:18:10,720 - ERROR - An error occurred while fetching listing 3765811: Message: Tried to run command without establishing a connection

2025-07-29 22:18:10,720 - ERROR - An error occurred while fetching listing 3756511: Message: Tried to run command without establishing a connection

2025-07-29 22:18:10,721 - ERROR - An error occurred while fetching listing 3606368: Message: Tried to run command without establishing a connection

2025-07-29 22:18:10,722 - ERROR - An error occurred while fetching listing 3762600: Message: Tried to run command without establishing a connection

2025-07-29 22:18:10,723 - ERROR - An error occurred while fetching listing 3761399: Message: Tried to run command without establishing a connection

2025-07-29 22:18:10,723 - ERROR - An error occurred while fetching listing 3765726: Message: Tried to run command without establishing a connection

2025-07-29 22:18:10,724 - ERROR - An error occurred while fetching listing 3741659: Message: Tried to run command without establishing a connection

2025-07-29 22:18:10,725 - ERROR - An error occurred while fetching listing 3740407: Message: Tried to run command without establishing a connection

2025-07-29 22:18:10,725 - ERROR - An error occurred while fetching listing 3766072: Message: Tried to run command without establishing a connection

2025-07-29 22:18:10,726 - ERROR - An error occurred while fetching listing 3724504: Message: Tried to run command without establishing a connection

2025-07-29 22:18:10,727 - ERROR - An error occurred while fetching listing 3757300: Message: Tried to run command without establishing a connection

2025-07-29 22:18:10,727 - ERROR - An error occurred while fetching listing 3740853: Message: Tried to run command without establishing a connection

2025-07-29 22:18:10,728 - ERROR - An error occurred while fetching listing 3739411: Message: Tried to run command without establishing a connection

2025-07-29 22:18:10,729 - ERROR - An error occurred while fetching listing 3766905: Message: Tried to run command without establishing a connection

2025-07-29 22:18:10,730 - ERROR - An error occurred while fetching listing 3756042: Message: Tried to run command without establishing a connection

2025-07-29 22:18:10,730 - ERROR - An error occurred while fetching listing 3767865: Message: Tried to run command without establishing a connection

2025-07-29 22:18:10,731 - ERROR - An error occurred while fetching listing 3767992: Message: Tried to run command without establishing a connection

2025-07-29 22:18:10,732 - ERROR - An error occurred while fetching listing 3732350: Message: Tried to run command without establishing a connection

2025-07-29 22:18:10,732 - ERROR - An error occurred while fetching listing 3754059: Message: Tried to run command without establishing a connection

2025-07-29 22:18:10,733 - ERROR - An error occurred while fetching listing 3736900: Message: Tried to run command without establishing a connection

2025-07-29 22:18:10,734 - ERROR - An error occurred while fetching listing 3754953: Message: Tried to run command without establishing a connection

2025-07-29 22:18:10,735 - ERROR - An error occurred while fetching listing 3762337: Message: Tried to run command without establishing a connection

2025-07-29 22:18:10,735 - ERROR - An error occurred while fetching listing 3767765: Message: Tried to run command without establishing a connection

2025-07-29 22:18:10,736 - ERROR - An error occurred while fetching listing 3754267: Message: Tried to run command without establishing a connection

2025-07-29 22:18:10,737 - ERROR - An error occurred while fetching listing 3724491: Message: Tried to run command without establishing a connection

2025-07-29 22:18:10,737 - ERROR - An error occurred while fetching listing 3756208: Message: Tried to run command without establishing a connection

2025-07-29 22:18:10,738 - ERROR - An error occurred while fetching listing 3747058: Message: Tried to run command without establishing a connection

2025-07-29 22:18:10,739 - ERROR - An error occurred while fetching listing 3763457: Message: Tried to run command without establishing a connection

2025-07-29 22:18:10,740 - ERROR - An error occurred while fetching listing 3757873: Message: Tried to run command without establishing a connection

2025-07-29 22:18:10,740 - ERROR - An error occurred while fetching listing 3768551: Message: Tried to run command without establishing a connection

2025-07-29 22:18:10,741 - ERROR - An error occurred while fetching listing 3759722: Message: Tried to run command without establishing a connection

2025-07-29 22:18:10,742 - ERROR - An error occurred while fetching listing 3766597: Message: Tried to run command without establishing a connection

2025-07-29 22:18:10,742 - ERROR - An error occurred while fetching listing 3766574: Message: Tried to run command without establishing a connection

2025-07-29 22:18:10,743 - ERROR - An error occurred while fetching listing 3754754: Message: Tried to run command without establishing a connection

2025-07-29 22:18:10,744 - ERROR - An error occurred while fetching listing 3727865: Message: Tried to run command without establishing a connection

2025-07-29 22:18:10,745 - ERROR - An error occurred while fetching listing 3758054: Message: Tried to run command without establishing a connection

2025-07-29 22:18:10,745 - ERROR - An error occurred while fetching listing 3747719: Message: Tried to run command without establishing a connection

2025-07-29 22:18:10,746 - ERROR - An error occurred while fetching listing 3733652: Message: Tried to run command without establishing a connection

2025-07-29 22:18:10,747 - ERROR - An error occurred while fetching listing 3728906: Message: Tried to run command without establishing a connection

2025-07-29 22:18:10,747 - ERROR - An error occurred while fetching listing 3738081: Message: Tried to run command without establishing a connection

2025-07-29 22:18:10,748 - ERROR - An error occurred while fetching listing 3731474: Message: Tried to run command without establishing a connection

2025-07-29 22:18:10,749 - ERROR - An error occurred while fetching listing 3450471: Message: Tried to run command without establishing a connection

2025-07-29 22:18:10,750 - ERROR - An error occurred while fetching listing 3738318: Message: Tried to run command without establishing a connection

2025-07-29 22:18:10,750 - ERROR - An error occurred while fetching listing 3753815: Message: Tried to run command without establishing a connection

2025-07-29 22:18:10,751 - ERROR - An error occurred while fetching listing 3767372: Message: Tried to run command without establishing a connection

2025-07-29 22:18:10,752 - ERROR - An error occurred while fetching listing 3762472: Message: Tried to run command without establishing a connection

2025-07-29 22:18:10,753 - ERROR - An error occurred while fetching listing 3748970: Message: Tried to run command without establishing a connection

2025-07-29 22:18:10,753 - ERROR - An error occurred while fetching listing 3758329: Message: Tried to run command without establishing a connection

2025-07-29 22:18:10,754 - ERROR - An error occurred while fetching listing 3752735: Message: Tried to run command without establishing a connection

2025-07-29 22:18:10,755 - ERROR - An error occurred while fetching listing 3767270: Message: Tried to run command without establishing a connection

2025-07-29 22:18:10,755 - ERROR - An error occurred while fetching listing 3767913: Message: Tried to run command without establishing a connection

2025-07-29 22:18:10,756 - ERROR - An error occurred while fetching listing 3744518: Message: Tried to run command without establishing a connection

2025-07-29 22:18:10,757 - ERROR - An error occurred while fetching listing 3762381: Message: Tried to run command without establishing a connection

2025-07-29 22:18:10,757 - ERROR - An error occurred while fetching listing 3763267: Message: Tried to run command without establishing a connection

2025-07-29 22:18:10,758 - ERROR - An error occurred while fetching listing 3761375: Message: Tried to run command without establishing a connection

2025-07-29 22:18:10,759 - ERROR - An error occurred while fetching listing 3762087: Message: Tried to run command without establishing a connection

2025-07-29 22:18:10,760 - ERROR - An error occurred while fetching listing 3742666: Message: Tried to run command without establishing a connection

2025-07-29 22:18:10,760 - ERROR - An error occurred while fetching listing 3753566: Message: Tried to run command without establishing a connection

2025-07-29 22:18:10,761 - ERROR - An error occurred while fetching listing 3768427: Message: Tried to run command without establishing a connection

2025-07-29 22:18:10,762 - ERROR - An error occurred while fetching listing 3764988: Message: Tried to run command without establishing a connection

2025-07-29 22:18:10,762 - ERROR - An error occurred while fetching listing 3751607: Message: Tried to run command without establishing a connection

2025-07-29 22:18:10,763 - ERROR - An error occurred while fetching listing 3762092: Message: Tried to run command without establishing a connection

2025-07-29 22:18:10,764 - ERROR - An error occurred while fetching listing 3732725: Message: Tried to run command without establishing a connection

2025-07-29 22:18:10,765 - ERROR - An error occurred while fetching listing 3767974: Message: Tried to run command without establishing a connection

2025-07-29 22:18:10,765 - ERROR - An error occurred while fetching listing 3733122: Message: Tried to run command without establishing a connection

2025-07-29 22:18:10,766 - ERROR - An error occurred while fetching listing 3730304: Message: Tried to run command without establishing a connection

2025-07-29 22:18:10,767 - ERROR - An error occurred while fetching listing 3753891: Message: Tried to run command without establishing a connection

2025-07-29 22:18:10,767 - ERROR - An error occurred while fetching listing 3751722: Message: Tried to run command without establishing a connection

2025-07-29 22:18:10,768 - ERROR - An error occurred while fetching listing 3753794: Message: Tried to run command without establishing a connection

2025-07-29 22:18:10,769 - ERROR - An error occurred while fetching listing 3754854: Message: Tried to run command without establishing a connection

2025-07-29 22:18:10,770 - ERROR - An error occurred while fetching listing 3737517: Message: Tried to run command without establishing a connection

2025-07-29 22:18:10,770 - ERROR - An error occurred while fetching listing 3746821: Message: Tried to run command without establishing a connection

2025-07-29 22:18:10,771 - ERROR - An error occurred while fetching listing 3758716: Message: Tried to run command without establishing a connection

2025-07-29 22:18:10,772 - ERROR - An error occurred while fetching listing 3733730: Message: Tried to run command without establishing a connection

2025-07-29 22:18:10,772 - ERROR - An error occurred while fetching listing 3767335: Message: Tried to run command without establishing a connection

2025-07-29 22:18:10,773 - ERROR - An error occurred while fetching listing 3753441: Message: Tried to run command without establishing a connection

2025-07-29 22:18:10,774 - ERROR - An error occurred while fetching listing 3757045: Message: Tried to run command without establishing a connection

2025-07-29 22:18:10,774 - ERROR - An error occurred while fetching listing 3765090: Message: Tried to run command without establishing a connection

2025-07-29 22:18:10,775 - ERROR - An error occurred while fetching listing 3764833: Message: Tried to run command without establishing a connection

2025-07-29 22:18:10,776 - ERROR - An error occurred while fetching listing 3756790: Message: Tried to run command without establishing a connection

2025-07-29 22:18:10,777 - ERROR - An error occurred while fetching listing 3756093: Message: Tried to run command without establishing a connection

2025-07-29 22:18:10,777 - ERROR - An error occurred while fetching listing 3725868: Message: Tried to run command without establishing a connection

2025-07-29 22:18:10,778 - ERROR - An error occurred while fetching listing 3759497: Message: Tried to run command without establishing a connection

2025-07-29 22:18:10,779 - ERROR - An error occurred while fetching listing 3758192: Message: Tried to run command without establishing a connection

2025-07-29 22:18:10,779 - ERROR - An error occurred while fetching listing 3761467: Message: Tried to run command without establishing a connection

2025-07-29 22:18:10,780 - ERROR - An error occurred while fetching listing 3759646: Message: Tried to run command without establishing a connection

2025-07-29 22:18:10,781 - ERROR - An error occurred while fetching listing 3620631: Message: Tried to run command without establishing a connection

2025-07-29 22:18:10,782 - ERROR - An error occurred while fetching listing 3763265: Message: Tried to run command without establishing a connection

2025-07-29 22:18:10,782 - ERROR - An error occurred while fetching listing 3755188: Message: Tried to run command without establishing a connection

2025-07-29 22:18:10,783 - ERROR - An error occurred while fetching listing 3744215: Message: Tried to run command without establishing a connection

2025-07-29 22:18:10,784 - ERROR - An error occurred while fetching listing 3724254: Message: Tried to run command without establishing a connection

2025-07-29 22:18:10,784 - ERROR - An error occurred while fetching listing 3731011: Message: Tried to run command without establishing a connection

2025-07-29 22:18:10,785 - ERROR - An error occurred while fetching listing 3740082: Message: Tried to run command without establishing a connection

2025-07-29 22:18:10,786 - ERROR - An error occurred while fetching listing 3757700: Message: Tried to run command without establishing a connection

2025-07-29 22:18:10,787 - ERROR - An error occurred while fetching listing 3764306: Message: Tried to run command without establishing a connection

2025-07-29 22:18:10,787 - ERROR - An error occurred while fetching listing 3736160: Message: Tried to run command without establishing a connection

2025-07-29 22:18:10,788 - ERROR - An error occurred while fetching listing 3622681: Message: Tried to run command without establishing a connection

2025-07-29 22:18:10,789 - ERROR - An error occurred while fetching listing 3755789: Message: Tried to run command without establishing a connection

2025-07-29 22:18:10,789 - ERROR - An error occurred while fetching listing 3753110: Message: Tried to run command without establishing a connection

2025-07-29 22:18:10,790 - ERROR - An error occurred while fetching listing 3744812: Message: Tried to run command without establishing a connection

2025-07-29 22:18:10,791 - ERROR - An error occurred while fetching listing 3737447: Message: Tried to run command without establishing a connection

2025-07-29 22:18:10,792 - ERROR - An error occurred while fetching listing 3745272: Message: Tried to run command without establishing a connection

2025-07-29 22:18:10,792 - ERROR - An error occurred while fetching listing 3739852: Message: Tried to run command without establishing a connection

2025-07-29 22:18:10,793 - ERROR - An error occurred while fetching listing 3726887: Message: Tried to run command without establishing a connection

2025-07-29 22:18:10,794 - ERROR - An error occurred while fetching listing 3749215: Message: Tried to run command without establishing a connection

2025-07-29 22:18:10,795 - ERROR - An error occurred while fetching listing 3762378: Message: Tried to run command without establishing a connection

2025-07-29 22:18:10,795 - ERROR - An error occurred while fetching listing 3766918: Message: Tried to run command without establishing a connection

2025-07-29 22:18:10,796 - ERROR - An error occurred while fetching listing 3739859: Message: Tried to run command without establishing a connection

2025-07-29 22:18:10,797 - ERROR - An error occurred while fetching listing 3724282: Message: Tried to run command without establishing a connection

2025-07-29 22:18:10,797 - ERROR - An error occurred while fetching listing 3761690: Message: Tried to run command without establishing a connection

2025-07-29 22:18:10,798 - ERROR - An error occurred while fetching listing 3751076: Message: Tried to run command without establishing a connection

2025-07-29 22:18:10,799 - ERROR - An error occurred while fetching listing 3754759: Message: Tried to run command without establishing a connection

2025-07-29 22:18:10,799 - ERROR - An error occurred while fetching listing 3727623: Message: Tried to run command without establishing a connection

2025-07-29 22:18:10,800 - ERROR - An error occurred while fetching listing 3749425: Message: Tried to run command without establishing a connection

2025-07-29 22:18:10,801 - ERROR - An error occurred while fetching listing 3749151: Message: Tried to run command without establishing a connection

2025-07-29 22:18:10,802 - ERROR - An error occurred while fetching listing 3765691: Message: Tried to run command without establishing a connection

2025-07-29 22:18:10,802 - ERROR - An error occurred while fetching listing 3748752: Message: Tried to run command without establishing a connection

2025-07-29 22:18:10,803 - ERROR - An error occurred while fetching listing 3669738: Message: Tried to run command without establishing a connection

2025-07-29 22:18:10,804 - ERROR - An error occurred while fetching listing 2678410: Message: Tried to run command without establishing a connection

2025-07-29 22:18:10,804 - ERROR - An error occurred while fetching listing 3748533: Message: Tried to run command without establishing a connection

2025-07-29 22:18:10,805 - ERROR - An error occurred while fetching listing 3748955: Message: Tried to run command without establishing a connection

2025-07-29 22:18:10,806 - ERROR - An error occurred while fetching listing 3760429: Message: Tried to run command without establishing a connection

2025-07-29 22:18:10,807 - ERROR - An error occurred while fetching listing 3758231: Message: Tried to run command without establishing a connection

2025-07-29 22:18:10,807 - ERROR - An error occurred while fetching listing 3748544: Message: Tried to run command without establishing a connection

2025-07-29 22:18:10,808 - ERROR - An error occurred while fetching listing 3739876: Message: Tried to run command without establishing a connection

2025-07-29 22:18:10,809 - ERROR - An error occurred while fetching listing 3744093: Message: Tried to run command without establishing a connection

2025-07-29 22:18:10,809 - ERROR - An error occurred while fetching listing 3763772: Message: Tried to run command without establishing a connection

2025-07-29 22:18:10,810 - ERROR - An error occurred while fetching listing 3765199: Message: Tried to run command without establishing a connection

2025-07-29 22:18:10,811 - ERROR - An error occurred while fetching listing 3760888: Message: Tried to run command without establishing a connection

2025-07-29 22:18:10,812 - ERROR - An error occurred while fetching listing 3746685: Message: Tried to run command without establishing a connection

2025-07-29 22:18:10,812 - ERROR - An error occurred while fetching listing 3744103: Message: Tried to run command without establishing a connection

2025-07-29 22:18:10,813 - ERROR - An error occurred while fetching listing 3750609: Message: Tried to run command without establishing a connection

2025-07-29 22:18:10,814 - ERROR - An error occurred while fetching listing 3761347: Message: Tried to run command without establishing a connection

2025-07-29 22:18:10,814 - ERROR - An error occurred while fetching listing 3764575: Message: Tried to run command without establishing a connection

2025-07-29 22:18:10,815 - ERROR - An error occurred while fetching listing 3752138: Message: Tried to run command without establishing a connection

2025-07-29 22:18:10,816 - ERROR - An error occurred while fetching listing 3731889: Message: Tried to run command without establishing a connection

2025-07-29 22:18:10,817 - ERROR - An error occurred while fetching listing 3747380: Message: Tried to run command without establishing a connection

2025-07-29 22:18:10,817 - ERROR - An error occurred while fetching listing 3758882: Message: Tried to run command without establishing a connection

2025-07-29 22:18:10,818 - ERROR - An error occurred while fetching listing 3756457: Message: Tried to run command without establishing a connection

2025-07-29 22:18:10,819 - ERROR - An error occurred while fetching listing 3755750: Message: Tried to run command without establishing a connection

2025-07-29 22:18:10,819 - ERROR - An error occurred while fetching listing 3739659: Message: Tried to run command without establishing a connection

2025-07-29 22:18:10,820 - ERROR - An error occurred while fetching listing 3447875: Message: Tried to run command without establishing a connection

2025-07-29 22:18:10,821 - ERROR - An error occurred while fetching listing 3749262: Message: Tried to run command without establishing a connection

2025-07-29 22:18:10,821 - ERROR - An error occurred while fetching listing 3747216: Message: Tried to run command without establishing a connection

2025-07-29 22:18:10,822 - ERROR - An error occurred while fetching listing 3739592: Message: Tried to run command without establishing a connection

2025-07-29 22:18:10,823 - ERROR - An error occurred while fetching listing 3737968: Message: Tried to run command without establishing a connection

2025-07-29 22:18:10,824 - ERROR - An error occurred while fetching listing 3761300: Message: Tried to run command without establishing a connection

2025-07-29 22:18:10,824 - ERROR - An error occurred while fetching listing 3749095: Message: Tried to run command without establishing a connection

2025-07-29 22:18:10,825 - ERROR - An error occurred while fetching listing 3737516: Message: Tried to run command without establishing a connection

2025-07-29 22:18:10,826 - ERROR - An error occurred while fetching listing 3753090: Message: Tried to run command without establishing a connection

2025-07-29 22:18:10,826 - ERROR - An error occurred while fetching listing 3757149: Message: Tried to run command without establishing a connection

2025-07-29 22:18:10,827 - ERROR - An error occurred while fetching listing 3764983: Message: Tried to run command without establishing a connection

2025-07-29 22:18:10,828 - ERROR - An error occurred while fetching listing 3768586: Message: Tried to run command without establishing a connection

2025-07-29 22:18:10,829 - ERROR - An error occurred while fetching listing 3750507: Message: Tried to run command without establishing a connection

2025-07-29 22:18:10,829 - ERROR - An error occurred while fetching listing 3756425: Message: Tried to run command without establishing a connection

2025-07-29 22:18:10,830 - ERROR - An error occurred while fetching listing 3767767: Message: Tried to run command without establishing a connection

2025-07-29 22:18:10,831 - ERROR - An error occurred while fetching listing 3763905: Message: Tried to run command without establishing a connection

2025-07-29 22:18:10,831 - ERROR - An error occurred while fetching listing 3751714: Message: Tried to run command without establishing a connection

2025-07-29 22:18:10,832 - ERROR - An error occurred while fetching listing 3768493: Message: Tried to run command without establishing a connection

2025-07-29 22:18:10,833 - ERROR - An error occurred while fetching listing 3745662: Message: Tried to run command without establishing a connection

2025-07-29 22:18:10,834 - ERROR - An error occurred while fetching listing 3766434: Message: Tried to run command without establishing a connection

2025-07-29 22:18:10,834 - ERROR - An error occurred while fetching listing 3766222: Message: Tried to run command without establishing a connection

2025-07-29 22:18:10,835 - ERROR - An error occurred while fetching listing 3743864: Message: Tried to run command without establishing a connection

2025-07-29 22:18:10,836 - ERROR - An error occurred while fetching listing 3757690: Message: Tried to run command without establishing a connection

2025-07-29 22:18:10,836 - ERROR - An error occurred while fetching listing 3761096: Message: Tried to run command without establishing a connection

2025-07-29 22:18:10,837 - ERROR - An error occurred while fetching listing 3757954: Message: Tried to run command without establishing a connection

2025-07-29 22:18:10,838 - ERROR - An error occurred while fetching listing 3764285: Message: Tried to run command without establishing a connection

2025-07-29 22:18:10,839 - ERROR - An error occurred while fetching listing 3766214: Message: Tried to run command without establishing a connection

2025-07-29 22:18:10,839 - ERROR - An error occurred while fetching listing 3668911: Message: Tried to run command without establishing a connection

2025-07-29 22:18:10,840 - ERROR - An error occurred while fetching listing 3745474: Message: Tried to run command without establishing a connection

2025-07-29 22:18:10,841 - ERROR - An error occurred while fetching listing 3726331: Message: Tried to run command without establishing a connection

2025-07-29 22:18:10,841 - ERROR - An error occurred while fetching listing 3754453: Message: Tried to run command without establishing a connection

2025-07-29 22:18:10,842 - ERROR - An error occurred while fetching listing 3744390: Message: Tried to run command without establishing a connection

2025-07-29 22:18:10,843 - ERROR - An error occurred while fetching listing 3765232: Message: Tried to run command without establishing a connection

2025-07-29 22:18:10,843 - ERROR - An error occurred while fetching listing 3753306: Message: Tried to run command without establishing a connection

2025-07-29 22:18:10,844 - ERROR - An error occurred while fetching listing 3758546: Message: Tried to run command without establishing a connection

2025-07-29 22:18:10,845 - ERROR - An error occurred while fetching listing 3747930: Message: Tried to run command without establishing a connection

2025-07-29 22:18:10,846 - ERROR - An error occurred while fetching listing 3765281: Message: Tried to run command without establishing a connection

2025-07-29 22:18:10,846 - ERROR - An error occurred while fetching listing 3763077: Message: Tried to run command without establishing a connection

2025-07-29 22:18:10,847 - ERROR - An error occurred while fetching listing 3765755: Message: Tried to run command without establishing a connection

2025-07-29 22:18:10,848 - ERROR - An error occurred while fetching listing 3763017: Message: Tried to run command without establishing a connection

2025-07-29 22:18:10,848 - ERROR - An error occurred while fetching listing 3768338: Message: Tried to run command without establishing a connection

2025-07-29 22:18:10,849 - ERROR - An error occurred while fetching listing 3767495: Message: Tried to run command without establishing a connection

2025-07-29 22:18:10,850 - ERROR - An error occurred while fetching listing 3762023: Message: Tried to run command without establishing a connection

2025-07-29 22:18:10,851 - ERROR - An error occurred while fetching listing 3736934: Message: Tried to run command without establishing a connection

2025-07-29 22:18:10,851 - ERROR - An error occurred while fetching listing 3732308: Message: Tried to run command without establishing a connection

2025-07-29 22:18:10,852 - ERROR - An error occurred while fetching listing 3379206: Message: Tried to run command without establishing a connection

2025-07-29 22:18:10,853 - ERROR - An error occurred while fetching listing 3766278: Message: Tried to run command without establishing a connection

2025-07-29 22:18:10,853 - ERROR - An error occurred while fetching listing 3765314: Message: Tried to run command without establishing a connection

2025-07-29 22:18:10,854 - ERROR - An error occurred while fetching listing 3743979: Message: Tried to run command without establishing a connection

2025-07-29 22:18:10,855 - ERROR - An error occurred while fetching listing 3730353: Message: Tried to run command without establishing a connection

2025-07-29 22:18:10,856 - ERROR - An error occurred while fetching listing 3751172: Message: Tried to run command without establishing a connection

2025-07-29 22:18:10,856 - ERROR - An error occurred while fetching listing 3757909: Message: Tried to run command without establishing a connection

2025-07-29 22:18:10,857 - ERROR - An error occurred while fetching listing 3743674: Message: Tried to run command without establishing a connection

2025-07-29 22:18:10,858 - ERROR - An error occurred while fetching listing 3752371: Message: Tried to run command without establishing a connection

2025-07-29 22:18:10,858 - ERROR - An error occurred while fetching listing 3731641: Message: Tried to run command without establishing a connection

2025-07-29 22:18:10,859 - ERROR - An error occurred while fetching listing 3768089: Message: Tried to run command without establishing a connection

2025-07-29 22:18:10,860 - ERROR - An error occurred while fetching listing 3766998: Message: Tried to run command without establishing a connection

2025-07-29 22:18:10,860 - ERROR - An error occurred while fetching listing 3765641: Message: Tried to run command without establishing a connection

2025-07-29 22:18:10,861 - ERROR - An error occurred while fetching listing 3744524: Message: Tried to run command without establishing a connection

2025-07-29 22:18:10,862 - ERROR - An error occurred while fetching listing 3747352: Message: Tried to run command without establishing a connection

2025-07-29 22:18:10,863 - ERROR - An error occurred while fetching listing 3743206: Message: Tried to run command without establishing a connection

2025-07-29 22:18:10,863 - ERROR - An error occurred while fetching listing 3753516: Message: Tried to run command without establishing a connection

2025-07-29 22:18:10,864 - ERROR - An error occurred while fetching listing 3742545: Message: Tried to run command without establishing a connection

2025-07-29 22:18:10,865 - ERROR - An error occurred while fetching listing 3765548: Message: Tried to run command without establishing a connection

2025-07-29 22:18:10,865 - ERROR - An error occurred while fetching listing 3728458: Message: Tried to run command without establishing a connection

2025-07-29 22:18:10,866 - ERROR - An error occurred while fetching listing 3731417: Message: Tried to run command without establishing a connection

2025-07-29 22:18:10,867 - ERROR - An error occurred while fetching listing 3726597: Message: Tried to run command without establishing a connection

2025-07-29 22:18:10,868 - ERROR - An error occurred while fetching listing 3741812: Message: Tried to run command without establishing a connection

2025-07-29 22:18:10,868 - ERROR - An error occurred while fetching listing 3762776: Message: Tried to run command without establishing a connection

2025-07-29 22:18:10,869 - ERROR - An error occurred while fetching listing 3748615: Message: Tried to run command without establishing a connection

2025-07-29 22:18:10,870 - ERROR - An error occurred while fetching listing 3750639: Message: Tried to run command without establishing a connection

2025-07-29 22:18:10,870 - ERROR - An error occurred while fetching listing 3766150: Message: Tried to run command without establishing a connection

2025-07-29 22:18:10,871 - ERROR - An error occurred while fetching listing 3734434: Message: Tried to run command without establishing a connection

2025-07-29 22:18:10,872 - ERROR - An error occurred while fetching listing 3763819: Message: Tried to run command without establishing a connection

2025-07-29 22:18:10,873 - ERROR - An error occurred while fetching listing 3737303: Message: Tried to run command without establishing a connection

2025-07-29 22:18:10,873 - ERROR - An error occurred while fetching listing 3759671: Message: Tried to run command without establishing a connection

2025-07-29 22:18:10,874 - ERROR - An error occurred while fetching listing 3746090: Message: Tried to run command without establishing a connection

2025-07-29 22:18:10,875 - ERROR - An error occurred while fetching listing 3764343: Message: Tried to run command without establishing a connection

2025-07-29 22:18:10,875 - ERROR - An error occurred while fetching listing 3725297: Message: Tried to run command without establishing a connection

2025-07-29 22:18:10,876 - ERROR - An error occurred while fetching listing 3762131: Message: Tried to run command without establishing a connection

2025-07-29 22:18:10,877 - ERROR - An error occurred while fetching listing 3763241: Message: Tried to run command without establishing a connection

2025-07-29 22:18:10,878 - ERROR - An error occurred while fetching listing 3741923: Message: Tried to run command without establishing a connection

2025-07-29 22:18:10,878 - ERROR - An error occurred while fetching listing 3733225: Message: Tried to run command without establishing a connection

2025-07-29 22:18:10,879 - ERROR - An error occurred while fetching listing 3757973: Message: Tried to run command without establishing a connection

2025-07-29 22:18:10,880 - ERROR - An error occurred while fetching listing 3759787: Message: Tried to run command without establishing a connection

2025-07-29 22:18:10,880 - ERROR - An error occurred while fetching listing 3751026: Message: Tried to run command without establishing a connection

2025-07-29 22:18:10,881 - ERROR - An error occurred while fetching listing 3762164: Message: Tried to run command without establishing a connection

2025-07-29 22:18:10,882 - ERROR - An error occurred while fetching listing 3762819: Message: Tried to run command without establishing a connection

2025-07-29 22:18:10,883 - ERROR - An error occurred while fetching listing 3762619: Message: Tried to run command without establishing a connection

2025-07-29 22:18:10,883 - ERROR - An error occurred while fetching listing 3751573: Message: Tried to run command without establishing a connection

2025-07-29 22:18:10,884 - ERROR - An error occurred while fetching listing 3758226: Message: Tried to run command without establishing a connection

2025-07-29 22:18:10,885 - ERROR - An error occurred while fetching listing 3746645: Message: Tried to run command without establishing a connection

2025-07-29 22:18:10,885 - ERROR - An error occurred while fetching listing 3753156: Message: Tried to run command without establishing a connection

2025-07-29 22:18:10,886 - ERROR - An error occurred while fetching listing 3759983: Message: Tried to run command without establishing a connection

2025-07-29 22:18:10,887 - ERROR - An error occurred while fetching listing 3765309: Message: Tried to run command without establishing a connection

2025-07-29 22:18:10,888 - ERROR - An error occurred while fetching listing 3761618: Message: Tried to run command without establishing a connection

2025-07-29 22:18:10,888 - ERROR - An error occurred while fetching listing 3754593: Message: Tried to run command without establishing a connection

2025-07-29 22:18:10,889 - ERROR - An error occurred while fetching listing 3765771: Message: Tried to run command without establishing a connection

2025-07-29 22:18:10,890 - ERROR - An error occurred while fetching listing 3729533: Message: Tried to run command without establishing a connection

2025-07-29 22:18:10,891 - ERROR - An error occurred while fetching listing 3743700: Message: Tried to run command without establishing a connection

2025-07-29 22:18:10,891 - ERROR - An error occurred while fetching listing 3764349: Message: Tried to run command without establishing a connection

2025-07-29 22:18:10,892 - ERROR - An error occurred while fetching listing 3757886: Message: Tried to run command without establishing a connection

2025-07-29 22:18:10,893 - ERROR - An error occurred while fetching listing 3733272: Message: Tried to run command without establishing a connection

2025-07-29 22:18:10,893 - ERROR - An error occurred while fetching listing 3746328: Message: Tried to run command without establishing a connection

2025-07-29 22:18:10,894 - ERROR - An error occurred while fetching listing 3759028: Message: Tried to run command without establishing a connection

2025-07-29 22:18:10,895 - ERROR - An error occurred while fetching listing 3739085: Message: Tried to run command without establishing a connection

2025-07-29 22:18:10,896 - ERROR - An error occurred while fetching listing 3745538: Message: Tried to run command without establishing a connection

2025-07-29 22:18:10,896 - ERROR - An error occurred while fetching listing 3741252: Message: Tried to run command without establishing a connection

2025-07-29 22:18:10,897 - ERROR - An error occurred while fetching listing 3706215: Message: Tried to run command without establishing a connection

2025-07-29 22:18:10,898 - ERROR - An error occurred while fetching listing 3740243: Message: Tried to run command without establishing a connection

2025-07-29 22:18:10,898 - ERROR - An error occurred while fetching listing 3760972: Message: Tried to run command without establishing a connection

2025-07-29 22:18:10,899 - ERROR - An error occurred while fetching listing 3763749: Message: Tried to run command without establishing a connection

2025-07-29 22:18:10,900 - ERROR - An error occurred while fetching listing 3736380: Message: Tried to run command without establishing a connection

2025-07-29 22:18:10,901 - ERROR - An error occurred while fetching listing 3732665: Message: Tried to run command without establishing a connection

2025-07-29 22:18:10,901 - ERROR - An error occurred while fetching listing 3761868: Message: Tried to run command without establishing a connection

2025-07-29 22:18:10,902 - ERROR - An error occurred while fetching listing 3757235: Message: Tried to run command without establishing a connection

2025-07-29 22:18:10,903 - ERROR - An error occurred while fetching listing 3754318: Message: Tried to run command without establishing a connection

2025-07-29 22:18:10,903 - ERROR - An error occurred while fetching listing 3766447: Message: Tried to run command without establishing a connection

2025-07-29 22:18:10,904 - ERROR - An error occurred while fetching listing 3749081: Message: Tried to run command without establishing a connection

2025-07-29 22:18:10,905 - ERROR - An error occurred while fetching listing 3724446: Message: Tried to run command without establishing a connection

2025-07-29 22:18:10,906 - ERROR - An error occurred while fetching listing 3766871: Message: Tried to run command without establishing a connection

2025-07-29 22:18:10,906 - ERROR - An error occurred while fetching listing 3748523: Message: Tried to run command without establishing a connection

2025-07-29 22:18:10,907 - ERROR - An error occurred while fetching listing 3757967: Message: Tried to run command without establishing a connection

2025-07-29 22:18:10,908 - ERROR - An error occurred while fetching listing 3763443: Message: Tried to run command without establishing a connection

2025-07-29 22:18:10,908 - ERROR - An error occurred while fetching listing 3759732: Message: Tried to run command without establishing a connection

2025-07-29 22:18:10,909 - ERROR - An error occurred while fetching listing 3750105: Message: Tried to run command without establishing a connection

2025-07-29 22:18:10,910 - ERROR - An error occurred while fetching listing 3764669: Message: Tried to run command without establishing a connection

2025-07-29 22:18:10,911 - ERROR - An error occurred while fetching listing 3753506: Message: Tried to run command without establishing a connection

2025-07-29 22:18:10,911 - ERROR - An error occurred while fetching listing 3749026: Message: Tried to run command without establishing a connection

2025-07-29 22:18:10,912 - ERROR - An error occurred while fetching listing 3752272: Message: Tried to run command without establishing a connection

2025-07-29 22:18:10,913 - ERROR - An error occurred while fetching listing 3750021: Message: Tried to run command without establishing a connection

2025-07-29 22:18:10,913 - ERROR - An error occurred while fetching listing 3767218: Message: Tried to run command without establishing a connection

2025-07-29 22:18:10,914 - ERROR - An error occurred while fetching listing 3760136: Message: Tried to run command without establishing a connection

2025-07-29 22:18:10,915 - ERROR - An error occurred while fetching listing 3755681: Message: Tried to run command without establishing a connection

2025-07-29 22:18:10,916 - ERROR - An error occurred while fetching listing 3726858: Message: Tried to run command without establishing a connection

2025-07-29 22:18:10,916 - ERROR - An error occurred while fetching listing 3726304: Message: Tried to run command without establishing a connection

2025-07-29 22:18:10,917 - ERROR - An error occurred while fetching listing 3762625: Message: Tried to run command without establishing a connection

2025-07-29 22:18:10,918 - ERROR - An error occurred while fetching listing 3754543: Message: Tried to run command without establishing a connection

2025-07-29 22:18:10,918 - ERROR - An error occurred while fetching listing 3743707: Message: Tried to run command without establishing a connection

2025-07-29 22:18:10,919 - ERROR - An error occurred while fetching listing 3736976: Message: Tried to run command without establishing a connection

2025-07-29 22:18:10,920 - ERROR - An error occurred while fetching listing 3767823: Message: Tried to run command without establishing a connection

2025-07-29 22:18:10,920 - ERROR - An error occurred while fetching listing 3764477: Message: Tried to run command without establishing a connection

2025-07-29 22:18:10,921 - ERROR - An error occurred while fetching listing 3763494: Message: Tried to run command without establishing a connection

2025-07-29 22:18:10,922 - ERROR - An error occurred while fetching listing 3741504: Message: Tried to run command without establishing a connection

2025-07-29 22:18:10,923 - ERROR - An error occurred while fetching listing 3734314: Message: Tried to run command without establishing a connection

2025-07-29 22:18:10,923 - ERROR - An error occurred while fetching listing 3749847: Message: Tried to run command without establishing a connection

2025-07-29 22:18:10,924 - ERROR - An error occurred while fetching listing 3765983: Message: Tried to run command without establishing a connection

2025-07-29 22:18:10,925 - ERROR - An error occurred while fetching listing 3730949: Message: Tried to run command without establishing a connection

2025-07-29 22:18:10,925 - ERROR - An error occurred while fetching listing 3738617: Message: Tried to run command without establishing a connection

2025-07-29 22:18:10,926 - ERROR - An error occurred while fetching listing 3749452: Message: Tried to run command without establishing a connection

2025-07-29 22:18:10,927 - ERROR - An error occurred while fetching listing 3731310: Message: Tried to run command without establishing a connection

2025-07-29 22:18:10,927 - ERROR - An error occurred while fetching listing 3750076: Message: Tried to run command without establishing a connection

2025-07-29 22:18:10,928 - ERROR - An error occurred while fetching listing 3754404: Message: Tried to run command without establishing a connection

2025-07-29 22:18:10,929 - ERROR - An error occurred while fetching listing 3757546: Message: Tried to run command without establishing a connection

2025-07-29 22:18:10,930 - ERROR - An error occurred while fetching listing 3766308: Message: Tried to run command without establishing a connection

2025-07-29 22:18:10,930 - ERROR - An error occurred while fetching listing 3743008: Message: Tried to run command without establishing a connection

2025-07-29 22:18:10,931 - ERROR - An error occurred while fetching listing 3729981: Message: Tried to run command without establishing a connection

2025-07-29 22:18:10,932 - ERROR - An error occurred while fetching listing 3763901: Message: Tried to run command without establishing a connection

2025-07-29 22:18:10,932 - ERROR - An error occurred while fetching listing 3760401: Message: Tried to run command without establishing a connection

2025-07-29 22:18:10,933 - ERROR - An error occurred while fetching listing 3743013: Message: Tried to run command without establishing a connection

2025-07-29 22:18:10,934 - ERROR - An error occurred while fetching listing 3748990: Message: Tried to run command without establishing a connection

2025-07-29 22:18:10,935 - ERROR - An error occurred while fetching listing 3756900: Message: Tried to run command without establishing a connection

2025-07-29 22:18:10,935 - ERROR - An error occurred while fetching listing 3765946: Message: Tried to run command without establishing a connection

2025-07-29 22:18:10,936 - ERROR - An error occurred while fetching listing 3753220: Message: Tried to run command without establishing a connection

2025-07-29 22:18:10,937 - ERROR - An error occurred while fetching listing 3757457: Message: Tried to run command without establishing a connection

2025-07-29 22:18:10,937 - ERROR - An error occurred while fetching listing 3755452: Message: Tried to run command without establishing a connection

2025-07-29 22:18:10,938 - ERROR - An error occurred while fetching listing 3766542: Message: Tried to run command without establishing a connection

2025-07-29 22:18:10,939 - ERROR - An error occurred while fetching listing 3765575: Message: Tried to run command without establishing a connection

2025-07-29 22:18:10,940 - ERROR - An error occurred while fetching listing 3768380: Message: Tried to run command without establishing a connection

2025-07-29 22:18:10,940 - ERROR - An error occurred while fetching listing 3754008: Message: Tried to run command without establishing a connection

2025-07-29 22:18:10,941 - ERROR - An error occurred while fetching listing 3737078: Message: Tried to run command without establishing a connection

2025-07-29 22:18:10,942 - ERROR - An error occurred while fetching listing 3759570: Message: Tried to run command without establishing a connection

2025-07-29 22:18:10,942 - ERROR - An error occurred while fetching listing 3745133: Message: Tried to run command without establishing a connection

2025-07-29 22:18:10,943 - ERROR - An error occurred while fetching listing 3767967: Message: Tried to run command without establishing a connection

2025-07-29 22:18:10,944 - ERROR - An error occurred while fetching listing 3732702: Message: Tried to run command without establishing a connection

2025-07-29 22:18:10,945 - ERROR - An error occurred while fetching listing 3766703: Message: Tried to run command without establishing a connection

2025-07-29 22:18:10,945 - ERROR - An error occurred while fetching listing 3739445: Message: Tried to run command without establishing a connection

2025-07-29 22:18:10,946 - ERROR - An error occurred while fetching listing 3764615: Message: Tried to run command without establishing a connection

2025-07-29 22:18:10,947 - ERROR - An error occurred while fetching listing 3742018: Message: Tried to run command without establishing a connection

2025-07-29 22:18:10,947 - ERROR - An error occurred while fetching listing 3767840: Message: Tried to run command without establishing a connection

2025-07-29 22:18:10,948 - ERROR - An error occurred while fetching listing 3757507: Message: Tried to run command without establishing a connection

2025-07-29 22:18:10,949 - ERROR - An error occurred while fetching listing 3751528: Message: Tried to run command without establishing a connection

2025-07-29 22:18:10,950 - ERROR - An error occurred while fetching listing 3715951: Message: Tried to run command without establishing a connection

2025-07-29 22:18:10,950 - ERROR - An error occurred while fetching listing 3739551: Message: Tried to run command without establishing a connection

2025-07-29 22:18:10,951 - ERROR - An error occurred while fetching listing 3767689: Message: Tried to run command without establishing a connection

2025-07-29 22:18:10,952 - ERROR - An error occurred while fetching listing 3759540: Message: Tried to run command without establishing a connection

2025-07-29 22:18:10,952 - ERROR - An error occurred while fetching listing 3730391: Message: Tried to run command without establishing a connection

2025-07-29 22:18:10,953 - ERROR - An error occurred while fetching listing 3732377: Message: Tried to run command without establishing a connection

2025-07-29 22:18:10,954 - ERROR - An error occurred while fetching listing 3755469: Message: Tried to run command without establishing a connection

2025-07-29 22:18:10,954 - ERROR - An error occurred while fetching listing 3746387: Message: Tried to run command without establishing a connection

2025-07-29 22:18:10,955 - ERROR - An error occurred while fetching listing 3732565: Message: Tried to run command without establishing a connection

2025-07-29 22:18:10,956 - ERROR - An error occurred while fetching listing 3762821: Message: Tried to run command without establishing a connection

2025-07-29 22:18:10,957 - ERROR - An error occurred while fetching listing 3732646: Message: Tried to run command without establishing a connection

2025-07-29 22:18:10,957 - ERROR - An error occurred while fetching listing 3762396: Message: Tried to run command without establishing a connection

2025-07-29 22:18:10,958 - ERROR - An error occurred while fetching listing 3738468: Message: Tried to run command without establishing a connection

2025-07-29 22:18:10,959 - ERROR - An error occurred while fetching listing 3757631: Message: Tried to run command without establishing a connection

2025-07-29 22:18:10,959 - ERROR - An error occurred while fetching listing 3765571: Message: Tried to run command without establishing a connection

2025-07-29 22:18:10,960 - ERROR - An error occurred while fetching listing 3763308: Message: Tried to run command without establishing a connection

2025-07-29 22:18:10,961 - ERROR - An error occurred while fetching listing 3764976: Message: Tried to run command without establishing a connection

2025-07-29 22:18:10,962 - ERROR - An error occurred while fetching listing 3756168: Message: Tried to run command without establishing a connection

2025-07-29 22:18:10,962 - ERROR - An error occurred while fetching listing 3756045: Message: Tried to run command without establishing a connection

2025-07-29 22:18:10,963 - ERROR - An error occurred while fetching listing 3659991: Message: Tried to run command without establishing a connection

2025-07-29 22:18:10,964 - ERROR - An error occurred while fetching listing 3762992: Message: Tried to run command without establishing a connection

2025-07-29 22:18:10,964 - ERROR - An error occurred while fetching listing 3762965: Message: Tried to run command without establishing a connection

2025-07-29 22:18:10,965 - ERROR - An error occurred while fetching listing 3733843: Message: Tried to run command without establishing a connection

2025-07-29 22:18:10,966 - ERROR - An error occurred while fetching listing 3762285: Message: Tried to run command without establishing a connection

2025-07-29 22:18:10,966 - ERROR - An error occurred while fetching listing 3728137: Message: Tried to run command without establishing a connection

2025-07-29 22:18:10,967 - ERROR - An error occurred while fetching listing 3724314: Message: Tried to run command without establishing a connection

2025-07-29 22:18:10,968 - ERROR - An error occurred while fetching listing 3751880: Message: Tried to run command without establishing a connection

2025-07-29 22:18:10,969 - ERROR - An error occurred while fetching listing 3762155: Message: Tried to run command without establishing a connection

2025-07-29 22:18:10,969 - ERROR - An error occurred while fetching listing 3765358: Message: Tried to run command without establishing a connection

2025-07-29 22:18:10,970 - ERROR - An error occurred while fetching listing 3732445: Message: Tried to run command without establishing a connection

2025-07-29 22:18:10,971 - ERROR - An error occurred while fetching listing 3760026: Message: Tried to run command without establishing a connection

2025-07-29 22:18:10,971 - ERROR - An error occurred while fetching listing 3757347: Message: Tried to run command without establishing a connection

2025-07-29 22:18:10,972 - ERROR - An error occurred while fetching listing 3743675: Message: Tried to run command without establishing a connection

2025-07-29 22:18:10,973 - ERROR - An error occurred while fetching listing 3744129: Message: Tried to run command without establishing a connection

2025-07-29 22:18:10,974 - ERROR - An error occurred while fetching listing 3741786: Message: Tried to run command without establishing a connection

2025-07-29 22:18:10,974 - ERROR - An error occurred while fetching listing 3746312: Message: Tried to run command without establishing a connection

2025-07-29 22:18:10,975 - ERROR - An error occurred while fetching listing 3739270: Message: Tried to run command without establishing a connection

2025-07-29 22:18:10,976 - ERROR - An error occurred while fetching listing 3760074: Message: Tried to run command without establishing a connection

2025-07-29 22:18:10,976 - ERROR - An error occurred while fetching listing 3729406: Message: Tried to run command without establishing a connection

2025-07-29 22:18:10,977 - ERROR - An error occurred while fetching listing 3758355: Message: Tried to run command without establishing a connection

2025-07-29 22:18:10,978 - ERROR - An error occurred while fetching listing 3733348: Message: Tried to run command without establishing a connection

2025-07-29 22:18:10,979 - ERROR - An error occurred while fetching listing 3761721: Message: Tried to run command without establishing a connection

2025-07-29 22:18:10,979 - ERROR - An error occurred while fetching listing 3766028: Message: Tried to run command without establishing a connection

2025-07-29 22:18:10,980 - ERROR - An error occurred while fetching listing 3767155: Message: Tried to run command without establishing a connection

2025-07-29 22:18:10,981 - ERROR - An error occurred while fetching listing 3764787: Message: Tried to run command without establishing a connection

2025-07-29 22:18:10,981 - ERROR - An error occurred while fetching listing 3726876: Message: Tried to run command without establishing a connection

2025-07-29 22:18:10,982 - ERROR - An error occurred while fetching listing 3741909: Message: Tried to run command without establishing a connection

2025-07-29 22:18:10,983 - ERROR - An error occurred while fetching listing 3763104: Message: Tried to run command without establishing a connection

2025-07-29 22:18:10,983 - ERROR - An error occurred while fetching listing 3756842: Message: Tried to run command without establishing a connection

2025-07-29 22:18:10,984 - ERROR - An error occurred while fetching listing 3745697: Message: Tried to run command without establishing a connection

2025-07-29 22:18:10,985 - ERROR - An error occurred while fetching listing 3760274: Message: Tried to run command without establishing a connection

2025-07-29 22:18:10,986 - ERROR - An error occurred while fetching listing 3755691: Message: Tried to run command without establishing a connection

2025-07-29 22:18:10,986 - ERROR - An error occurred while fetching listing 3762771: Message: Tried to run command without establishing a connection

2025-07-29 22:18:10,987 - ERROR - An error occurred while fetching listing 3751939: Message: Tried to run command without establishing a connection

2025-07-29 22:18:10,988 - ERROR - An error occurred while fetching listing 3757194: Message: Tried to run command without establishing a connection

2025-07-29 22:18:10,988 - ERROR - An error occurred while fetching listing 3737530: Message: Tried to run command without establishing a connection

2025-07-29 22:18:10,989 - ERROR - An error occurred while fetching listing 3724978: Message: Tried to run command without establishing a connection

2025-07-29 22:18:10,990 - ERROR - An error occurred while fetching listing 3737574: Message: Tried to run command without establishing a connection

2025-07-29 22:18:10,991 - ERROR - An error occurred while fetching listing 3742680: Message: Tried to run command without establishing a connection

2025-07-29 22:18:10,991 - ERROR - An error occurred while fetching listing 3752119: Message: Tried to run command without establishing a connection

2025-07-29 22:18:10,992 - ERROR - An error occurred while fetching listing 3767439: Message: Tried to run command without establishing a connection

2025-07-29 22:18:10,993 - ERROR - An error occurred while fetching listing 3758955: Message: Tried to run command without establishing a connection

2025-07-29 22:18:10,993 - ERROR - An error occurred while fetching listing 3746369: Message: Tried to run command without establishing a connection

2025-07-29 22:18:10,994 - ERROR - An error occurred while fetching listing 3750349: Message: Tried to run command without establishing a connection

2025-07-29 22:18:10,995 - ERROR - An error occurred while fetching listing 3766062: Message: Tried to run command without establishing a connection

2025-07-29 22:18:10,995 - ERROR - An error occurred while fetching listing 3732888: Message: Tried to run command without establishing a connection

2025-07-29 22:18:10,996 - ERROR - An error occurred while fetching listing 3760482: Message: Tried to run command without establishing a connection

2025-07-29 22:18:10,997 - ERROR - An error occurred while fetching listing 3743830: Message: Tried to run command without establishing a connection

2025-07-29 22:18:10,998 - ERROR - An error occurred while fetching listing 3743848: Message: Tried to run command without establishing a connection

2025-07-29 22:18:10,998 - ERROR - An error occurred while fetching listing 3743135: Message: Tried to run command without establishing a connection

2025-07-29 22:18:10,999 - ERROR - An error occurred while fetching listing 3750761: Message: Tried to run command without establishing a connection

2025-07-29 22:18:11,000 - ERROR - An error occurred while fetching listing 3760143: Message: Tried to run command without establishing a connection

2025-07-29 22:18:11,000 - ERROR - An error occurred while fetching listing 3754743: Message: Tried to run command without establishing a connection

2025-07-29 22:18:11,001 - ERROR - An error occurred while fetching listing 3749586: Message: Tried to run command without establishing a connection

2025-07-29 22:18:11,002 - ERROR - An error occurred while fetching listing 3742566: Message: Tried to run command without establishing a connection

2025-07-29 22:18:11,003 - ERROR - An error occurred while fetching listing 3753699: Message: Tried to run command without establishing a connection

2025-07-29 22:18:11,003 - ERROR - An error occurred while fetching listing 3765222: Message: Tried to run command without establishing a connection

2025-07-29 22:18:11,004 - ERROR - An error occurred while fetching listing 3747577: Message: Tried to run command without establishing a connection

2025-07-29 22:18:11,005 - ERROR - An error occurred while fetching listing 3760915: Message: Tried to run command without establishing a connection

2025-07-29 22:18:11,005 - ERROR - An error occurred while fetching listing 3724300: Message: Tried to run command without establishing a connection

2025-07-29 22:18:11,006 - ERROR - An error occurred while fetching listing 3668766: Message: Tried to run command without establishing a connection

2025-07-29 22:18:11,007 - ERROR - An error occurred while fetching listing 3751462: Message: Tried to run command without establishing a connection

2025-07-29 22:18:11,008 - ERROR - An error occurred while fetching listing 3762127: Message: Tried to run command without establishing a connection

2025-07-29 22:18:11,008 - ERROR - An error occurred while fetching listing 3739161: Message: Tried to run command without establishing a connection

2025-07-29 22:18:11,009 - ERROR - An error occurred while fetching listing 3758240: Message: Tried to run command without establishing a connection

2025-07-29 22:18:11,010 - ERROR - An error occurred while fetching listing 3764095: Message: Tried to run command without establishing a connection

2025-07-29 22:18:11,010 - ERROR - An error occurred while fetching listing 3747899: Message: Tried to run command without establishing a connection

2025-07-29 22:18:11,011 - ERROR - An error occurred while fetching listing 3746181: Message: Tried to run command without establishing a connection

2025-07-29 22:18:11,012 - ERROR - An error occurred while fetching listing 3743021: Message: Tried to run command without establishing a connection

2025-07-29 22:18:11,013 - ERROR - An error occurred while fetching listing 3745092: Message: Tried to run command without establishing a connection

2025-07-29 22:18:11,013 - ERROR - An error occurred while fetching listing 3752044: Message: Tried to run command without establishing a connection

2025-07-29 22:18:11,014 - ERROR - An error occurred while fetching listing 3766046: Message: Tried to run command without establishing a connection

2025-07-29 22:18:11,015 - ERROR - An error occurred while fetching listing 3724640: Message: Tried to run command without establishing a connection

2025-07-29 22:18:11,015 - ERROR - An error occurred while fetching listing 3766139: Message: Tried to run command without establishing a connection

2025-07-29 22:18:11,016 - ERROR - An error occurred while fetching listing 3732054: Message: Tried to run command without establishing a connection

2025-07-29 22:18:11,017 - ERROR - An error occurred while fetching listing 3760261: Message: Tried to run command without establishing a connection

2025-07-29 22:18:11,018 - ERROR - An error occurred while fetching listing 3742610: Message: Tried to run command without establishing a connection

2025-07-29 22:18:11,018 - ERROR - An error occurred while fetching listing 3757958: Message: Tried to run command without establishing a connection

2025-07-29 22:18:11,019 - ERROR - An error occurred while fetching listing 3759608: Message: Tried to run command without establishing a connection

2025-07-29 22:18:11,020 - ERROR - An error occurred while fetching listing 3763180: Message: Tried to run command without establishing a connection

2025-07-29 22:18:11,020 - ERROR - An error occurred while fetching listing 3731517: Message: Tried to run command without establishing a connection

2025-07-29 22:18:11,021 - INFO - Finished scraping 4762 listings.
2025-07-29 22:18:11,021 - INFO - Scrape was finished, yielding 4762 new listings. Taking 0:00:03.629335

2025-07-30 22:08:11,714 - ERROR - An error occurred while fetching listing 3760997: insert_data() missing 1 required positional argument: 'dictionary'
2025-07-30 22:09:09,790 - ERROR - An error occurred while fetching listing 3760997: 'building_type_enum'
2025-07-30 22:10:26,391 - ERROR - An error occurred while fetching listing 3760997: 'pind'
2025-07-30 22:10:55,550 - ERROR - An error occurred while fetching listing 3760997: 'pind'
2025-07-30 22:11:18,125 - ERROR - An error occurred while fetching listing 3760997: 'hoone materjal'
2025-07-30 22:15:02,926 - ERROR - An error occurred while fetching listing 3760997: tuple index out of range
2025-07-30 22:44:41,913 - ERROR - An error occurred while fetching listing 3765615: duplicate key value violates unique constraint "listings_listing_id_key"
DETAIL:  Key (listing_id)=(3765615) already exists.

2025-07-30 22:46:25,641 - ERROR - An error occurred while fetching listing 3760997: 'NoneType' object has no attribute 'group'
2025-07-30 22:48:09,034 - ERROR - An error occurred while fetching listing 3760997: 'NoneType' object has no attribute 'group'
2025-07-30 22:49:03,918 - ERROR - An error occurred while fetching listing 3760997: 'NoneType' object has no attribute 'group'
2025-07-30 22:49:45,580 - ERROR - An error occurred while fetching listing 3760997: 'NoneType' object has no attribute 'group'
2025-07-30 22:53:12,371 - INFO - jahhuu
2025-07-30 23:01:26,501 - INFO - working on listing(0/1): 3765928
2025-07-30 23:01:27,875 - ERROR - An error occurred while fetching listing 3765928: unsupported operand type(s) for &: 'str' and 'int'
2025-07-30 23:02:10,513 - INFO - working on listing(0/1): 3765928
2025-07-30 23:02:11,518 - ERROR - An error occurred while fetching listing 3765928: unsupported operand type(s) for &: 'str' and 'int'
2025-07-30 23:03:34,345 - INFO - working on listing(0/1): 3765928
2025-07-30 23:04:39,395 - INFO - working on listing(0/1): 3765928
2025-07-30 23:05:51,833 - INFO - working on listing(0/1): 3765928
2025-07-30 23:11:35,294 - INFO - working on listing(0/1): 3768845
2025-07-30 23:15:23,510 - INFO - working on listing(0/1): 3768845
2025-07-30 23:16:04,344 - INFO - working on listing(0/1): 3745666
